User_Id;rated_companies;suggested_companies
5;['Employerland'];"['RAI' 'Microsoft' 'Aeroporti di Roma' 'EVERIS'
 ""Victoria's secret - Percassi ""]"
8;['Employerland'];"['Employerland Demo' 'Unilever' 'Johnson & Johnson' 'Philip Morris Italia'
 'Roche UK']"
10;['Employerland'];"['Roche UK' ""Victoria's secret - Percassi "" 'EVERIS'
 'Antica Focacceria San Francesco' 'Dmail-Percassi']"
12;['Employerland'];"['Roche UK' ""Victoria's secret - Percassi "" 'EVERIS'
 'Antica Focacceria San Francesco' 'Dmail-Percassi']"
13;['Bosch' 'Employerland' 'Bricoman Italia' 'RAI' 'Aeroporti di Roma'];"['Roche UK' ""Victoria's secret - Percassi "" 'EVERIS'
 'Antica Focacceria San Francesco' 'Dmail-Percassi']"
16;['Employerland'];"['Roche UK' ""Victoria's secret - Percassi "" 'EVERIS'
 'Antica Focacceria San Francesco' 'Dmail-Percassi']"
17;['Employerland'];"['Roche UK' ""Victoria's secret - Percassi "" 'EVERIS'
 'Antica Focacceria San Francesco' 'Dmail-Percassi']"
19;['Unilever' 'Employerland'];"['Roche UK' 'EVERIS' ""Victoria's secret - Percassi "" 'Dmail-Percassi'
 'Antica Focacceria San Francesco']"
20;"['Johnson & Johnson' 'Employerland Demo' 'Unilever' 'EY' 'Elica'
 'Lottomatica' 'Employerland' 'Bosch' 'RAI' 'Roche' 'Aeroporti di Roma']";"['Roche UK' ""Victoria's secret - Percassi "" 'EVERIS'
 'Antica Focacceria San Francesco' 'Dmail-Percassi']"
22;['Employerland'];"['Roche UK' ""Victoria's secret - Percassi "" 'EVERIS'
 'Antica Focacceria San Francesco' 'Dmail-Percassi']"
24;['Employerland'];"['Roche UK' ""Victoria's secret - Percassi "" 'EVERIS'
 'Antica Focacceria San Francesco' 'Dmail-Percassi']"
25;['Employerland'];"['Roche UK' ""Victoria's secret - Percassi "" 'EVERIS'
 'Antica Focacceria San Francesco' 'Dmail-Percassi']"
26;['Employerland'];"['Roche UK' ""Victoria's secret - Percassi "" 'EVERIS'
 'Antica Focacceria San Francesco' 'Dmail-Percassi']"
28;['Employerland'];"[""Victoria's secret - Percassi "" 'Roche UK' 'EVERIS' 'Gi Group'
 'Antica Focacceria San Francesco']"
29;['Employerland'];"['Roche UK' ""Victoria's secret - Percassi "" 'EVERIS'
 'Antica Focacceria San Francesco' 'Dmail-Percassi']"
32;['Employerland'];"['Roche UK' ""Victoria's secret - Percassi "" 'EVERIS'
 'Antica Focacceria San Francesco' 'Dmail-Percassi']"
36;['Employerland'];"['Roche UK' 'EVERIS' ""Victoria's secret - Percassi "" 'Dmail-Percassi'
 'Antica Focacceria San Francesco']"
37;['Employerland'];"['Roche UK' ""Victoria's secret - Percassi "" 'EVERIS'
 'Antica Focacceria San Francesco' 'Dmail-Percassi']"
42;['Employerland'];"['Roche UK' ""Victoria's secret - Percassi "" 'EVERIS'
 'Antica Focacceria San Francesco' 'Dmail-Percassi']"
47;['Employerland'];"['Roche UK' ""Victoria's secret - Percassi "" 'EVERIS'
 'Antica Focacceria San Francesco' 'Dmail-Percassi']"
52;['Employerland'];['Bricoman Italia' 'Leroy Merlin' 'Employerland Demo' 'RAI' 'EVERIS']
54;['Employerland'];"['Roche UK' ""Victoria's secret - Percassi "" 'EVERIS'
 'Antica Focacceria San Francesco' 'Dmail-Percassi']"
58;['Employerland'];"['Roche UK' ""Victoria's secret - Percassi "" 'EVERIS'
 'Antica Focacceria San Francesco' 'Dmail-Percassi']"
61;['Employerland'];"['Johnson & Johnson' 'Tech Data' 'Datalogic' 'Unilever'
 'Employerland Demo']"
63;['Employerland'];['Luxottica' 'Rinascente' 'MAG HOTELS' 'Gi Group Horeca' 'EVERIS']
66;['Employerland'];"['Roche UK' ""Victoria's secret - Percassi "" 'EVERIS'
 'Antica Focacceria San Francesco' 'Dmail-Percassi']"
68;['Employerland'];"['Roche UK' ""Victoria's secret - Percassi "" 'EVERIS'
 'Antica Focacceria San Francesco' 'Dmail-Percassi']"
71;['Johnson & Johnson'];"['Roche UK' ""Victoria's secret - Percassi "" 'EVERIS'
 'Antica Focacceria San Francesco' 'Dmail-Percassi']"
74;['Employerland'];"['Roche UK' 'EVERIS' ""Victoria's secret - Percassi "" 'Dmail-Percassi'
 'Antica Focacceria San Francesco']"
76;['Employerland'];"['Roche UK' ""Victoria's secret - Percassi "" 'EVERIS'
 'Antica Focacceria San Francesco' 'Dmail-Percassi']"
77;['Employerland'];"['Roche UK' ""Victoria's secret - Percassi "" 'EVERIS'
 'Antica Focacceria San Francesco' 'Dmail-Percassi']"
85;['Employerland'];"['Roche UK' ""Victoria's secret - Percassi "" 'EVERIS'
 'Antica Focacceria San Francesco' 'Dmail-Percassi']"
87;['Employerland' 'Johnson & Johnson' 'Leroy Merlin'];"['Roche UK' ""Victoria's secret - Percassi "" 'EVERIS'
 'Antica Focacceria San Francesco' 'Dmail-Percassi']"
90;"['RAI' 'Leroy Merlin' 'Unilever' 'Bricoman Italia' 'Employerland' 'Bosch'
 'Employerland Demo']";"['Roche UK' ""Victoria's secret - Percassi "" 'EVERIS'
 'Antica Focacceria San Francesco' 'Dmail-Percassi']"
105;['Employerland'];['Università Europea di Roma' 'EY' 'Calzedonia' 'Bosch' 'Cellularline']
108;['Employerland'];"['Roche UK' ""Victoria's secret - Percassi "" 'EVERIS'
 'Antica Focacceria San Francesco' 'Dmail-Percassi']"
113;['Employerland'];"['Roche UK' ""Victoria's secret - Percassi "" 'EVERIS'
 'Antica Focacceria San Francesco' 'Dmail-Percassi']"
119;['Employerland'];"['Roche UK' ""Victoria's secret - Percassi "" 'EVERIS'
 'Antica Focacceria San Francesco' 'Dmail-Percassi']"
121;['Employerland'];"['EVERIS' 'Roche UK' 'Dmail-Percassi' 'Luxottica'
 'Antica Focacceria San Francesco']"
122;['Employerland'];"['Roche UK' ""Victoria's secret - Percassi "" 'EVERIS'
 'Antica Focacceria San Francesco' 'Dmail-Percassi']"
124;['Employerland'];"['Roche UK' ""Victoria's secret - Percassi "" 'EVERIS'
 'Antica Focacceria San Francesco' 'Dmail-Percassi']"
128;['Employerland'];"['Roche UK' ""Victoria's secret - Percassi "" 'EVERIS'
 'Antica Focacceria San Francesco' 'Dmail-Percassi']"
129;['Employerland'];"['Roche UK' ""Victoria's secret - Percassi "" 'EVERIS'
 'Antica Focacceria San Francesco' 'Dmail-Percassi']"
132;['Employerland'];"['Roche UK' ""Victoria's secret - Percassi "" 'EVERIS'
 'Antica Focacceria San Francesco' 'Dmail-Percassi']"
133;['Employerland'];"['Roche UK' ""Victoria's secret - Percassi "" 'EVERIS'
 'Antica Focacceria San Francesco' 'Dmail-Percassi']"
134;['Employerland'];"['EVERIS' 'Roche UK' 'Luxottica' 'Dmail-Percassi'
 'Antica Focacceria San Francesco']"
136;['Employerland'];"['Roche UK' ""Victoria's secret - Percassi "" 'EVERIS'
 'Antica Focacceria San Francesco' 'Dmail-Percassi']"
137;['Employerland'];"['Calzedonia' 'Rinascente' 'Luxottica' 'Eurobet Italia'
 'Philip Morris Italia']"
143;['LUXOTTICA BRAZIL LTDA'];"['Employerland' 'Roche UK' 'EVERIS' ""Victoria's secret - Percassi ""
 'Dmail-Percassi']"
145;['Employerland'];['RAI' 'Microsoft' 'Aeroporti di Roma' 'Leroy Merlin' 'Elica']
148;['Employerland'];"['Roche UK' 'EVERIS' ""Victoria's secret - Percassi "" 'Dmail-Percassi'
 'Antica Focacceria San Francesco']"
150;['Leroy Merlin' 'Bosch' 'Employerland' 'Employerland Demo'];"['Roche UK' ""Victoria's secret - Percassi "" 'EVERIS'
 'Antica Focacceria San Francesco' 'Dmail-Percassi']"
151;['Employerland'];"['Employerland Demo' 'Unilever' 'Johnson & Johnson' 'Philip Morris Italia'
 'Bricoman Italia']"
154;['Employerland'];"['Roche UK' ""Victoria's secret - Percassi "" 'EVERIS'
 'Antica Focacceria San Francesco' 'Dmail-Percassi']"
155;['Employerland'];"['Roche UK' ""Victoria's secret - Percassi "" 'EVERIS'
 'Antica Focacceria San Francesco' 'Dmail-Percassi']"
156;['Employerland'];"['Calzedonia' 'Rinascente' 'Luxottica' 'Eurobet Italia'
 'Philip Morris Italia']"
161;['Employerland'];"['Roche UK' ""Victoria's secret - Percassi "" 'EVERIS'
 'Antica Focacceria San Francesco' 'Dmail-Percassi']"
164;['Employerland'];"['Roche UK' ""Victoria's secret - Percassi "" 'EVERIS'
 'Antica Focacceria San Francesco' 'Dmail-Percassi']"
166;['Employerland'];"['Roche UK' 'EVERIS' ""Victoria's secret - Percassi "" 'Dmail-Percassi'
 'Antica Focacceria San Francesco']"
169;['Employerland'];['Bosch' 'Johnson & Johnson' 'Bricoman Italia' 'Dmail-Percassi' 'EVERIS']
177;"['Johnson & Johnson' 'Unilever' 'EY' 'Lottomatica' 'LUXOTTICA BRAZIL LTDA'
 'Employerland Demo' 'Whirlpool' 'Tech Data' 'Elica' 'Datalogic'
 'Employerland' 'Bricoman Italia' 'Roche' 'Leroy Merlin']";"['Roche UK' ""Victoria's secret - Percassi "" 'EVERIS'
 'Antica Focacceria San Francesco' 'Dmail-Percassi']"
179;"['Unilever' 'Bosch' 'Roche' 'Leroy Merlin' 'Johnson & Johnson'
 'Employerland Demo' 'LUXOTTICA BRAZIL LTDA' 'Microsoft' 'EY' 'RAI'
 'Employerland' 'Roche UK' 'Aeroporti di Roma']";"['EVERIS' ""Victoria's secret - Percassi "" 'Dmail-Percassi'
 'Antica Focacceria San Francesco' 'Gi Group']"
181;['Employerland'];"['Employerland Demo' 'Unilever' 'Johnson & Johnson' 'Bricoman Italia'
 'Leroy Merlin']"
182;['Employerland'];"['Roche UK' ""Victoria's secret - Percassi "" 'EVERIS'
 'Antica Focacceria San Francesco' 'Dmail-Percassi']"
184;['Employerland'];"['EVERIS' 'Roche UK' 'Luxottica' 'Dmail-Percassi'
 'Antica Focacceria San Francesco']"
190;['Employerland'];"['RAI' 'Microsoft' 'Aeroporti di Roma' 'EVERIS'
 ""Victoria's secret - Percassi ""]"
202;['Unilever'];['Leroy Merlin' 'RAI' 'Microsoft' 'Aeroporti di Roma' 'Bricoman Italia']
206;['Employerland'];"['Roche UK' ""Victoria's secret - Percassi "" 'EVERIS'
 'Antica Focacceria San Francesco' 'Dmail-Percassi']"
213;['Employerland'];"['Roche UK' ""Victoria's secret - Percassi "" 'EVERIS'
 'Antica Focacceria San Francesco' 'Dmail-Percassi']"
220;['Employerland'];"['Roche UK' ""Victoria's secret - Percassi "" 'EVERIS'
 'Antica Focacceria San Francesco' 'Dmail-Percassi']"
221;['Employerland'];"['Roche UK' ""Victoria's secret - Percassi "" 'EVERIS'
 'Antica Focacceria San Francesco' 'Dmail-Percassi']"
222;['Employerland'];"['LUXOTTICA BRAZIL LTDA' 'Roche UK' ""Victoria's secret - Percassi ""
 'EVERIS' 'Antica Focacceria San Francesco']"
223;['Employerland'];"['Roche UK' ""Victoria's secret - Percassi "" 'EVERIS'
 'Antica Focacceria San Francesco' 'Dmail-Percassi']"
230;['Employerland'];"['Roche UK' ""Victoria's secret - Percassi "" 'EVERIS'
 'Antica Focacceria San Francesco' 'Dmail-Percassi']"
231;['Elica' 'Bosch' 'Employerland' 'Employerland Demo' 'Leroy Merlin'];"['Roche UK' ""Victoria's secret - Percassi "" 'EVERIS'
 'Antica Focacceria San Francesco' 'Dmail-Percassi']"
234;['Employerland'];"['Roche UK' ""Victoria's secret - Percassi "" 'EVERIS'
 'Antica Focacceria San Francesco' 'Dmail-Percassi']"
235;['Employerland'];['Luxottica' 'Rinascente' 'EVERIS' 'MAG HOTELS' 'Dmail-Percassi']
238;['Employerland'];"['Roche UK' ""Victoria's secret - Percassi "" 'EVERIS'
 'Antica Focacceria San Francesco' 'Dmail-Percassi']"
240;['Employerland'];"['Roche UK' ""Victoria's secret - Percassi "" 'EVERIS'
 'Antica Focacceria San Francesco' 'Dmail-Percassi']"
243;['Employerland'];"['Johnson & Johnson' 'Roche UK' ""Victoria's secret - Percassi "" 'EVERIS'
 'Antica Focacceria San Francesco']"
244;['Employerland'];"['Roche UK' ""Victoria's secret - Percassi "" 'EVERIS'
 'Antica Focacceria San Francesco' 'Dmail-Percassi']"
245;['Employerland'];"['Roche UK' ""Victoria's secret - Percassi "" 'EVERIS'
 'Antica Focacceria San Francesco' 'Dmail-Percassi']"
250;['Employerland'];"['Roche UK' ""Victoria's secret - Percassi "" 'EVERIS'
 'Antica Focacceria San Francesco' 'Dmail-Percassi']"
259;['Employerland'];"['Roche UK' ""Victoria's secret - Percassi "" 'EVERIS'
 'Antica Focacceria San Francesco' 'Dmail-Percassi']"
267;['Employerland'];"['Roche UK' ""Victoria's secret - Percassi "" 'EVERIS'
 'Antica Focacceria San Francesco' 'Dmail-Percassi']"
273;['Employerland'];"['Roche UK' ""Victoria's secret - Percassi "" 'EVERIS'
 'Antica Focacceria San Francesco' 'Dmail-Percassi']"
275;['Employerland'];"['Roche UK' ""Victoria's secret - Percassi "" 'EVERIS'
 'Antica Focacceria San Francesco' 'Dmail-Percassi']"
276;['Employerland'];"['Roche UK' ""Victoria's secret - Percassi "" 'EVERIS'
 'Antica Focacceria San Francesco' 'Dmail-Percassi']"
280;['Employerland'];"['Roche UK' ""Victoria's secret - Percassi "" 'EVERIS'
 'Antica Focacceria San Francesco' 'Dmail-Percassi']"
285;['Employerland'];"['Roche UK' ""Victoria's secret - Percassi "" 'EVERIS'
 'Antica Focacceria San Francesco' 'Dmail-Percassi']"
286;['Employerland'];"['Roche UK' 'EVERIS' ""Victoria's secret - Percassi "" 'Dmail-Percassi'
 'Antica Focacceria San Francesco']"
298;['Employerland'];['Luxottica' 'Rinascente' 'EVERIS' 'MAG HOTELS' 'Dmail-Percassi']
304;['Employerland'];"['Roche UK' ""Victoria's secret - Percassi "" 'EVERIS'
 'Antica Focacceria San Francesco' 'Dmail-Percassi']"
308;['Employerland'];"['Roche UK' ""Victoria's secret - Percassi "" 'EVERIS'
 'Antica Focacceria San Francesco' 'Dmail-Percassi']"
311;['Employerland'];"['Roche UK' ""Victoria's secret - Percassi "" 'EVERIS'
 'Antica Focacceria San Francesco' 'Dmail-Percassi']"
315;['Employerland'];"['Roche UK' ""Victoria's secret - Percassi "" 'EVERIS'
 'Antica Focacceria San Francesco' 'Dmail-Percassi']"
326;['Employerland'];['Luxottica' 'Rinascente' 'EVERIS' 'MAG HOTELS' 'Dmail-Percassi']
327;['Employerland'];['Luxottica' 'Rinascente' 'EVERIS' 'MAG HOTELS' 'Dmail-Percassi']
328;['Employerland'];"['Roche UK' ""Victoria's secret - Percassi "" 'EVERIS'
 'Antica Focacceria San Francesco' 'Dmail-Percassi']"
331;['Unilever' 'Bosch' 'Employerland' 'Johnson & Johnson'];"['Roche UK' 'EVERIS' ""Victoria's secret - Percassi ""
 'Antica Focacceria San Francesco' 'Dmail-Percassi']"
332;['Employerland'];"['Roche UK' ""Victoria's secret - Percassi "" 'EVERIS'
 'Antica Focacceria San Francesco' 'Dmail-Percassi']"
334;['Employerland'];"['Roche UK' ""Victoria's secret - Percassi "" 'EVERIS'
 'Antica Focacceria San Francesco' 'Dmail-Percassi']"
339;['Employerland'];"['Roche UK' ""Victoria's secret - Percassi "" 'EVERIS'
 'Antica Focacceria San Francesco' 'Dmail-Percassi']"
341;['Employerland'];"['Roche UK' ""Victoria's secret - Percassi "" 'EVERIS'
 'Antica Focacceria San Francesco' 'Dmail-Percassi']"
342;['Università Europea di Roma' 'EY' 'Employerland'];"['Roche UK' 'EVERIS' ""Victoria's secret - Percassi "" 'Dmail-Percassi'
 'Antica Focacceria San Francesco']"
344;['Employerland'];"['Roche UK' ""Victoria's secret - Percassi "" 'EVERIS'
 'Antica Focacceria San Francesco' 'Dmail-Percassi']"
345;['Employerland'];"['Roche UK' ""Victoria's secret - Percassi "" 'EVERIS'
 'Antica Focacceria San Francesco' 'Dmail-Percassi']"
349;['Employerland'];"['Roche UK' ""Victoria's secret - Percassi "" 'EVERIS'
 'Antica Focacceria San Francesco' 'Dmail-Percassi']"
350;['Roche' 'Chiesi Group'];"['Roche UK' ""Victoria's secret - Percassi "" 'EVERIS'
 'Antica Focacceria San Francesco' 'Dmail-Percassi']"
351;['Employerland'];"['Roche UK' ""Victoria's secret - Percassi "" 'EVERIS'
 'Antica Focacceria San Francesco' 'Dmail-Percassi']"
355;['Employerland'];"['Roche UK' ""Victoria's secret - Percassi "" 'EVERIS'
 'Antica Focacceria San Francesco' 'Dmail-Percassi']"
356;['Employerland'];"['Roche UK' ""Victoria's secret - Percassi "" 'EVERIS'
 'Antica Focacceria San Francesco' 'Dmail-Percassi']"
358;['Employerland'];"['Roche UK' ""Victoria's secret - Percassi "" 'EVERIS'
 'Antica Focacceria San Francesco' 'Dmail-Percassi']"
360;['Employerland'];"['Roche UK' ""Victoria's secret - Percassi "" 'EVERIS'
 'Antica Focacceria San Francesco' 'Dmail-Percassi']"
361;['Employerland'];"['Bricoman Italia' 'Employerland Demo' 'Leroy Merlin' 'Unilever'
 'Microsoft']"
362;['Johnson & Johnson' 'Employerland'];"['Roche UK' 'EVERIS' ""Victoria's secret - Percassi "" 'Dmail-Percassi'
 'Antica Focacceria San Francesco']"
363;['Employerland'];"['Roche UK' 'Antica Focacceria San Francesco' 'Lego-Percassi' 'EVERIS'
 ""Victoria's secret - Percassi ""]"
365;['Employerland'];"['Calzedonia' 'Eurobet Italia' 'Rinascente' 'Luxottica'
 'Philip Morris Italia']"
367;['Employerland'];['Luxottica' 'Rinascente' 'MAG HOTELS' 'Gi Group Horeca' 'EVERIS']
368;['Employerland'];"['Roche UK' ""Victoria's secret - Percassi "" 'EVERIS'
 'Antica Focacceria San Francesco' 'Dmail-Percassi']"
369;['Johnson & Johnson' 'Employerland'];['Luxottica' 'Rinascente' 'EVERIS' 'MAG HOTELS' 'Dmail-Percassi']
371;['Employerland'];"['Roche UK' ""Victoria's secret - Percassi "" 'EVERIS'
 'Antica Focacceria San Francesco' 'Dmail-Percassi']"
372;['Employerland'];"['Roche UK' ""Victoria's secret - Percassi "" 'EVERIS'
 'Antica Focacceria San Francesco' 'Dmail-Percassi']"
374;['Employerland'];"['Roche UK' ""Victoria's secret - Percassi "" 'EVERIS'
 'Antica Focacceria San Francesco' 'Dmail-Percassi']"
376;['Employerland'];"['Roche UK' ""Victoria's secret - Percassi "" 'EVERIS'
 'Antica Focacceria San Francesco' 'Dmail-Percassi']"
381;['Employerland'];"['Roche UK' ""Victoria's secret - Percassi "" 'EVERIS'
 'Antica Focacceria San Francesco' 'Dmail-Percassi']"
383;['Employerland'];"['Roche UK' ""Victoria's secret - Percassi "" 'EVERIS'
 'Antica Focacceria San Francesco' 'Dmail-Percassi']"
384;['Employerland'];['Luxottica' 'Rinascente' 'MAG HOTELS' 'Calzedonia' 'Gi Group Horeca']
389;['Employerland'];"['Unilever' 'Employerland Demo' 'Calzedonia' 'Philip Morris Italia'
 'Eurobet Italia']"
390;['Employerland'];"['Employerland Demo' 'Calzedonia' 'Eurobet Italia' 'Rinascente'
 'Luxottica']"
392;['Employerland'];"['Roche UK' ""Victoria's secret - Percassi "" 'EVERIS'
 'Antica Focacceria San Francesco' 'Dmail-Percassi']"
393;['Employerland'];"['Calzedonia' 'Rinascente' 'Luxottica' 'Eurobet Italia'
 'Philip Morris Italia']"
395;['Employerland'];['Johnson & Johnson' 'Unilever' 'Bosch' 'Microsoft' 'RAI']
396;['Employerland'];['Luxottica' 'Rinascente' 'MAG HOTELS' 'Gi Group Horeca' 'EVERIS']
398;['Employerland'];"['Calzedonia' 'Rinascente' 'Eurobet Italia' 'Luxottica'
 'Philip Morris Italia']"
402;['Employerland'];"['Roche UK' ""Victoria's secret - Percassi "" 'EVERIS'
 'Antica Focacceria San Francesco' 'Dmail-Percassi']"
403;['Employerland'];['Rinascente' 'Luxottica' 'Calzedonia' 'Eurobet Italia' 'MAG HOTELS']
406;['Employerland'];"['Employerland Demo' 'Unilever' 'Johnson & Johnson' 'Bricoman Italia'
 'Leroy Merlin']"
407;['Employerland'];"['Roche UK' ""Victoria's secret - Percassi "" 'EVERIS'
 'Antica Focacceria San Francesco' 'Dmail-Percassi']"
411;['Employerland'];['Leroy Merlin' 'Bricoman Italia' 'Employerland Demo' 'RAI' 'Decathlon']
413;['Employerland'];"['Roche UK' ""Victoria's secret - Percassi "" 'EVERIS'
 'Antica Focacceria San Francesco' 'Dmail-Percassi']"
419;['Employerland'];"['EVERIS' 'Roche UK' 'Luxottica' 'Dmail-Percassi'
 'Antica Focacceria San Francesco']"
423;['Employerland'];['Luxottica' 'Rinascente' 'EVERIS' 'MAG HOTELS' 'Dmail-Percassi']
424;['Employerland'];['Tech Data' 'Whirlpool' 'Employerland Demo' 'EY' 'Datalogic']
433;['RAI' 'Employerland'];"['Roche UK' ""Victoria's secret - Percassi "" 'EVERIS'
 'Antica Focacceria San Francesco' 'Dmail-Percassi']"
435;['Employerland'];"['Roche UK' ""Victoria's secret - Percassi "" 'EVERIS'
 'Antica Focacceria San Francesco' 'Dmail-Percassi']"
439;['Employerland'];['Luxottica' 'Rinascente' 'EVERIS' 'MAG HOTELS' 'Dmail-Percassi']
443;['Employerland'];"['Roche UK' ""Victoria's secret - Percassi "" 'EVERIS'
 'Antica Focacceria San Francesco' 'Dmail-Percassi']"
444;['Employerland'];"['Roche UK' ""Victoria's secret - Percassi "" 'EVERIS'
 'Antica Focacceria San Francesco' 'Dmail-Percassi']"
447;['Employerland'];"['Roche UK' ""Victoria's secret - Percassi "" 'EVERIS'
 'Antica Focacceria San Francesco' 'Dmail-Percassi']"
453;['Unilever' 'Bosch' 'Employerland Demo' 'Employerland'];"['Roche UK' ""Victoria's secret - Percassi "" 'EVERIS'
 'Antica Focacceria San Francesco' 'Dmail-Percassi']"
455;['Employerland'];"['Roche UK' ""Victoria's secret - Percassi "" 'EVERIS'
 'Antica Focacceria San Francesco' 'Dmail-Percassi']"
462;['Employerland'];"['Roche UK' ""Victoria's secret - Percassi "" 'EVERIS'
 'Antica Focacceria San Francesco' 'Dmail-Percassi']"
463;['Employerland'];"['Calzedonia' 'Rinascente' 'Eurobet Italia' 'Luxottica'
 'Philip Morris Italia']"
466;['Employerland'];"['Roche UK' ""Victoria's secret - Percassi "" 'EVERIS'
 'Antica Focacceria San Francesco' 'Dmail-Percassi']"
467;['Employerland'];"['Roche UK' ""Victoria's secret - Percassi "" 'EVERIS'
 'Antica Focacceria San Francesco' 'Dmail-Percassi']"
469;['LUXOTTICA BRAZIL LTDA' 'Johnson & Johnson'];"['Roche UK' ""Victoria's secret - Percassi "" 'EVERIS'
 'Antica Focacceria San Francesco' 'Dmail-Percassi']"
474;"['Unilever' 'Employerland Demo' 'Università Europea di Roma' 'EY'
 'Employerland']";"['Roche UK' ""Victoria's secret - Percassi "" 'EVERIS'
 'Antica Focacceria San Francesco' 'Dmail-Percassi']"
481;['Employerland'];"['Roche UK' 'EVERIS' ""Victoria's secret - Percassi "" 'Dmail-Percassi'
 'Antica Focacceria San Francesco']"
488;['Employerland'];"['Roche UK' ""Victoria's secret - Percassi "" 'EVERIS'
 'Antica Focacceria San Francesco' 'Dmail-Percassi']"
489;['Employerland'];"['Roche UK' ""Victoria's secret - Percassi "" 'EVERIS'
 'Antica Focacceria San Francesco' 'Dmail-Percassi']"
490;['Employerland'];"['Roche UK' ""Victoria's secret - Percassi "" 'EVERIS'
 'Antica Focacceria San Francesco' 'Dmail-Percassi']"
494;"['Johnson & Johnson' 'Unilever' 'Leroy Merlin' 'Bricoman Italia'
 'Employerland Demo' 'Bosch']";"['Roche UK' ""Victoria's secret - Percassi "" 'EVERIS'
 'Antica Focacceria San Francesco' 'Dmail-Percassi']"
497;['Employerland'];"['Roche UK' ""Victoria's secret - Percassi "" 'EVERIS'
 'Antica Focacceria San Francesco' 'Dmail-Percassi']"
499;['Employerland'];"['Roche UK' ""Victoria's secret - Percassi "" 'EVERIS'
 'Antica Focacceria San Francesco' 'Dmail-Percassi']"
507;['Employerland'];"['Roche UK' ""Victoria's secret - Percassi "" 'EVERIS'
 'Antica Focacceria San Francesco' 'Dmail-Percassi']"
521;['Employerland'];"['Roche UK' ""Victoria's secret - Percassi "" 'EVERIS'
 'Antica Focacceria San Francesco' 'Dmail-Percassi']"
529;['Employerland'];"['Roche UK' ""Victoria's secret - Percassi "" 'EVERIS'
 'Antica Focacceria San Francesco' 'Dmail-Percassi']"
531;['Bosch' 'Johnson & Johnson' 'Employerland'];"['Roche UK' 'EVERIS' ""Victoria's secret - Percassi "" 'Dmail-Percassi'
 'Antica Focacceria San Francesco']"
532;['Employerland'];"['Roche UK' ""Victoria's secret - Percassi "" 'EVERIS'
 'Antica Focacceria San Francesco' 'Dmail-Percassi']"
533;['Employerland'];"['Roche UK' ""Victoria's secret - Percassi "" 'EVERIS'
 'Antica Focacceria San Francesco' 'Dmail-Percassi']"
539;"['Bosch' 'Johnson & Johnson' 'Employerland' 'Bricoman Italia'
 'LUXOTTICA BRAZIL LTDA' 'Employerland Demo']";"['Roche UK' ""Victoria's secret - Percassi "" 'EVERIS'
 'Antica Focacceria San Francesco' 'Dmail-Percassi']"
544;['Employerland'];"['Roche UK' ""Victoria's secret - Percassi "" 'EVERIS'
 'Antica Focacceria San Francesco' 'Dmail-Percassi']"
547;['Unilever' 'Employerland Demo' 'Johnson & Johnson' 'Roche' 'Employerland'];['Luxottica' 'Rinascente' 'EVERIS' 'MAG HOTELS' 'Dmail-Percassi']
562;['Employerland'];"['Roche UK' ""Victoria's secret - Percassi "" 'EVERIS'
 'Antica Focacceria San Francesco' 'Dmail-Percassi']"
567;['Employerland'];"['Roche UK' ""Victoria's secret - Percassi "" 'EVERIS'
 'Antica Focacceria San Francesco' 'Dmail-Percassi']"
568;['Employerland'];"['Roche UK' ""Victoria's secret - Percassi "" 'EVERIS'
 'Antica Focacceria San Francesco' 'Dmail-Percassi']"
570;['Employerland' 'LUXOTTICA BRAZIL LTDA'];"['Roche UK' ""Victoria's secret - Percassi "" 'EVERIS'
 'Antica Focacceria San Francesco' 'Dmail-Percassi']"
574;['Employerland'];"['Roche UK' ""Victoria's secret - Percassi "" 'EVERIS'
 'Antica Focacceria San Francesco' 'Dmail-Percassi']"
595;['Employerland'];"['Roche UK' ""Victoria's secret - Percassi "" 'EVERIS'
 'Antica Focacceria San Francesco' 'Dmail-Percassi']"
601;"['Bosch' 'Unilever' 'Employerland Demo' 'Johnson & Johnson' 'RAI'
 'Employerland' 'Elica' 'Microsoft' 'Bricoman Italia' 'Leroy Merlin'
 'Lottomatica' 'Università Europea di Roma' 'Wind Tre' 'EY' 'Deloitte']";"['Roche UK' ""Victoria's secret - Percassi "" 'EVERIS'
 'Antica Focacceria San Francesco' 'Dmail-Percassi']"
603;['Employerland'];"['EVERIS' 'Roche UK' 'Luxottica' 'Dmail-Percassi'
 'Antica Focacceria San Francesco']"
605;['Employerland'];"['Roche UK' ""Victoria's secret - Percassi "" 'EVERIS'
 'Antica Focacceria San Francesco' 'Dmail-Percassi']"
627;['Employerland'];"['LUXOTTICA BRAZIL LTDA' ""Victoria's secret - Percassi "" 'Roche UK'
 'Gi Group' 'EVERIS']"
639;['Employerland'];['Università Europea di Roma' 'EY' 'Tech Data' 'Roche UK' 'FRONERI']
643;['Employerland'];"['Roche UK' ""Victoria's secret - Percassi "" 'EVERIS'
 'Antica Focacceria San Francesco' 'Dmail-Percassi']"
662;['Employerland'];"['LUXOTTICA BRAZIL LTDA' ""Victoria's secret - Percassi "" 'Roche UK'
 'EVERIS' 'Antica Focacceria San Francesco']"
663;['Employerland'];"['LUXOTTICA BRAZIL LTDA' ""Victoria's secret - Percassi "" 'MOOD HOTELS'
 'SMOOTH HOTELS' 'Roche UK']"
671;['Employerland'];['Luxottica' 'Rinascente' 'MAG HOTELS' 'Calzedonia' 'Gi Group Horeca']
672;['Employerland' 'LUXOTTICA BRAZIL LTDA' 'RAI' 'Aeroporti di Roma'];['Microsoft' 'Leroy Merlin' 'Employerland Demo' 'Unilever' 'Tech Data']
673;['Employerland'];"['Roche UK' ""Victoria's secret - Percassi "" 'EVERIS'
 'Antica Focacceria San Francesco' 'Dmail-Percassi']"
674;"['RAI' 'Employerland' 'Employerland Demo' 'Unilever' 'Tech Data' 'Bosch'
 'Bricoman Italia' 'Roche' 'LUXOTTICA BRAZIL LTDA' 'Calzedonia']";"[""Victoria's secret - Percassi "" 'Roche UK' 'EVERIS'
 'Antica Focacceria San Francesco' 'Dmail-Percassi']"
677;['Employerland'];"['LUXOTTICA BRAZIL LTDA' 'Roche UK' ""Victoria's secret - Percassi ""
 'EVERIS' 'Antica Focacceria San Francesco']"
681;['Bosch' 'Employerland'];['LUXOTTICA BRAZIL LTDA' 'Siram' 'MOOD HOTELS' 'Würth Srl ' 'SAP']
704;['Employerland'];"['LUXOTTICA BRAZIL LTDA' ""Victoria's secret - Percassi "" 'Roche UK'
 'SMOOTH HOTELS' 'Gi Group']"
714;['Employerland'];['Luxottica' 'Rinascente' 'EVERIS' 'MAG HOTELS' 'Dmail-Percassi']
720;['Employerland'];"['Roche UK' ""Victoria's secret - Percassi "" 'EVERIS'
 'Antica Focacceria San Francesco' 'Dmail-Percassi']"
722;['Unilever' 'Employerland'];['Luxottica' 'Rinascente' 'MAG HOTELS' 'Gi Group Horeca' 'EVERIS']
724;['Employerland'];"['Roche UK' ""Victoria's secret - Percassi "" 'EVERIS'
 'LUXOTTICA BRAZIL LTDA' 'Antica Focacceria San Francesco']"
725;['Employerland'];"['Roche UK' ""Victoria's secret - Percassi "" 'EVERIS'
 'Antica Focacceria San Francesco' 'Dmail-Percassi']"
728;['Employerland'];"['Roche UK' ""Victoria's secret - Percassi "" 'EVERIS'
 'Antica Focacceria San Francesco' 'Dmail-Percassi']"
731;"['Leroy Merlin' 'EY' 'Aeroporti di Roma' 'Employerland' 'RAI'
 'Eurobet Italia' 'Lidl Italia' 'Lottomatica']";"['Roche UK' ""Victoria's secret - Percassi "" 'EVERIS'
 'Antica Focacceria San Francesco' 'Dmail-Percassi']"
742;"['Unilever' 'EY' 'Employerland Demo' 'Bosch' 'RAI' 'Employerland'
 'Johnson & Johnson']";"['Roche UK' ""Victoria's secret - Percassi "" 'EVERIS'
 'Antica Focacceria San Francesco' 'Dmail-Percassi']"
746;['Johnson & Johnson' 'Unilever'];"['LUXOTTICA BRAZIL LTDA' ""Victoria's secret - Percassi "" 'Roche UK'
 'EVERIS' 'Gi Group']"
750;['Employerland'];['Rinascente' 'Luxottica' 'Calzedonia' 'Eurobet Italia' 'MAG HOTELS']
751;['Employerland'];"['EVERIS' 'Roche UK' 'Luxottica' 'Dmail-Percassi'
 'Antica Focacceria San Francesco']"
760;['Employerland'];"['Johnson & Johnson' 'Roche UK' 'EVERIS' ""Victoria's secret - Percassi ""
 'Antica Focacceria San Francesco']"
765;['Employerland'];"['Roche UK' ""Victoria's secret - Percassi "" 'EVERIS'
 'Antica Focacceria San Francesco' 'Dmail-Percassi']"
768;['Employerland' 'Johnson & Johnson'];"['Roche UK' ""Victoria's secret - Percassi "" 'EVERIS'
 'Antica Focacceria San Francesco' 'Dmail-Percassi']"
781;['Employerland'];['Johnson & Johnson' 'Bosch' 'Eurobet Italia' 'Calzedonia' 'Unilever']
782;['Employerland'];['Luxottica' 'Rinascente' 'MAG HOTELS' 'Gi Group Horeca' 'EVERIS']
784;['Employerland'];"['LUXOTTICA BRAZIL LTDA' ""Victoria's secret - Percassi "" 'Roche UK'
 'EVERIS' 'Gi Group']"
787;['Employerland'];"['LUXOTTICA BRAZIL LTDA' ""Victoria's secret - Percassi "" 'Roche UK'
 'Gi Group' 'EVERIS']"
788;['Employerland'];"['LUXOTTICA BRAZIL LTDA' 'Rinascente' 'Luxottica' 'Calzedonia'
 'Eurobet Italia']"
791;['Employerland'];"['LUXOTTICA BRAZIL LTDA' ""Victoria's secret - Percassi "" 'Roche UK'
 'EVERIS' 'Antica Focacceria San Francesco']"
792;['Employerland'];"[""Victoria's secret - Percassi "" 'Roche UK' 'EVERIS' 'Gi Group'
 'LUXOTTICA BRAZIL LTDA']"
794;['Employerland'];"['LUXOTTICA BRAZIL LTDA' ""Victoria's secret - Percassi "" 'Roche UK'
 'Gi Group' 'EVERIS']"
799;['Employerland'];"['Roche UK' ""Victoria's secret - Percassi "" 'EVERIS'
 'Antica Focacceria San Francesco' 'Dmail-Percassi']"
807;['Employerland'];"['Roche UK' ""Victoria's secret - Percassi "" 'EVERIS'
 'Antica Focacceria San Francesco' 'Dmail-Percassi']"
808;['Employerland'];"['Johnson & Johnson' 'Roche UK' 'EVERIS' ""Victoria's secret - Percassi ""
 'Antica Focacceria San Francesco']"
810;['Employerland'];"['LUXOTTICA BRAZIL LTDA' ""Victoria's secret - Percassi "" 'Roche UK'
 'EVERIS' 'Gi Group']"
819;['LUXOTTICA BRAZIL LTDA' 'Employerland'];"[""Victoria's secret - Percassi "" 'Roche UK' 'EVERIS' 'Gi Group'
 'Antica Focacceria San Francesco']"
846;['Employerland'];"['Roche UK' 'EVERIS' 'Dmail-Percassi' ""Victoria's secret - Percassi ""
 'Antica Focacceria San Francesco']"
865;['Employerland'];"['Roche UK' 'EVERIS' ""Victoria's secret - Percassi "" 'Dmail-Percassi'
 'Antica Focacceria San Francesco']"
876;['Employerland'];"[""Victoria's secret - Percassi "" 'Roche UK' 'EVERIS'
 'Antica Focacceria San Francesco' 'Dmail-Percassi']"
888;"['Johnson & Johnson' 'Calzedonia' 'Aeroporti di Roma' 'MAG HOTELS' 'Bosch'
 'Employerland' 'EY' 'Elica' 'Bricoman Italia' 'Microsoft' 'RAI']";"['Roche UK' ""Victoria's secret - Percassi "" 'EVERIS'
 'Antica Focacceria San Francesco' 'Dmail-Percassi']"
894;['Employerland'];"['Johnson & Johnson' 'Roche UK' ""Victoria's secret - Percassi "" 'EVERIS'
 'Gi Group']"
897;['Employerland'];"['LUXOTTICA BRAZIL LTDA' 'Roche UK' ""Victoria's secret - Percassi ""
 'Dmail-Percassi' 'Antica Focacceria San Francesco']"
902;['Bosch' 'Employerland' 'Johnson & Johnson'];"['Roche UK' ""Victoria's secret - Percassi "" 'EVERIS'
 'Antica Focacceria San Francesco' 'Dmail-Percassi']"
903;['Employerland'];"['LUXOTTICA BRAZIL LTDA' ""Victoria's secret - Percassi "" 'Roche UK'
 'Dmail-Percassi' 'Antica Focacceria San Francesco']"
909;['Employerland'];"['Roche UK' ""Victoria's secret - Percassi "" 'EVERIS'
 'Antica Focacceria San Francesco' 'Dmail-Percassi']"
913;['Employerland'];"['LUXOTTICA BRAZIL LTDA' ""Victoria's secret - Percassi "" 'Roche UK'
 'EVERIS' 'Gi Group']"
914;['Employerland'];"['Roche UK' ""Victoria's secret - Percassi "" 'EVERIS'
 'Antica Focacceria San Francesco' 'Dmail-Percassi']"
920;['Employerland'];['Johnson & Johnson' 'Bosch' 'Unilever' 'Würth Srl ' 'Roche UK']
924;['Employerland'];['Johnson & Johnson' 'Bosch' 'Roche UK' 'EVERIS' 'Würth Srl ']
928;['Employerland'];"['LUXOTTICA BRAZIL LTDA' ""Victoria's secret - Percassi "" 'Roche UK'
 'SMOOTH HOTELS' 'MOOD HOTELS']"
931;['Employerland'];['Luxottica' 'Rinascente' 'EVERIS' 'MAG HOTELS' 'Dmail-Percassi']
932;['Employerland'];"['LUXOTTICA BRAZIL LTDA' ""Victoria's secret - Percassi "" 'Roche UK'
 'EVERIS' 'Gi Group']"
934;['Employerland'];['Johnson & Johnson' 'Bosch' 'Unilever' 'Würth Srl ' 'Roche UK']
935;['Employerland'];"['Johnson & Johnson' 'Bosch' 'Roche UK' 'EVERIS'
 ""Victoria's secret - Percassi ""]"
937;['Employerland'];"['Johnson & Johnson' 'Bosch' 'Roche UK' 'EVERIS'
 'Antica Focacceria San Francesco']"
940;['Employerland'];"['Roche UK' ""Victoria's secret - Percassi "" 'EVERIS'
 'Antica Focacceria San Francesco' 'Dmail-Percassi']"
943;['Johnson & Johnson' 'Unilever' 'Employerland'];"['Roche UK' ""Victoria's secret - Percassi "" 'EVERIS'
 'Antica Focacceria San Francesco' 'Dmail-Percassi']"
947;['Employerland'];"['Johnson & Johnson' 'Bosch' 'Roche UK' 'EVERIS'
 ""Victoria's secret - Percassi ""]"
957;['Employerland'];['Johnson & Johnson' 'Luxottica' 'EVERIS' 'Roche UK' 'MAG HOTELS']
980;['Employerland'];"['Roche UK' ""Victoria's secret - Percassi "" 'EVERIS'
 'Antica Focacceria San Francesco' 'Dmail-Percassi']"
985;['Employerland'];"['LUXOTTICA BRAZIL LTDA' ""Victoria's secret - Percassi "" 'Roche UK'
 'Dmail-Percassi' 'Antica Focacceria San Francesco']"
988;['Employerland'];"[""Victoria's secret - Percassi "" 'Roche UK' 'EVERIS' 'Gi Group'
 'Antica Focacceria San Francesco']"
1003;['Employerland'];"['Johnson & Johnson' 'Roche UK' 'EVERIS' ""Victoria's secret - Percassi ""
 'Antica Focacceria San Francesco']"
1005;['Employerland'];"[""Victoria's secret - Percassi "" 'Roche UK' 'EVERIS' 'Gi Group'
 'Antica Focacceria San Francesco']"
1007;['Employerland'];"['LUXOTTICA BRAZIL LTDA' ""Victoria's secret - Percassi "" 'Roche UK'
 'Gi Group' 'EVERIS']"
1013;['Employerland'];"['Bosch' 'Johnson & Johnson' 'Bricoman Italia'
 'Università Europea di Roma' 'Calzedonia']"
1028;['Employerland'];"['Roche UK' ""Victoria's secret - Percassi "" 'EVERIS'
 'Antica Focacceria San Francesco' 'Dmail-Percassi']"
1033;['Employerland'];"['Roche UK' ""Victoria's secret - Percassi "" 'EVERIS'
 'Antica Focacceria San Francesco' 'Dmail-Percassi']"
1034;['Employerland'];"['LUXOTTICA BRAZIL LTDA' 'Siram' 'MOOD HOTELS'
 ""Victoria's secret - Percassi "" 'Roche UK']"
1035;['Employerland'];"['Roche UK' ""Victoria's secret - Percassi "" 'EVERIS'
 'Antica Focacceria San Francesco' 'Dmail-Percassi']"
1036;['Employerland'];"['Johnson & Johnson' 'Roche UK' 'EVERIS' ""Victoria's secret - Percassi ""
 'Antica Focacceria San Francesco']"
1037;['Employerland'];"[""Victoria's secret - Percassi "" 'Roche UK' 'EVERIS' 'Gi Group'
 'Antica Focacceria San Francesco']"
1044;['Employerland'];"['Roche UK' ""Victoria's secret - Percassi "" 'EVERIS'
 'Antica Focacceria San Francesco' 'Dmail-Percassi']"
1048;['Employerland'];"['LUXOTTICA BRAZIL LTDA' ""Victoria's secret - Percassi "" 'MOOD HOTELS'
 'Siram' 'SMOOTH HOTELS']"
1049;['Employerland'];"['Roche UK' ""Victoria's secret - Percassi "" 'EVERIS'
 'Antica Focacceria San Francesco' 'Dmail-Percassi']"
1052;['Employerland'];"[""Victoria's secret - Percassi "" 'Roche UK' 'EVERIS' 'Gi Group'
 'LUXOTTICA BRAZIL LTDA']"
1053;['Employerland'];['Bosch' 'Università Europea di Roma' 'Bricoman Italia' 'Calzedonia' 'EY']
1054;['Employerland'];"['Roche UK' 'EVERIS' ""Victoria's secret - Percassi "" 'Dmail-Percassi'
 'Antica Focacceria San Francesco']"
1057;['Employerland'];"[""Victoria's secret - Percassi "" 'Roche UK' 'EVERIS' 'Gi Group'
 'Antica Focacceria San Francesco']"
1059;['Employerland'];"['Employerland Demo' 'Unilever' 'Johnson & Johnson' 'Philip Morris Italia'
 'Microsoft']"
1064;['Employerland'];"['Roche UK' 'EVERIS' 'Johnson & Johnson' ""Victoria's secret - Percassi ""
 'Antica Focacceria San Francesco']"
1067;['Employerland'];"[""Victoria's secret - Percassi "" 'Roche UK' 'EVERIS' 'Gi Group'
 'Antica Focacceria San Francesco']"
1070;['Employerland'];"['Roche UK' ""Victoria's secret - Percassi "" 'EVERIS'
 'Antica Focacceria San Francesco' 'Dmail-Percassi']"
1071;['Employerland'];['Johnson & Johnson' 'Bosch' 'Unilever' 'Würth Srl ' 'Roche UK']
1072;['Employerland'];"['Roche UK' ""Victoria's secret - Percassi "" 'EVERIS'
 'Antica Focacceria San Francesco' 'Dmail-Percassi']"
1073;['Employerland'];"['Johnson & Johnson' 'Bosch' 'Roche UK' 'EVERIS'
 'Antica Focacceria San Francesco']"
1075;['Employerland'];"['Roche UK' ""Victoria's secret - Percassi "" 'EVERIS'
 'Antica Focacceria San Francesco' 'Dmail-Percassi']"
1076;['Employerland'];"[""Victoria's secret - Percassi "" 'Roche UK' 'EVERIS' 'Gi Group'
 'Antica Focacceria San Francesco']"
1078;['Employerland'];"['Roche UK' ""Victoria's secret - Percassi "" 'EVERIS'
 'Antica Focacceria San Francesco' 'Dmail-Percassi']"
1080;['Employerland'];"['Employerland Demo' 'Unilever' 'Johnson & Johnson' 'Bricoman Italia'
 'Tech Data']"
1089;['Employerland'];"['Roche UK' ""Victoria's secret - Percassi "" 'EVERIS'
 'Antica Focacceria San Francesco' 'Dmail-Percassi']"
1095;['Employerland'];['RAI' 'Microsoft' 'Aeroporti di Roma' 'Elica' 'Leroy Merlin']
1109;['Employerland'];"['Roche UK' ""Victoria's secret - Percassi "" 'EVERIS'
 'Antica Focacceria San Francesco' 'Dmail-Percassi']"
1110;['Employerland'];['EY' 'Università Europea di Roma' 'Tech Data' 'Whirlpool' 'Datalogic']
1117;['Employerland'];['Johnson & Johnson' 'Bosch' 'Unilever' 'Würth Srl ' 'Datalogic']
1118;['Employerland'];"['Roche UK' ""Victoria's secret - Percassi "" 'EVERIS'
 'Antica Focacceria San Francesco' 'Dmail-Percassi']"
1120;['Employerland'];"['LUXOTTICA BRAZIL LTDA' 'Eurobet Italia' 'Luxottica' 'Rinascente'
 'Philip Morris Italia']"
1121;['Employerland'];['Rinascente' 'Luxottica' 'Calzedonia' 'MAG HOTELS' 'Gi Group Horeca']
1128;['Employerland'];"['LUXOTTICA BRAZIL LTDA' ""Victoria's secret - Percassi "" 'Roche UK'
 'Gi Group' 'EVERIS']"
1133;['Employerland'];['Johnson & Johnson' 'Unilever' 'Bosch' 'Employerland Demo' 'Würth Srl ']
1141;['Employerland'];"['Roche UK' ""Victoria's secret - Percassi "" 'EVERIS'
 'Antica Focacceria San Francesco' 'Dmail-Percassi']"
1148;['Employerland'];"['LUXOTTICA BRAZIL LTDA' 'Roche UK' ""Victoria's secret - Percassi ""
 'EVERIS' 'Antica Focacceria San Francesco']"
1159;['Employerland'];"['Employerland Demo' 'Bricoman Italia' 'Unilever' 'Leroy Merlin'
 'Johnson & Johnson']"
1160;['Employerland'];"['Roche UK' ""Victoria's secret - Percassi "" 'EVERIS'
 'Antica Focacceria San Francesco' 'Dmail-Percassi']"
1169;['Employerland'];"['Tech Data' 'Datalogic' 'Whirlpool' ""Victoria's secret - Percassi ""
 'EVERIS']"
1172;['Employerland'];"['Roche UK' ""Victoria's secret - Percassi "" 'EVERIS'
 'Antica Focacceria San Francesco' 'Dmail-Percassi']"
1177;['Employerland'];"['Roche UK' ""Victoria's secret - Percassi "" 'EVERIS'
 'Antica Focacceria San Francesco' 'Dmail-Percassi']"
1182;"['Employerland Demo' 'Unilever' 'Employerland' 'Bricoman Italia'
 'Leroy Merlin']";['Università Europea di Roma' 'EY' 'Bosch' 'Calzedonia' 'Cellularline']
1183;['Employerland'];"[""Victoria's secret - Percassi "" 'Roche UK' 'EVERIS' 'Gi Group'
 'LUXOTTICA BRAZIL LTDA']"
1189;['Employerland'];"['Roche UK' ""Victoria's secret - Percassi "" 'EVERIS'
 'Antica Focacceria San Francesco' 'Dmail-Percassi']"
1194;['Employerland'];"['Johnson & Johnson' 'Roche UK' 'EVERIS' 'Bosch'
 ""Victoria's secret - Percassi ""]"
1195;['Employerland'];"['Roche UK' ""Victoria's secret - Percassi "" 'EVERIS'
 'Antica Focacceria San Francesco' 'Dmail-Percassi']"
1197;['Employerland'];"['Roche UK' ""Victoria's secret - Percassi "" 'EVERIS'
 'Antica Focacceria San Francesco' 'Dmail-Percassi']"
1204;['Employerland'];"['Roche UK' 'EVERIS' ""Victoria's secret - Percassi "" 'Dmail-Percassi'
 'Antica Focacceria San Francesco']"
1209;['Employerland'];['Johnson & Johnson' 'Bosch' 'Unilever' 'Würth Srl ' 'Datalogic']
1212;['Employerland'];"['Johnson & Johnson' 'Bosch' 'Roche UK' 'EVERIS'
 ""Victoria's secret - Percassi ""]"
1214;['Employerland'];"['Roche UK' ""Victoria's secret - Percassi "" 'EVERIS'
 'Antica Focacceria San Francesco' 'Dmail-Percassi']"
1221;['Employerland'];"['Roche UK' 'EVERIS' ""Victoria's secret - Percassi "" 'Dmail-Percassi'
 'Antica Focacceria San Francesco']"
1222;['Employerland'];['Johnson & Johnson' 'Bosch' 'Unilever' 'Würth Srl ' 'Datalogic']
1227;['Employerland'];"['Roche UK' ""Victoria's secret - Percassi "" 'EVERIS'
 'Antica Focacceria San Francesco' 'Dmail-Percassi']"
1230;['Employerland'];"['Roche UK' ""Victoria's secret - Percassi "" 'EVERIS'
 'Antica Focacceria San Francesco' 'Dmail-Percassi']"
1238;['Employerland'];['Johnson & Johnson' 'Unilever' 'Employerland Demo' 'Bosch' 'Würth Srl ']
1250;['Employerland'];"['Roche UK' ""Victoria's secret - Percassi "" 'EVERIS'
 'Antica Focacceria San Francesco' 'Dmail-Percassi']"
1255;['Employerland'];"['Roche UK' ""Victoria's secret - Percassi "" 'EVERIS'
 'Antica Focacceria San Francesco' 'Dmail-Percassi']"
1258;['Employerland'];"[""Victoria's secret - Percassi "" 'Roche UK' 'EVERIS' 'Gi Group'
 'Antica Focacceria San Francesco']"
1263;['Employerland'];"['Johnson & Johnson' 'Roche UK' 'EVERIS' 'Antica Focacceria San Francesco'
 'Dmail-Percassi']"
1271;['EY' 'Calzedonia' 'Università Europea di Roma' 'Employerland' 'Bosch'];"[""Victoria's secret - Percassi "" 'Roche UK' 'EVERIS' 'Gi Group'
 'Antica Focacceria San Francesco']"
1277;['Employerland'];['Luxottica' 'Rinascente' 'EVERIS' 'MAG HOTELS' 'Roche UK']
1281;['Employerland'];"['EVERIS' 'Roche UK' 'Luxottica' 'Dmail-Percassi'
 'Antica Focacceria San Francesco']"
1293;['Employerland'];"[""Victoria's secret - Percassi "" 'Roche UK' 'EVERIS' 'Gi Group'
 'LUXOTTICA BRAZIL LTDA']"
1295;['Employerland'];"['Roche UK' ""Victoria's secret - Percassi "" 'EVERIS'
 'Antica Focacceria San Francesco' 'Dmail-Percassi']"
1307;['Employerland'];"['LUXOTTICA BRAZIL LTDA' ""Victoria's secret - Percassi "" 'Roche UK'
 'EVERIS' 'Gi Group']"
1310;['EY' 'Employerland'];"[""Victoria's secret - Percassi "" 'Roche UK' 'EVERIS' 'Gi Group'
 'Antica Focacceria San Francesco']"
1313;['Employerland'];['Johnson & Johnson' 'Bosch' 'Unilever' 'Würth Srl ' 'Datalogic']
1320;['Bosch' 'Employerland' 'Johnson & Johnson' 'Bricoman Italia'];"['Roche UK' ""Victoria's secret - Percassi "" 'EVERIS'
 'Antica Focacceria San Francesco' 'Dmail-Percassi']"
1331;['EY' 'Johnson & Johnson' 'Employerland Demo' 'Employerland' 'Bosch'];"['Roche UK' ""Victoria's secret - Percassi "" 'EVERIS'
 'Antica Focacceria San Francesco' 'Dmail-Percassi']"
1342;['Employerland'];"['Roche UK' ""Victoria's secret - Percassi "" 'EVERIS'
 'Antica Focacceria San Francesco' 'Dmail-Percassi']"
1348;['Employerland' 'Bosch'];"['Roche UK' ""Victoria's secret - Percassi "" 'EVERIS'
 'Antica Focacceria San Francesco' 'Dmail-Percassi']"
1349;['Employerland'];"['Johnson & Johnson' 'Roche UK' 'EVERIS' ""Victoria's secret - Percassi ""
 'Antica Focacceria San Francesco']"
1350;['Employerland'];"[""Victoria's secret - Percassi "" 'Roche UK' 'EVERIS' 'Gi Group'
 'Antica Focacceria San Francesco']"
1354;['Employerland'];"['Johnson & Johnson' 'Bosch' 'Roche UK' 'EVERIS'
 ""Victoria's secret - Percassi ""]"
1356;['Employerland'];"['Roche UK' ""Victoria's secret - Percassi "" 'EVERIS'
 'Antica Focacceria San Francesco' 'Dmail-Percassi']"
1357;['Employerland'];"['Roche UK' ""Victoria's secret - Percassi "" 'EVERIS'
 'Antica Focacceria San Francesco' 'Dmail-Percassi']"
1359;['Employerland'];['Johnson & Johnson' 'Bosch' 'Unilever' 'Würth Srl ' 'Datalogic']
1362;['Johnson & Johnson' 'Employerland'];"['Roche UK' ""Victoria's secret - Percassi "" 'EVERIS'
 'Antica Focacceria San Francesco' 'Dmail-Percassi']"
1375;['Employerland'];"['Johnson & Johnson' 'Angelini' 'Bristol-Myers Squibb' 'MSD Italia'
 'Chiesi Group']"
1384;['Employerland'];"['Università Europea di Roma' 'EY' 'Employerland Demo' 'Bosch'
 'Calzedonia']"
1385;['Employerland'];"[""Victoria's secret - Percassi "" 'Johnson & Johnson' 'Roche UK' 'EVERIS'
 'Gi Group']"
1386;['Employerland'];"['Roche UK' 'EVERIS' ""Victoria's secret - Percassi "" 'Dmail-Percassi'
 'Antica Focacceria San Francesco']"
1389;['Employerland'];"['EY' 'Calzedonia' 'Johnson & Johnson' 'Eurobet Italia'
 'Università Europea di Roma']"
1391;['Employerland'];"['Johnson & Johnson' ""Victoria's secret - Percassi "" 'Roche UK' 'EVERIS'
 'Gi Group']"
1392;['Employerland'];"['Roche UK' ""Victoria's secret - Percassi "" 'EVERIS'
 'Antica Focacceria San Francesco' 'Dmail-Percassi']"
1405;['Employerland'];"['Roche UK' ""Victoria's secret - Percassi "" 'EVERIS'
 'Antica Focacceria San Francesco' 'Dmail-Percassi']"
1408;['Employerland'];['Johnson & Johnson' 'Bosch' 'Roche UK' 'EVERIS' 'Würth Srl ']
1411;['Employerland'];"[""Victoria's secret - Percassi "" 'Roche UK' 'EVERIS' 'Gi Group'
 'Antica Focacceria San Francesco']"
1413;['Employerland'];"['Roche UK' ""Victoria's secret - Percassi "" 'EVERIS'
 'Antica Focacceria San Francesco' 'Dmail-Percassi']"
1416;['Employerland'];"['Johnson & Johnson' 'Roche UK' 'EVERIS' ""Victoria's secret - Percassi ""
 'Antica Focacceria San Francesco']"
1418;['Employerland'];"[""Victoria's secret - Percassi "" 'Roche UK' 'EVERIS' 'Gi Group'
 'Antica Focacceria San Francesco']"
1423;['Employerland'];['Johnson & Johnson' 'Unilever' 'Bosch' 'Microsoft' 'RAI']
1424;['Employerland'];['Leroy Merlin' 'Bricoman Italia' 'Johnson & Johnson' 'Bosch' 'RAI']
1425;['Employerland'];"['Johnson & Johnson' 'Roche UK' 'EVERIS' ""Victoria's secret - Percassi ""
 'Antica Focacceria San Francesco']"
1429;['Employerland'];"[""Victoria's secret - Percassi "" 'Roche UK' 'EVERIS' 'Gi Group'
 'Antica Focacceria San Francesco']"
1431;['Employerland'];"['Employerland Demo' 'Unilever' 'Bricoman Italia' 'Leroy Merlin'
 'Tech Data']"
1432;['Employerland'];"['Johnson & Johnson' 'Employerland Demo' 'Unilever' 'Bricoman Italia'
 'Leroy Merlin']"
1437;['Employerland'];['Johnson & Johnson' 'Bosch' 'Unilever' 'Würth Srl ' 'Datalogic']
1441;['Employerland'];"['Roche UK' ""Victoria's secret - Percassi "" 'EVERIS'
 'Antica Focacceria San Francesco' 'Dmail-Percassi']"
1445;['Employerland'];['Johnson & Johnson' 'Bosch' 'Unilever' 'Würth Srl ' 'Datalogic']
1448;['Employerland'];"['Johnson & Johnson' 'Roche UK' 'EVERIS' ""Victoria's secret - Percassi ""
 'Antica Focacceria San Francesco']"
1449;['Employerland'];"['Johnson & Johnson' 'Roche UK' 'EVERIS' ""Victoria's secret - Percassi ""
 'Antica Focacceria San Francesco']"
1450;['Employerland'];"['LUXOTTICA BRAZIL LTDA' 'Roche UK' 'EVERIS'
 ""Victoria's secret - Percassi "" 'Dmail-Percassi']"
1453;['Employerland'];['Johnson & Johnson' 'Bosch' 'Unilever' 'Employerland Demo' 'Microsoft']
1455;['Employerland'];"['Employerland Demo' 'Unilever' 'Bricoman Italia' 'Leroy Merlin'
 'Calzedonia']"
1456;['Employerland'];"['Roche UK' ""Victoria's secret - Percassi "" 'EVERIS'
 'Antica Focacceria San Francesco' 'Dmail-Percassi']"
1457;['Employerland'];"['EVERIS' 'Roche UK' 'Luxottica' 'Dmail-Percassi'
 'Antica Focacceria San Francesco']"
1458;"['Leroy Merlin' 'Unilever' 'Bricoman Italia' 'Employerland Demo'
 'Employerland']";"['Calzedonia' 'Rinascente' 'Eurobet Italia' 'Luxottica'
 'Philip Morris Italia']"
1459;['Employerland'];"['Johnson & Johnson' 'Roche UK' 'EVERIS' ""Victoria's secret - Percassi ""
 'Antica Focacceria San Francesco']"
1465;['Lidl Italia' 'Employerland'];"[""Victoria's secret - Percassi "" 'Roche UK' 'EVERIS' 'Gi Group'
 'Antica Focacceria San Francesco']"
1467;['Employerland'];"['EVERIS' 'Roche UK' 'Luxottica' 'Dmail-Percassi'
 'Antica Focacceria San Francesco']"
1469;['Employerland'];"['Employerland Demo' 'Unilever' 'Johnson & Johnson' 'Bricoman Italia'
 'Tech Data']"
1471;['Employerland'];['Roche UK' 'Tech Data' 'Datalogic' 'Whirlpool' 'Aeroporti di Roma']
1472;['Employerland'];"['RAI' 'Microsoft' 'Aeroporti di Roma' ""Victoria's secret - Percassi ""
 'EVERIS']"
1478;['Employerland'];['Johnson & Johnson' 'Bosch' 'Unilever' 'Würth Srl ' 'Datalogic']
1485;['Employerland'];"['Roche UK' ""Victoria's secret - Percassi "" 'EVERIS'
 'Antica Focacceria San Francesco' 'Dmail-Percassi']"
1488;['Employerland'];"[""Victoria's secret - Percassi "" 'Roche UK' 'Gi Group' 'EVERIS'
 'Antica Focacceria San Francesco']"
1489;['Employerland'];"['Johnson & Johnson' 'Roche UK' ""Victoria's secret - Percassi "" 'EVERIS'
 'Antica Focacceria San Francesco']"
1490;['Employerland'];"['Roche UK' ""Victoria's secret - Percassi "" 'EVERIS'
 'Antica Focacceria San Francesco' 'Dmail-Percassi']"
1493;['Employerland'];"['Johnson & Johnson' 'Roche UK' ""Victoria's secret - Percassi "" 'EVERIS'
 'Gi Group']"
1494;['Employerland'];['Johnson & Johnson' 'Bosch' 'Roche UK' 'Datalogic' 'Würth Srl ']
1496;['Employerland'];['Johnson & Johnson' 'Bosch' 'Unilever' 'Würth Srl ' 'Datalogic']
1507;['Employerland'];"['LUXOTTICA BRAZIL LTDA' 'Siram' 'MOOD HOTELS' 'Würth Srl '
 ""Victoria's secret - Percassi ""]"
1510;['Employerland'];"['Roche UK' ""Victoria's secret - Percassi "" 'EVERIS'
 'Antica Focacceria San Francesco' 'Dmail-Percassi']"
1512;['Employerland'];"['LUXOTTICA BRAZIL LTDA' ""Victoria's secret - Percassi "" 'Roche UK'
 'EVERIS' 'Gi Group']"
1515;['Employerland'];"[""Victoria's secret - Percassi "" 'Roche UK' 'EVERIS' 'Gi Group'
 'Antica Focacceria San Francesco']"
1521;['Employerland'];"['Roche UK' ""Victoria's secret - Percassi "" 'EVERIS'
 'Antica Focacceria San Francesco' 'Dmail-Percassi']"
1522;['Employerland'];"['Roche UK' ""Victoria's secret - Percassi "" 'EVERIS'
 'Antica Focacceria San Francesco' 'Dmail-Percassi']"
1524;['Employerland'];"['Bricoman Italia' 'EVERIS' ""Victoria's secret - Percassi "" 'Roche UK'
 'Gi Group']"
1526;['Employerland'];['Johnson & Johnson' 'Bosch' 'Unilever' 'Würth Srl ' 'Datalogic']
1531;['Employerland'];"[""Victoria's secret - Percassi "" 'Roche UK' 'EVERIS' 'Gi Group'
 'Antica Focacceria San Francesco']"
1532;['Employerland'];"['Roche UK' ""Victoria's secret - Percassi "" 'EVERIS'
 'Antica Focacceria San Francesco' 'Dmail-Percassi']"
1533;['Employerland'];"['Johnson & Johnson' 'Bosch' 'Roche UK' 'EVERIS'
 'Antica Focacceria San Francesco']"
1537;['Employerland'];"['Roche UK' ""Victoria's secret - Percassi "" 'EVERIS'
 'Antica Focacceria San Francesco' 'Dmail-Percassi']"
1539;['Employerland'];['Johnson & Johnson' 'Bosch' 'Unilever' 'Würth Srl ' 'Eurobet Italia']
1541;['Employerland' 'Unilever' 'Johnson & Johnson' 'Bosch'];"['Roche UK' ""Victoria's secret - Percassi "" 'EVERIS'
 'Antica Focacceria San Francesco' 'Dmail-Percassi']"
1544;['Employerland' 'Employerland Demo'];['Johnson & Johnson' 'Unilever' 'Würth Srl ' 'Bosch' 'Datalogic']
1547;['Employerland'];"['Johnson & Johnson' 'Roche UK' 'EVERIS' ""Victoria's secret - Percassi ""
 'Bosch']"
1549;['Employerland'];['Johnson & Johnson' 'Accenture' 'Kpmg' 'Deloitte' 'Bosch']
1551;['Employerland'];"['Johnson & Johnson' 'Bosch' 'Roche UK' 'EVERIS'
 ""Victoria's secret - Percassi ""]"
1554;['Employerland'];"['Roche UK' ""Victoria's secret - Percassi "" 'EVERIS'
 'Antica Focacceria San Francesco' 'Dmail-Percassi']"
1556;"['Johnson & Johnson' 'EY' 'Unilever' 'Bosch' 'Elica' 'Aeroporti di Roma'
 'Deloitte' 'Microsoft' 'Siemens' 'Employerland Demo' 'Calzedonia'
 'Employerland' 'RAI' 'Philip Morris Italia' 'Bricoman Italia'
 'Leroy Merlin']";"['LUXOTTICA BRAZIL LTDA' 'Siram' 'Würth Srl ' 'MOOD HOTELS'
 'YOOX NET-A-PORTER GROUP']"
1557;['Employerland'];"['Roche UK' 'EVERIS' ""Victoria's secret - Percassi ""
 'Antica Focacceria San Francesco' 'Dmail-Percassi']"
1559;['Microsoft' 'Employerland'];"['Roche UK' 'EVERIS' ""Victoria's secret - Percassi ""
 'Antica Focacceria San Francesco' 'Dmail-Percassi']"
1568;['Employerland'];['Rinascente' 'Calzedonia' 'Luxottica' 'Eurobet Italia' 'MAG HOTELS']
1572;['Employerland'];"[""Victoria's secret - Percassi "" 'Roche UK' 'EVERIS' 'Gi Group'
 'Antica Focacceria San Francesco']"
1573;['Employerland'];"['Roche UK' ""Victoria's secret - Percassi "" 'EVERIS'
 'Antica Focacceria San Francesco' 'Dmail-Percassi']"
1574;['Employerland'];"['Roche UK' ""Victoria's secret - Percassi "" 'EVERIS'
 'Antica Focacceria San Francesco' 'Dmail-Percassi']"
1575;['Employerland'];['Johnson & Johnson' 'Bosch' 'Unilever' 'Würth Srl ' 'Datalogic']
1576;['Employerland'];"['Roche UK' ""Victoria's secret - Percassi "" 'EVERIS'
 'Antica Focacceria San Francesco' 'Dmail-Percassi']"
1578;['Employerland'];"['Employerland Demo' 'Unilever' 'Johnson & Johnson' 'Philip Morris Italia'
 'RAI']"
1583;['Employerland'];"['Roche UK' ""Victoria's secret - Percassi "" 'EVERIS'
 'Antica Focacceria San Francesco' 'Dmail-Percassi']"
1591;"['Unilever' 'Johnson & Johnson' 'Bricoman Italia' 'Employerland Demo'
 'Employerland' 'Leroy Merlin']";['Bosch' 'Elica' 'Università Europea di Roma' 'Pirelli' 'Calzedonia']
1592;['Employerland'];"['Johnson & Johnson' 'Bosch' 'Roche UK' 'EVERIS'
 ""Victoria's secret - Percassi ""]"
1593;['Employerland'];['Johnson & Johnson' 'Bosch' 'Roche UK' 'EVERIS' 'Würth Srl ']
1597;['Johnson & Johnson' 'Employerland'];['Bosch' 'Roche UK' 'EVERIS' 'LUXOTTICA BRAZIL LTDA' 'Gi Group Horeca']
1600;['Employerland'];['Bricoman Italia' 'Employerland Demo' 'Bosch' 'Unilever' 'Leroy Merlin']
1602;['Leroy Merlin' 'Employerland Demo' 'Unilever' 'Employerland'];"['Bosch' 'Johnson & Johnson' 'Bricoman Italia' 'Elica'
 'Università Europea di Roma']"
1607;['Employerland'];['Johnson & Johnson' 'Bosch' 'Unilever' 'Würth Srl ' 'Datalogic']
1611;['Employerland'];"['Roche UK' ""Victoria's secret - Percassi "" 'EVERIS'
 'Antica Focacceria San Francesco' 'Dmail-Percassi']"
1612;"['Whirlpool' 'Bricoman Italia' 'Unilever' 'Employerland' 'Roche'
 'Leroy Merlin' 'EY' 'Bosch' 'Lottomatica' 'Aeroporti di Roma' 'Elica'
 'Roche UK' 'Tech Data' 'RAI']";"[""Victoria's secret - Percassi "" 'EVERIS' 'Gi Group'
 'Antica Focacceria San Francesco' 'NTT DATA Italia']"
1613;['Employerland'];"['Roche UK' ""Victoria's secret - Percassi "" 'EVERIS'
 'Antica Focacceria San Francesco' 'Dmail-Percassi']"
1616;['Employerland'];"['Employerland Demo' 'Unilever' 'Johnson & Johnson' 'Bricoman Italia'
 'Philip Morris Italia']"
1620;['Employerland'];"[""Victoria's secret - Percassi "" 'Roche UK' 'EVERIS'
 'Antica Focacceria San Francesco' 'Dmail-Percassi']"
1623;['Employerland'];"['Roche UK' ""Victoria's secret - Percassi "" 'EVERIS'
 'Antica Focacceria San Francesco' 'Dmail-Percassi']"
1630;['Employerland'];"['Roche UK' ""Victoria's secret - Percassi "" 'EVERIS'
 'Antica Focacceria San Francesco' 'Dmail-Percassi']"
1631;['Employerland'];"['Bricoman Italia' 'Leroy Merlin' 'EVERIS' 'RAI'
 ""Victoria's secret - Percassi ""]"
1632;['Employerland'];"['Roche UK' 'EVERIS' ""Victoria's secret - Percassi "" 'Dmail-Percassi'
 'Antica Focacceria San Francesco']"
1633;['Employerland'];['Bosch' 'Bricoman Italia' 'Johnson & Johnson' 'Unilever' 'Leroy Merlin']
1634;['Employerland'];"['Roche UK' ""Victoria's secret - Percassi "" 'EVERIS'
 'Antica Focacceria San Francesco' 'Dmail-Percassi']"
1637;"['EY' 'Unilever' 'Whirlpool' 'Employerland Demo' 'Roche'
 'Aeroporti di Roma' 'Calzedonia' 'Employerland' 'Bricoman Italia'
 'Microsoft' 'Tech Data']";"['Roche UK' ""Victoria's secret - Percassi "" 'EVERIS'
 'Antica Focacceria San Francesco' 'Dmail-Percassi']"
1655;['Employerland'];"['Roche UK' ""Victoria's secret - Percassi "" 'EVERIS'
 'Antica Focacceria San Francesco' 'Dmail-Percassi']"
1661;['Employerland'];"['Roche UK' ""Victoria's secret - Percassi "" 'EVERIS'
 'Antica Focacceria San Francesco' 'Dmail-Percassi']"
1663;['Employerland'];"['Bosch' 'Johnson & Johnson' 'Employerland Demo' 'Unilever'
 'Bricoman Italia']"
1666;['Employerland'];"['Employerland Demo' 'Unilever' 'Johnson & Johnson' 'Microsoft'
 'Philip Morris Italia']"
1667;['Employerland'];"['Employerland Demo' 'Unilever' 'Johnson & Johnson' 'Microsoft'
 'Philip Morris Italia']"
1670;['Employerland'];"['Roche UK' ""Victoria's secret - Percassi "" 'EVERIS'
 'Antica Focacceria San Francesco' 'Dmail-Percassi']"
1671;['Johnson & Johnson'];"[""Victoria's secret - Percassi "" 'Roche UK' 'Gi Group' 'EVERIS'
 'Antica Focacceria San Francesco']"
1675;['Employerland'];['Leroy Merlin' 'Lidl Italia' 'Kpmg' 'Decathlon' 'Bricocenter Italia']
1687;['Employerland'];"['Bosch' 'Bricoman Italia' 'Johnson & Johnson' 'Elica'
 'Università Europea di Roma']"
1690;['Employerland'];"['Johnson & Johnson' 'Unilever' 'Employerland Demo' 'Bosch'
 'Bricoman Italia']"
1694;['Employerland'];"['Bricoman Italia' 'Leroy Merlin' 'Employerland Demo' 'Unilever'
 'Decathlon']"
1698;['Employerland'];"['Bosch' 'Johnson & Johnson' 'Bricoman Italia'
 'Università Europea di Roma' 'Elica']"
1703;['Employerland'];"['Employerland Demo' 'Unilever' 'Johnson & Johnson' 'Microsoft'
 'Philip Morris Italia']"
1707;['Employerland'];"['EVERIS' 'Roche UK' 'Luxottica' 'Dmail-Percassi'
 'Antica Focacceria San Francesco']"
1710;['Employerland'];"['Calzedonia' 'Eurobet Italia' 'Rinascente' 'Luxottica'
 'Philip Morris Italia']"
1716;['Employerland'];"['Employerland Demo' 'Unilever' 'Bricoman Italia' 'Leroy Merlin'
 'Tech Data']"
1719;['Employerland'];"['Roche UK' ""Victoria's secret - Percassi "" 'EVERIS'
 'Antica Focacceria San Francesco' 'Dmail-Percassi']"
1720;['Employerland'];"['Roche UK' ""Victoria's secret - Percassi "" 'EVERIS'
 'Antica Focacceria San Francesco' 'Dmail-Percassi']"
1722;['Employerland'];"['Roche UK' ""Victoria's secret - Percassi "" 'EVERIS'
 'Antica Focacceria San Francesco' 'Dmail-Percassi']"
1726;['Employerland'];['Chiesi Group' 'Sanofi SpA' 'Roche' 'Angelini' 'Bristol-Myers Squibb']
1730;['Employerland'];"['Employerland Demo' 'Unilever' 'Johnson & Johnson' 'Bricoman Italia'
 'Leroy Merlin']"
1732;['Employerland'];"['Roche UK' ""Victoria's secret - Percassi "" 'EVERIS'
 'Antica Focacceria San Francesco' 'Dmail-Percassi']"
1739;['Employerland'];"['Employerland Demo' 'Unilever' 'Bricoman Italia' 'EY'
 'Università Europea di Roma']"
1741;['Employerland'];['Leroy Merlin' 'Bricoman Italia' 'RAI' 'Decathlon' 'Bricocenter Italia']
1742;['Employerland'];"['Employerland Demo' 'Unilever' 'EY' 'Università Europea di Roma'
 'Leroy Merlin']"
1743;['Employerland'];"['Roche UK' ""Victoria's secret - Percassi "" 'EVERIS'
 'Antica Focacceria San Francesco' 'Dmail-Percassi']"
1744;['Employerland'];"['Employerland Demo' 'Johnson & Johnson' 'Roche UK'
 ""Victoria's secret - Percassi "" 'Unilever']"
1747;['Employerland'];['Employerland Demo' 'Unilever' 'Johnson & Johnson' 'Microsoft' 'RAI']
1748;['Employerland'];"[""Victoria's secret - Percassi "" 'Roche UK' 'Gi Group' 'EVERIS'
 'SMOOTH HOTELS']"
1751;['Employerland'];"['Bricoman Italia' ""Victoria's secret - Percassi "" 'EVERIS' 'Roche UK'
 'Antica Focacceria San Francesco']"
1752;['Employerland'];['Employerland Demo' 'Unilever' 'Bricoman Italia' 'Tech Data' 'Roche UK']
1753;['Employerland'];"['Roche UK' ""Victoria's secret - Percassi "" 'EVERIS'
 'Antica Focacceria San Francesco' 'Dmail-Percassi']"
1754;['Employerland'];['Leroy Merlin' 'Calzedonia' 'Bricoman Italia' 'RAI' 'Aeroporti di Roma']
1757;['Employerland'];"['Roche UK' ""Victoria's secret - Percassi "" 'EVERIS'
 'Antica Focacceria San Francesco' 'Dmail-Percassi']"
1760;['Employerland'];"['Employerland Demo' 'Bricoman Italia' 'Roche UK'
 ""Victoria's secret - Percassi "" 'EVERIS']"
1761;['Employerland'];"['Employerland Demo' 'Unilever' 'Johnson & Johnson' 'Philip Morris Italia'
 'Microsoft']"
1764;['Employerland'];"[""Victoria's secret - Percassi "" 'Roche UK' 'Gi Group' 'EVERIS'
 'Antica Focacceria San Francesco']"
1766;['Employerland'];"['Employerland Demo' 'Roche UK' ""Victoria's secret - Percassi "" 'Gi Group'
 'Antica Focacceria San Francesco']"
1767;['Employerland'];"['Employerland Demo' 'Unilever' 'Bricoman Italia' 'Tech Data'
 'Leroy Merlin']"
1774;['Employerland'];"['Employerland Demo' 'Unilever' 'Johnson & Johnson' 'Philip Morris Italia'
 'Leroy Merlin']"
1775;['Employerland'];"['Roche UK' ""Victoria's secret - Percassi "" 'EVERIS'
 'Antica Focacceria San Francesco' 'Dmail-Percassi']"
1777;['Employerland'];['RAI' 'Leroy Merlin' 'Aeroporti di Roma' 'Microsoft' 'Bricoman Italia']
1778;['Employerland'];"['Employerland Demo' 'Unilever' 'Bricoman Italia'
 'Università Europea di Roma' 'Tech Data']"
1780;['Employerland'];"['Roche UK' ""Victoria's secret - Percassi "" 'EVERIS'
 'Antica Focacceria San Francesco' 'Dmail-Percassi']"
1785;['Employerland'];['Leroy Merlin' 'Bricoman Italia' 'RAI' 'Decathlon' 'Bricocenter Italia']
1786;['Employerland'];"['Bricoman Italia' 'Bosch' ""Victoria's secret - Percassi "" 'Roche UK'
 'EVERIS']"
1787;['Employerland'];"['EVERIS' ""Victoria's secret - Percassi "" 'Roche UK'
 'Antica Focacceria San Francesco' 'Dmail-Percassi']"
1789;['Employerland'];"['Employerland Demo' 'Unilever' 'Bricoman Italia' 'Johnson & Johnson'
 'Tech Data']"
1791;['Employerland'];"[""Victoria's secret - Percassi "" 'Roche UK' 'Gi Group' 'EVERIS'
 'Antica Focacceria San Francesco']"
1793;['Employerland'];"['Employerland Demo' 'Unilever' 'Bricoman Italia' 'Roche UK'
 ""Victoria's secret - Percassi ""]"
1794;['Employerland'];['Employerland Demo' 'Tech Data' 'Datalogic' 'Unilever' 'Bricoman Italia']
1795;['Employerland'];"['Roche UK' ""Victoria's secret - Percassi "" 'EVERIS'
 'Antica Focacceria San Francesco' 'Dmail-Percassi']"
1807;['Employerland'];"[""Victoria's secret - Percassi "" 'Roche UK' 'Gi Group' 'EVERIS'
 'SMOOTH HOTELS']"
1808;['Employerland'];"['Bosch' 'Bricoman Italia' 'Johnson & Johnson' 'Elica'
 'Università Europea di Roma']"
1809;['Employerland'];['Bricoman Italia' 'Leroy Merlin' 'RAI' 'Decathlon' 'Aeroporti di Roma']
1814;['Employerland'];"['Employerland Demo' 'Bricoman Italia' 'Leroy Merlin' 'Unilever'
 'Calzedonia']"
1818;['Employerland'];"['Roche UK' ""Victoria's secret - Percassi "" 'EVERIS'
 'Antica Focacceria San Francesco' 'Dmail-Percassi']"
1828;['Employerland'];"['Roche UK' ""Victoria's secret - Percassi "" 'EVERIS'
 'Antica Focacceria San Francesco' 'Dmail-Percassi']"
1832;['Employerland'];"['Roche UK' ""Victoria's secret - Percassi "" 'EVERIS'
 'Antica Focacceria San Francesco' 'Dmail-Percassi']"
1836;['Employerland'];"['Tech Data' 'Datalogic' 'Employerland Demo' 'Whirlpool'
 ""Victoria's secret - Percassi ""]"
1837;['Employerland'];"['Roche UK' ""Victoria's secret - Percassi "" 'EVERIS'
 'Antica Focacceria San Francesco' 'Dmail-Percassi']"
1839;['Employerland'];['Leroy Merlin' 'Bricoman Italia' 'RAI' 'Bricocenter Italia' 'Decathlon']
1840;['Employerland'];"['Roche UK' ""Victoria's secret - Percassi "" 'EVERIS'
 'Antica Focacceria San Francesco' 'Dmail-Percassi']"
1841;['Employerland'];"['Bricoman Italia' 'Leroy Merlin' 'EVERIS' 'RAI'
 ""Victoria's secret - Percassi ""]"
1845;['Employerland'];['Bricoman Italia' 'Leroy Merlin' 'Bosch' 'Employerland Demo' 'Cerved']
1847;['Employerland'];"['Employerland Demo' 'Johnson & Johnson' 'Roche UK'
 ""Victoria's secret - Percassi "" 'Gi Group']"
1848;['Employerland'];"['Roche UK' ""Victoria's secret - Percassi "" 'EVERIS'
 'Antica Focacceria San Francesco' 'Dmail-Percassi']"
1850;['Employerland'];"['Employerland Demo' 'Unilever' 'Bricoman Italia' 'Leroy Merlin'
 'Tech Data']"
1851;['Employerland'];"['Employerland Demo' 'Johnson & Johnson' 'Roche UK'
 ""Victoria's secret - Percassi "" 'Gi Group']"
1852;['Employerland'];['Employerland Demo' 'Bricoman Italia' 'Leroy Merlin' 'Unilever' 'RAI']
1855;['Employerland'];['Bricoman Italia' 'Leroy Merlin' 'Bosch' 'Employerland Demo' 'EVERIS']
1861;['Employerland'];['Leroy Merlin' 'Bricoman Italia' 'Bricocenter Italia' 'RAI' 'Decathlon']
1862;['Employerland'];['Leroy Merlin' 'Bricoman Italia' 'RAI' 'Decathlon' 'Bricocenter Italia']
1867;['Employerland'];"['Roche UK' ""Victoria's secret - Percassi "" 'EVERIS'
 'Antica Focacceria San Francesco' 'Dmail-Percassi']"
1869;['Employerland'];"['Employerland Demo' 'Unilever' 'Johnson & Johnson' 'Philip Morris Italia'
 'RAI']"
1871;['Employerland'];"['Employerland Demo' 'Unilever' 'Bricoman Italia' 'Leroy Merlin'
 'Tech Data']"
1874;['Employerland'];"['Employerland Demo' 'Unilever' 'Bricoman Italia' 'Leroy Merlin'
 'Johnson & Johnson']"
1876;['Employerland'];"['Employerland Demo' 'Unilever' 'Bricoman Italia' 'Leroy Merlin'
 'Tech Data']"
1880;['Employerland'];"[""Victoria's secret - Percassi "" 'Roche UK' 'EVERIS' 'Gi Group'
 'Antica Focacceria San Francesco']"
1881;['Employerland'];"['Roche UK' ""Victoria's secret - Percassi "" 'EVERIS'
 'Antica Focacceria San Francesco' 'Dmail-Percassi']"
1884;['Employerland'];['RAI' 'Unilever' 'Microsoft' 'Aeroporti di Roma' 'Employerland Demo']
1885;['Employerland'];"[""Victoria's secret - Percassi "" 'Roche UK' 'Gi Group' 'EVERIS'
 'Antica Focacceria San Francesco']"
1886;['Employerland'];"['Employerland Demo' 'Bricoman Italia' 'Roche UK'
 ""Victoria's secret - Percassi "" 'EVERIS']"
1889;['Employerland'];"['Bricoman Italia' ""Victoria's secret - Percassi "" 'EVERIS' 'Roche UK'
 'NTT DATA Italia']"
1891;['Employerland'];"['Bricoman Italia' 'EVERIS' ""Victoria's secret - Percassi "" 'Roche UK'
 'NTT DATA Italia']"
1892;['Johnson & Johnson' 'Employerland Demo' 'Employerland'];['RAI' 'Leroy Merlin' 'Microsoft' 'Aeroporti di Roma' 'Unilever']
1895;['Employerland'];"['Roche UK' ""Victoria's secret - Percassi "" 'EVERIS'
 'Antica Focacceria San Francesco' 'Dmail-Percassi']"
1900;['Employerland'];['Bricoman Italia' 'Leroy Merlin' 'RAI' 'Aeroporti di Roma' 'Microsoft']
1908;['Employerland'];"['Bricoman Italia' 'Bosch' ""Victoria's secret - Percassi "" 'EVERIS'
 'Roche UK']"
1912;['Employerland'];"['Roche UK' ""Victoria's secret - Percassi "" 'EVERIS'
 'Antica Focacceria San Francesco' 'Dmail-Percassi']"
1913;['Employerland'];"['EVERIS' 'Roche UK' 'Luxottica' 'Dmail-Percassi'
 'Antica Focacceria San Francesco']"
1916;['Employerland'];"['Roche UK' ""Victoria's secret - Percassi "" 'EVERIS'
 'Antica Focacceria San Francesco' 'Dmail-Percassi']"
1917;['Employerland'];"['Roche UK' ""Victoria's secret - Percassi "" 'EVERIS'
 'Antica Focacceria San Francesco' 'Dmail-Percassi']"
1920;['Employerland'];['Employerland Demo' 'Unilever' 'Johnson & Johnson' 'Microsoft' 'RAI']
1921;['Employerland'];['Bricoman Italia' 'Leroy Merlin' 'Bosch' 'Employerland Demo' 'Decathlon']
1923;['Employerland'];['Bricoman Italia' 'Leroy Merlin' 'Bosch' 'Employerland Demo' 'Cerved']
1924;['Employerland'];"['Bricoman Italia' 'Bosch' 'EVERIS' ""Victoria's secret - Percassi ""
 'Leroy Merlin']"
1926;['Employerland'];"['Roche UK' ""Victoria's secret - Percassi "" 'EVERIS'
 'Antica Focacceria San Francesco' 'Dmail-Percassi']"
1928;['Employerland'];"['Roche UK' ""Victoria's secret - Percassi "" 'EVERIS'
 'Antica Focacceria San Francesco' 'Dmail-Percassi']"
1934;['Employerland'];"['Bricoman Italia' ""Victoria's secret - Percassi "" 'EVERIS' 'Bosch'
 'Leroy Merlin']"
1936;['Employerland'];['Bricoman Italia' 'Leroy Merlin' 'Bosch' 'Employerland Demo' 'Cerved']
1937;['Employerland'];['Bricoman Italia' 'Leroy Merlin' 'Bosch' 'Employerland Demo' 'Cerved']
1939;['Employerland'];['Bricoman Italia' 'Leroy Merlin' 'Bosch' 'Employerland Demo' 'Cerved']
1941;['Employerland'];['Employerland Demo' 'Bricoman Italia' 'Leroy Merlin' 'Unilever' 'Bosch']
1942;['Employerland'];"['Roche UK' ""Victoria's secret - Percassi "" 'EVERIS'
 'Antica Focacceria San Francesco' 'Dmail-Percassi']"
1951;['Employerland'];"[""Victoria's secret - Percassi "" 'Roche UK' 'Gi Group' 'EVERIS'
 'Antica Focacceria San Francesco']"
1954;['Employerland'];['RAI' 'Microsoft' 'Aeroporti di Roma' 'Leroy Merlin' 'Unilever']
1957;['Employerland'];"['Roche UK' ""Victoria's secret - Percassi "" 'EVERIS'
 'Antica Focacceria San Francesco' 'Dmail-Percassi']"
1960;['Employerland'];"['Employerland Demo' 'Unilever' 'Bricoman Italia' 'Tech Data'
 'Leroy Merlin']"
1961;['Employerland'];['Employerland Demo' 'Bricoman Italia' 'Leroy Merlin' 'Unilever' 'RAI']
1964;['Employerland'];"['Employerland Demo' 'Unilever' 'Johnson & Johnson' 'Microsoft'
 'Philip Morris Italia']"
1974;['Employerland'];"['Employerland Demo' 'Unilever' 'Johnson & Johnson' 'Philip Morris Italia'
 'Microsoft']"
1975;['Employerland'];"['Roche UK' ""Victoria's secret - Percassi "" 'EVERIS'
 'Antica Focacceria San Francesco' 'Dmail-Percassi']"
1976;['Employerland'];"['Employerland Demo' ""Victoria's secret - Percassi "" 'Bricoman Italia'
 'Roche UK' 'Gi Group']"
1978;['Employerland'];['Bricoman Italia' 'Leroy Merlin' 'RAI' 'Aeroporti di Roma' 'Microsoft']
1982;['Employerland'];"['Employerland Demo' 'Unilever' 'Johnson & Johnson' 'Bricoman Italia'
 'Philip Morris Italia']"
1984;['Employerland'];"['Employerland Demo' 'Unilever' 'Bricoman Italia' 'Tech Data'
 'Leroy Merlin']"
1991;['Employerland'];['Bricoman Italia' 'Employerland Demo' 'Leroy Merlin' 'EVERIS' 'RAI']
1994;['Employerland'];"['Employerland Demo' 'Unilever' 'Bricoman Italia' 'Leroy Merlin'
 'Johnson & Johnson']"
1995;['Employerland'];"['Roche UK' ""Victoria's secret - Percassi "" 'EVERIS'
 'Antica Focacceria San Francesco' 'Dmail-Percassi']"
2004;['Employerland'];['Bricoman Italia' 'Leroy Merlin' 'Bosch' 'Employerland Demo' 'Cerved']
2006;['Employerland'];['Bricoman Italia' 'Employerland Demo' 'Leroy Merlin' 'Bosch' 'Unilever']
2008;['Employerland'];"['EVERIS' ""Victoria's secret - Percassi "" 'Roche UK'
 'Antica Focacceria San Francesco' 'Dmail-Percassi']"
2010;['Employerland'];['Bricoman Italia' 'Leroy Merlin' 'Bosch' 'Employerland Demo' 'Decathlon']
2011;['Employerland'];"['Employerland Demo' 'Unilever' 'Johnson & Johnson' 'Microsoft'
 'Philip Morris Italia']"
2012;['Employerland'];['Bricoman Italia' 'Leroy Merlin' 'Bosch' 'Employerland Demo' 'Decathlon']
2014;['Employerland' 'Employerland Demo' 'Leroy Merlin'];"['Bosch' 'Bricoman Italia' 'Johnson & Johnson'
 'Università Europea di Roma' 'Unilever']"
2017;['Employerland'];"[""Victoria's secret - Percassi "" 'Roche UK' 'EVERIS' 'Gi Group' 'Bosch']"
2018;['Employerland'];"['Bosch' 'Johnson & Johnson' 'Bricoman Italia'
 ""Victoria's secret - Percassi "" 'EVERIS']"
2021;['Johnson & Johnson' 'Employerland'];"['Employerland Demo' 'Unilever' 'Bricoman Italia' 'Leroy Merlin'
 'Tech Data']"
2024;['Employerland'];"['Employerland Demo' 'Unilever' 'Bricoman Italia' 'Leroy Merlin'
 'Tech Data']"
2028;['Employerland'];"['Employerland Demo' 'Unilever' 'Bricoman Italia' 'Leroy Merlin'
 'Tech Data']"
2029;['Employerland'];"['Employerland Demo' 'Unilever' 'Bricoman Italia' 'Leroy Merlin'
 'Tech Data']"
2030;['Employerland'];"['Employerland Demo' 'Unilever' 'Leroy Merlin' 'Johnson & Johnson'
 'Bricoman Italia']"
2036;['Employerland'];"['Employerland Demo' 'Unilever' 'Bricoman Italia' 'Leroy Merlin'
 'Tech Data']"
2037;['Employerland'];"['Roche UK' ""Victoria's secret - Percassi "" 'EVERIS'
 'Antica Focacceria San Francesco' 'Dmail-Percassi']"
2039;['Employerland'];"['Employerland Demo' 'Bricoman Italia' 'Unilever'
 ""Victoria's secret - Percassi "" 'Roche UK']"
2040;['Employerland'];"['Johnson & Johnson' 'Bosch' ""Victoria's secret - Percassi "" 'Roche UK'
 'Gi Group']"
2042;['Employerland'];"['Employerland Demo' 'Unilever' 'Bricoman Italia' 'Leroy Merlin'
 'Tech Data']"
2045;['Employerland'];"['EVERIS' 'Roche UK' 'Luxottica' 'Dmail-Percassi'
 'Antica Focacceria San Francesco']"
2050;['Employerland'];"[""Victoria's secret - Percassi "" 'EVERIS' 'Roche UK'
 'Antica Focacceria San Francesco' 'Dmail-Percassi']"
2052;['Employerland'];['Leroy Merlin' 'Bricoman Italia' 'RAI' 'Decathlon' 'Aeroporti di Roma']
2053;['Employerland'];"[""Victoria's secret - Percassi "" 'Roche UK' 'EVERIS' 'Gi Group'
 'Antica Focacceria San Francesco']"
2054;['Employerland'];['Employerland Demo' 'Unilever' 'Johnson & Johnson' 'Microsoft' 'RAI']
2055;['Employerland'];['Bricoman Italia' 'Leroy Merlin' 'RAI' 'Employerland Demo' 'Microsoft']
2057;['Employerland'];['Bricoman Italia' 'Employerland Demo' 'Leroy Merlin' 'Bosch' 'Unilever']
2059;['Employerland'];"['Bricoman Italia' 'Leroy Merlin' 'Bosch' 'Employerland Demo'
 'Bricocenter Italia']"
2060;['Johnson & Johnson' 'Employerland'];['Bricoman Italia' 'Leroy Merlin' 'Bosch' 'Employerland Demo' 'Calzedonia']
2072;['Employerland'];['Tech Data' 'Datalogic' 'Whirlpool' 'Roche UK' 'Elica']
2075;['Employerland'];"['Roche UK' ""Victoria's secret - Percassi "" 'EVERIS'
 'Antica Focacceria San Francesco' 'Dmail-Percassi']"
2076;['Johnson & Johnson' 'Employerland' 'Unilever'];"['Employerland Demo' 'Bricoman Italia' 'Leroy Merlin' 'Tech Data'
 'Philip Morris Italia']"
2078;['Employerland'];"['Bricoman Italia' 'Bosch' ""Victoria's secret - Percassi "" 'Roche UK'
 'EVERIS']"
2079;['Employerland'];"['Bricoman Italia' 'Bosch' 'Leroy Merlin' ""Victoria's secret - Percassi ""
 'EVERIS']"
2080;['Employerland'];"['Employerland Demo' 'Unilever' 'Bricoman Italia' 'Leroy Merlin'
 'Tech Data']"
2081;['Employerland' 'Bosch' 'Unilever' 'Johnson & Johnson'];['Philip Morris Italia' 'Pirelli' 'Elica' 'Findus' 'Calzedonia']
2083;['Employerland'];"['Employerland Demo' 'Unilever' 'Bricoman Italia' 'Leroy Merlin'
 'Tech Data']"
2093;['Employerland'];['Bricoman Italia' 'Leroy Merlin' 'RAI' 'Microsoft' 'Aeroporti di Roma']
2095;['Employerland'];"['Employerland Demo' 'Unilever' 'Johnson & Johnson' 'Bricoman Italia'
 'Roche UK']"
2096;['Employerland'];['Bricoman Italia' 'Leroy Merlin' 'Bosch' 'Employerland Demo' 'Cerved']
2099;['Employerland'];"['Employerland Demo' 'Unilever' 'Bricoman Italia' 'Tech Data'
 'Leroy Merlin']"
2100;['Employerland'];['Bricoman Italia' 'Leroy Merlin' 'Bosch' 'Employerland Demo' 'Cerved']
2105;['Employerland'];"['Roche UK' ""Victoria's secret - Percassi "" 'EVERIS'
 'Antica Focacceria San Francesco' 'Dmail-Percassi']"
2111;['Employerland'];"['Employerland Demo' 'Unilever' 'Bricoman Italia' 'Leroy Merlin'
 'Tech Data']"
2119;['Employerland'];"['Employerland Demo' 'Unilever' 'Bricoman Italia' 'Leroy Merlin'
 'Tech Data']"
2123;['Employerland'];"['Roche UK' ""Victoria's secret - Percassi "" 'EVERIS'
 'Antica Focacceria San Francesco' 'Dmail-Percassi']"
2134;['Employerland'];"['Employerland Demo' 'Unilever' 'Bricoman Italia' 'Tech Data'
 'MOOD HOTELS']"
2140;['Employerland'];['Bricoman Italia' 'Leroy Merlin' 'Bosch' 'Decathlon' 'Aeroporti di Roma']
2144;"['Unilever' 'Microsoft' 'Johnson & Johnson' 'Employerland Demo'
 'Employerland']";['Tech Data' 'Whirlpool' 'Datalogic' 'Roche UK' 'Elica']
2146;['Employerland'];['Bricoman Italia' 'Leroy Merlin' 'Employerland Demo' 'RAI' 'EVERIS']
2147;['Employerland'];"['Employerland Demo' 'Unilever' 'Bricoman Italia' 'Leroy Merlin'
 'Tech Data']"
2155;['Employerland'];"['Roche UK' ""Victoria's secret - Percassi "" 'EVERIS'
 'Antica Focacceria San Francesco' 'Dmail-Percassi']"
2157;['Employerland'];"['Bricoman Italia' 'EVERIS' ""Victoria's secret - Percassi ""
 'NTT DATA Italia' 'Roche UK']"
2161;['Employerland'];['Bricoman Italia' 'Leroy Merlin' 'Bosch' 'Employerland Demo' 'EVERIS']
2164;['Employerland'];"['Bricoman Italia' 'EVERIS' 'Roche UK' 'Antica Focacceria San Francesco'
 'Dmail-Percassi']"
2170;['Employerland'];"['Leroy Merlin' 'Bricoman Italia' 'Lidl Italia' 'Aeroporti di Roma'
 'Calzedonia']"
2171;['Johnson & Johnson' 'Employerland'];"[""Victoria's secret - Percassi "" 'EVERIS' 'Roche UK' 'Gi Group'
 'NTT DATA Italia']"
2175;['Employerland'];['Leroy Merlin' 'Bricoman Italia' 'Bricocenter Italia' 'RAI' 'Decathlon']
2176;['Employerland'];['Leroy Merlin' 'Bricoman Italia' 'RAI' 'Decathlon' 'Bricocenter Italia']
2177;['Employerland'];"['Employerland Demo' 'Unilever' 'Bricoman Italia' 'Leroy Merlin'
 'Tech Data']"
2179;['Employerland' 'LUXOTTICA BRAZIL LTDA'];"['Roche UK' ""Victoria's secret - Percassi "" 'EVERIS'
 'Antica Focacceria San Francesco' 'Dmail-Percassi']"
2182;['Employerland'];['Employerland Demo' 'Bricoman Italia' 'Leroy Merlin' 'Unilever' 'Bosch']
2183;['Employerland'];"['Bricoman Italia' 'EVERIS' 'Roche UK' 'Antica Focacceria San Francesco'
 'Dmail-Percassi']"
2193;['Employerland'];['Employerland Demo' 'Unilever' 'Microsoft' 'RAI' 'Aeroporti di Roma']
2197;['Employerland'];"['Bosch' 'Johnson & Johnson' ""Victoria's secret - Percassi ""
 'Bricoman Italia' 'EVERIS']"
2198;['Employerland'];"['Bricoman Italia' 'Employerland Demo' 'EVERIS'
 ""Victoria's secret - Percassi "" 'Roche UK']"
2209;['Employerland'];"['Roche UK' ""Victoria's secret - Percassi "" 'EVERIS'
 'Antica Focacceria San Francesco' 'Dmail-Percassi']"
2210;['Unilever' 'Bosch'];"['Employerland Demo' 'Bricoman Italia' 'Tech Data' 'MOOD HOTELS'
 'Leroy Merlin']"
2214;['LUXOTTICA BRAZIL LTDA'];"['Employerland Demo' 'Bricoman Italia' 'Unilever' 'Leroy Merlin'
 'Tech Data']"
2216;['Employerland'];"['Roche UK' ""Victoria's secret - Percassi "" 'EVERIS'
 'Antica Focacceria San Francesco' 'Dmail-Percassi']"
2218;['Employerland'];"['Roche UK' ""Victoria's secret - Percassi "" 'EVERIS'
 'Antica Focacceria San Francesco' 'Dmail-Percassi']"
2220;['LUXOTTICA BRAZIL LTDA'];"[""Victoria's secret - Percassi "" 'Roche UK' 'EVERIS' 'Gi Group'
 'Antica Focacceria San Francesco']"
2231;['Employerland'];['Bricoman Italia' 'Leroy Merlin' 'Bosch' 'Employerland Demo' 'Whirlpool']
2232;['Employerland'];"['Employerland Demo' 'Unilever' 'Bricoman Italia' 'Leroy Merlin'
 'Tech Data']"
2235;['Employerland'];"[""Victoria's secret - Percassi "" 'Roche UK' 'EVERIS' 'Gi Group' 'Bosch']"
2236;['Employerland'];"[""Victoria's secret - Percassi "" 'Roche UK' 'EVERIS' 'Gi Group' 'Bosch']"
2237;['Leroy Merlin' 'Bosch' 'Employerland' 'Johnson & Johnson'];"[""Victoria's secret - Percassi "" 'EVERIS' 'Gi Group' 'Roche UK'
 'Dmail-Percassi']"
2238;['Employerland'];['Bricoman Italia' 'Leroy Merlin' 'Bosch' 'Employerland Demo' 'Cerved']
2241;['Employerland'];"['Bricoman Italia' 'Bosch' 'Leroy Merlin' 'EVERIS'
 ""Victoria's secret - Percassi ""]"
2244;['LUXOTTICA BRAZIL LTDA' 'Employerland'];"['Bosch' ""Victoria's secret - Percassi "" 'EVERIS' 'Roche UK' 'Gi Group']"
2246;['LUXOTTICA BRAZIL LTDA'];"['Employerland Demo' 'Unilever' 'Bricoman Italia' 'Leroy Merlin'
 'Tech Data']"
2247;['Employerland'];"['Bricoman Italia' ""Victoria's secret - Percassi "" 'Roche UK' 'EVERIS'
 'Antica Focacceria San Francesco']"
2249;['LUXOTTICA BRAZIL LTDA'];"[""Victoria's secret - Percassi "" 'EVERIS' 'Bosch' 'Roche UK'
 'Dmail-Percassi']"
2251;['LUXOTTICA BRAZIL LTDA'];"['Employerland Demo' 'Unilever' 'Bricoman Italia' 'Leroy Merlin'
 'Tech Data']"
2255;['LUXOTTICA BRAZIL LTDA'];"['Roche UK' ""Victoria's secret - Percassi "" 'EVERIS'
 'Antica Focacceria San Francesco' 'Dmail-Percassi']"
2256;['Employerland'];"['Bosch' ""Victoria's secret - Percassi "" 'Johnson & Johnson' 'EVERIS'
 'Bricoman Italia']"
2258;['Employerland'];"['Employerland Demo' 'Unilever' 'Bricoman Italia' 'Tech Data'
 'Leroy Merlin']"
2259;['Employerland'];"['Employerland Demo' 'Roche UK' ""Victoria's secret - Percassi "" 'Gi Group'
 'Dmail-Percassi']"
2260;['Employerland'];"['Roche UK' ""Victoria's secret - Percassi "" 'EVERIS'
 'Antica Focacceria San Francesco' 'Dmail-Percassi']"
2273;['Employerland'];"['Employerland Demo' 'Unilever' 'Bricoman Italia' 'Leroy Merlin'
 'Tech Data']"
2276;['Employerland'];"['Roche UK' ""Victoria's secret - Percassi "" 'EVERIS'
 'Antica Focacceria San Francesco' 'Dmail-Percassi']"
2282;['LUXOTTICA BRAZIL LTDA'];['Bricoman Italia' 'Leroy Merlin' 'Bosch' 'Employerland Demo' 'Cerved']
2283;['LUXOTTICA BRAZIL LTDA'];"['Roche UK' ""Victoria's secret - Percassi "" 'EVERIS'
 'Antica Focacceria San Francesco' 'Dmail-Percassi']"
2284;['Employerland'];['Bricoman Italia' 'Leroy Merlin' 'Employerland Demo' 'Bosch' 'Unilever']
2286;['Employerland'];"['Employerland Demo' 'Unilever' 'Bricoman Italia' 'Leroy Merlin'
 'Tech Data']"
2291;['EY' 'Johnson & Johnson' 'Employerland'];"['Employerland Demo' 'Unilever' 'Bricoman Italia' 'Leroy Merlin'
 'Tech Data']"
2292;['Employerland'];"['Roche UK' ""Victoria's secret - Percassi "" 'EVERIS'
 'Antica Focacceria San Francesco' 'Dmail-Percassi']"
2295;['LUXOTTICA BRAZIL LTDA'];"['Roche UK' ""Victoria's secret - Percassi "" 'EVERIS'
 'Antica Focacceria San Francesco' 'Dmail-Percassi']"
2299;['Employerland'];"['Employerland Demo' ""Victoria's secret - Percassi "" 'Roche UK' 'Gi Group'
 'SMOOTH HOTELS']"
2300;['Employerland'];['Bricoman Italia' 'Leroy Merlin' 'Bosch' 'Employerland Demo' 'EVERIS']
2306;['LUXOTTICA BRAZIL LTDA' 'Employerland'];"['Employerland Demo' 'Unilever' 'Bricoman Italia' 'Leroy Merlin'
 'Tech Data']"
2313;['Bosch'];"['Roche UK' ""Victoria's secret - Percassi "" 'EVERIS'
 'Antica Focacceria San Francesco' 'Dmail-Percassi']"
2317;['Employerland'];"['Roche UK' ""Victoria's secret - Percassi "" 'EVERIS'
 'Antica Focacceria San Francesco' 'Dmail-Percassi']"
2319;['Employerland'];"['Bricoman Italia' ""Victoria's secret - Percassi "" 'Roche UK' 'EVERIS'
 'Gi Group']"
2320;['Employerland'];"['Roche UK' ""Victoria's secret - Percassi "" 'EVERIS'
 'Antica Focacceria San Francesco' 'Dmail-Percassi']"
2325;['Employerland'];"['Roche UK' ""Victoria's secret - Percassi "" 'EVERIS'
 'Antica Focacceria San Francesco' 'Dmail-Percassi']"
2326;['Employerland'];['Employerland Demo' 'Bricoman Italia' 'Elica' 'Unilever' 'Leroy Merlin']
2331;['LUXOTTICA BRAZIL LTDA'];['Bricoman Italia' 'Leroy Merlin' 'Bosch' 'Employerland Demo' 'Cerved']
2333;['Employerland'];"['Roche UK' ""Victoria's secret - Percassi "" 'EVERIS'
 'Antica Focacceria San Francesco' 'Dmail-Percassi']"
2335;['Employerland'];"['Tech Data' 'Datalogic' 'Whirlpool' ""Victoria's secret - Percassi ""
 'EVERIS']"
2337;['Employerland'];['Bricoman Italia' 'Leroy Merlin' 'Bosch' 'Employerland Demo' 'Cerved']
2338;['Employerland'];"['Bricoman Italia' 'Bosch' ""Victoria's secret - Percassi "" 'Roche UK'
 'EVERIS']"
2339;['LUXOTTICA BRAZIL LTDA' 'Employerland'];['Bricoman Italia' 'Leroy Merlin' 'Bosch' 'Employerland Demo' 'Cerved']
2341;['LUXOTTICA BRAZIL LTDA' 'Employerland'];"['Roche UK' ""Victoria's secret - Percassi "" 'EVERIS'
 'Antica Focacceria San Francesco' 'Dmail-Percassi']"
2342;['LUXOTTICA BRAZIL LTDA'];['Calzedonia' 'Goldenpoint' 'Employerland' 'RAI' 'Elica']
2346;['Employerland'];['Tech Data' 'Whirlpool' 'Datalogic' 'Roche UK' 'Elica']
2349;['LUXOTTICA BRAZIL LTDA'];"['Roche UK' ""Victoria's secret - Percassi "" 'EVERIS'
 'Antica Focacceria San Francesco' 'Dmail-Percassi']"
2356;['LUXOTTICA BRAZIL LTDA'];"['Roche UK' ""Victoria's secret - Percassi "" 'EVERIS'
 'Antica Focacceria San Francesco' 'Dmail-Percassi']"
2359;['LUXOTTICA BRAZIL LTDA' 'Employerland'];"['Roche UK' ""Victoria's secret - Percassi "" 'EVERIS'
 'Antica Focacceria San Francesco' 'Dmail-Percassi']"
2361;['LUXOTTICA BRAZIL LTDA'];"['Roche UK' ""Victoria's secret - Percassi "" 'EVERIS'
 'Antica Focacceria San Francesco' 'Dmail-Percassi']"
2362;['Employerland'];"['Roche UK' ""Victoria's secret - Percassi "" 'EVERIS'
 'Antica Focacceria San Francesco' 'Dmail-Percassi']"
2363;['Employerland'];"['Roche UK' ""Victoria's secret - Percassi "" 'EVERIS'
 'Antica Focacceria San Francesco' 'Dmail-Percassi']"
2366;['LUXOTTICA BRAZIL LTDA'];"['Roche UK' ""Victoria's secret - Percassi "" 'EVERIS'
 'Antica Focacceria San Francesco' 'Dmail-Percassi']"
2367;['LUXOTTICA BRAZIL LTDA' 'Employerland'];"['Roche UK' ""Victoria's secret - Percassi "" 'EVERIS'
 'Antica Focacceria San Francesco' 'Dmail-Percassi']"
2369;['Employerland'];"['Roche UK' ""Victoria's secret - Percassi "" 'EVERIS'
 'Antica Focacceria San Francesco' 'Dmail-Percassi']"
2371;['LUXOTTICA BRAZIL LTDA' 'Employerland'];"['Tech Data' 'Datalogic' 'Whirlpool' ""Victoria's secret - Percassi ""
 'EVERIS']"
2373;['Unilever' 'Employerland Demo' 'Leroy Merlin' 'Whirlpool'];"['Roche UK' ""Victoria's secret - Percassi "" 'EVERIS'
 'Antica Focacceria San Francesco' 'Dmail-Percassi']"
2378;['Employerland'];"['Roche UK' ""Victoria's secret - Percassi "" 'EVERIS'
 'Antica Focacceria San Francesco' 'Dmail-Percassi']"
2381;"['EY' 'Lottomatica' 'RAI' 'Deloitte' 'Bosch' 'Unilever' 'Bricoman Italia'
 'Employerland Demo' 'Aeroporti di Roma' 'Employerland' 'Leroy Merlin'
 'Tech Data']";['Johnson & Johnson' 'Wind Tre' 'Findus' 'Microsoft' 'Goldenpoint']
2382;['Employerland'];"['Roche UK' ""Victoria's secret - Percassi "" 'EVERIS'
 'Antica Focacceria San Francesco' 'Dmail-Percassi']"
2383;['LUXOTTICA BRAZIL LTDA' 'Employerland'];"['Roche UK' ""Victoria's secret - Percassi "" 'EVERIS'
 'Antica Focacceria San Francesco' 'Dmail-Percassi']"
2385;['Employerland'];"['EVERIS' 'Roche UK' 'Luxottica' 'Dmail-Percassi'
 'Antica Focacceria San Francesco']"
2386;['LUXOTTICA BRAZIL LTDA'];['RAI' 'Microsoft' 'Aeroporti di Roma' 'Unilever' 'Leroy Merlin']
2387;['LUXOTTICA BRAZIL LTDA' 'Employerland'];"['Roche UK' 'EVERIS' ""Victoria's secret - Percassi "" 'Dmail-Percassi'
 'Antica Focacceria San Francesco']"
2391;['LUXOTTICA BRAZIL LTDA'];"['Employerland' 'Roche UK' 'EVERIS' ""Victoria's secret - Percassi ""
 'Dmail-Percassi']"
2394;['LUXOTTICA BRAZIL LTDA' 'Employerland'];"['Roche UK' ""Victoria's secret - Percassi "" 'EVERIS'
 'Antica Focacceria San Francesco' 'Dmail-Percassi']"
2395;['LUXOTTICA BRAZIL LTDA' 'Employerland'];"['Roche UK' ""Victoria's secret - Percassi "" 'EVERIS'
 'Antica Focacceria San Francesco' 'Dmail-Percassi']"
2397;['LUXOTTICA BRAZIL LTDA'];"['Roche UK' ""Victoria's secret - Percassi "" 'EVERIS'
 'Antica Focacceria San Francesco' 'Dmail-Percassi']"
2398;['Employerland'];['RAI' 'Microsoft' 'Aeroporti di Roma' 'Elica' 'Whirlpool']
2399;['Employerland'];"['Roche UK' ""Victoria's secret - Percassi "" 'EVERIS'
 'Antica Focacceria San Francesco' 'Dmail-Percassi']"
2400;['Employerland' 'LUXOTTICA BRAZIL LTDA'];"['Roche UK' ""Victoria's secret - Percassi "" 'EVERIS'
 'Antica Focacceria San Francesco' 'Dmail-Percassi']"
2401;['Employerland'];"['Roche UK' ""Victoria's secret - Percassi "" 'EVERIS'
 'Antica Focacceria San Francesco' 'Dmail-Percassi']"
2402;['Employerland'];"['EVERIS' 'Roche UK' 'Luxottica' 'Dmail-Percassi'
 'Antica Focacceria San Francesco']"
2403;['LUXOTTICA BRAZIL LTDA' 'Employerland'];"['Roche UK' ""Victoria's secret - Percassi "" 'EVERIS'
 'Antica Focacceria San Francesco' 'Dmail-Percassi']"
2405;['Employerland'];"['Roche UK' ""Victoria's secret - Percassi "" 'EVERIS'
 'Antica Focacceria San Francesco' 'Dmail-Percassi']"
2406;['Employerland' 'Johnson & Johnson'];['RAI' 'Aeroporti di Roma' 'Microsoft' 'Elica' 'Whirlpool']
2407;['LUXOTTICA BRAZIL LTDA'];"['Roche UK' ""Victoria's secret - Percassi "" 'EVERIS'
 'Antica Focacceria San Francesco' 'Dmail-Percassi']"
2410;['LUXOTTICA BRAZIL LTDA' 'Employerland'];['Elica' 'Aeroporti di Roma' 'RAI' 'Microsoft' 'Whirlpool']
2412;['Employerland'];['Datalogic' 'Tech Data' 'Whirlpool' 'Aeroporti di Roma' 'Elica']
2413;['LUXOTTICA BRAZIL LTDA'];"['Employerland' 'Roche UK' 'EVERIS' ""Victoria's secret - Percassi ""
 'Dmail-Percassi']"
2416;['Employerland'];"['Roche UK' ""Victoria's secret - Percassi "" 'EVERIS'
 'Antica Focacceria San Francesco' 'Dmail-Percassi']"
2417;['LUXOTTICA BRAZIL LTDA'];['Tech Data' 'Datalogic' 'Whirlpool' 'Aeroporti di Roma' 'RAI']
2427;['Employerland'];"['Roche UK' ""Victoria's secret - Percassi "" 'EVERIS'
 'Antica Focacceria San Francesco' 'Dmail-Percassi']"
2428;['Employerland'];"[""Victoria's secret - Percassi "" 'Roche UK' 'Cellularline' 'EVERIS'
 'Cerved']"
2431;['Employerland'];"['Università Europea di Roma' 'Cellularline'
 ""Victoria's secret - Percassi "" 'SMOOTH HOTELS' 'Gi Group']"
2432;['Employerland'];"['Roche UK' ""Victoria's secret - Percassi "" 'EVERIS'
 'Antica Focacceria San Francesco' 'Dmail-Percassi']"
2433;['LUXOTTICA BRAZIL LTDA' 'Employerland'];"['Roche UK' ""Victoria's secret - Percassi "" 'EVERIS'
 'Antica Focacceria San Francesco' 'Dmail-Percassi']"
2437;['LUXOTTICA BRAZIL LTDA' 'Employerland'];"['Roche UK' ""Victoria's secret - Percassi "" 'EVERIS'
 'Antica Focacceria San Francesco' 'Dmail-Percassi']"
2438;['LUXOTTICA BRAZIL LTDA'];['RAI' 'Microsoft' 'Aeroporti di Roma' 'Employerland' 'Unilever']
2448;['Employerland'];"['Roche UK' ""Victoria's secret - Percassi "" 'EVERIS'
 'Antica Focacceria San Francesco' 'Dmail-Percassi']"
2452;['LUXOTTICA BRAZIL LTDA'];['RAI' 'Microsoft' 'Aeroporti di Roma' 'Whirlpool' 'Datalogic']
2457;['Employerland'];['Lottomatica' 'RAI' 'Microsoft' 'Aeroporti di Roma' 'Decathlon']
2459;['LUXOTTICA BRAZIL LTDA'];['Tech Data' 'Datalogic' 'Whirlpool' 'Roche UK' 'Aeroporti di Roma']
2460;['LUXOTTICA BRAZIL LTDA' 'Employerland'];['Unilever' 'Employerland Demo' 'RAI' 'Microsoft' 'Johnson & Johnson']
2463;['LUXOTTICA BRAZIL LTDA' 'Employerland'];"['Roche UK' ""Victoria's secret - Percassi "" 'EVERIS'
 'Antica Focacceria San Francesco' 'Dmail-Percassi']"
2465;['LUXOTTICA BRAZIL LTDA'];"['Bosch' 'Johnson & Johnson' 'Bricoman Italia'
 ""Victoria's secret - Percassi "" 'EVERIS']"
2469;['LUXOTTICA BRAZIL LTDA' 'Employerland'];['Elica' 'RAI' 'Aeroporti di Roma' 'Microsoft' 'Whirlpool']
2476;['Employerland' 'LUXOTTICA BRAZIL LTDA'];"[""Victoria's secret - Percassi "" 'Cellularline' 'Roche UK' 'Open Fiber'
 'EVERIS']"
2477;['Employerland'];"['Roche UK' ""Victoria's secret - Percassi "" 'EVERIS'
 'Antica Focacceria San Francesco' 'Dmail-Percassi']"
2479;['Employerland'];"['Roche UK' ""Victoria's secret - Percassi "" 'EVERIS'
 'Antica Focacceria San Francesco' 'Dmail-Percassi']"
2481;['Employerland'];['RAI' 'Microsoft' 'Aeroporti di Roma' 'Elica' 'Leroy Merlin']
2482;['LUXOTTICA BRAZIL LTDA'];"['Roche UK' ""Victoria's secret - Percassi "" 'EVERIS'
 'Antica Focacceria San Francesco' 'Dmail-Percassi']"
2491;['Employerland'];"['Roche UK' ""Victoria's secret - Percassi "" 'EVERIS'
 'Antica Focacceria San Francesco' 'Dmail-Percassi']"
2494;['Employerland' 'Johnson & Johnson'];"[""Victoria's secret - Percassi "" 'Roche UK'
 'Antica Focacceria San Francesco' 'Gi Group' 'EVERIS']"
2495;['LUXOTTICA BRAZIL LTDA'];['RAI' 'Microsoft' 'Aeroporti di Roma' 'Elica' 'Leroy Merlin']
2496;['Employerland'];['Università Europea di Roma' 'EY' 'Tech Data' 'Whirlpool' 'Datalogic']
2497;['Employerland'];"[""Victoria's secret - Percassi "" 'Roche UK' 'EVERIS' 'Gi Group'
 'Antica Focacceria San Francesco']"
2501;['Johnson & Johnson' 'Employerland'];"['Bricoman Italia' ""Victoria's secret - Percassi "" 'EVERIS' 'Leroy Merlin'
 'Cellularline']"
2502;['Employerland'];['Tech Data' 'Datalogic' 'Whirlpool' 'Aeroporti di Roma' 'RAI']
2503;['Employerland'];['RAI' 'Microsoft' 'Aeroporti di Roma' 'Università Europea di Roma' 'EY']
2504;['Employerland' 'LUXOTTICA BRAZIL LTDA'];['Lidl Italia' 'Decathlon' 'Würth Srl ' 'Rinascente' 'Bricocenter Italia']
2505;['Employerland'];['RAI' 'Microsoft' 'Aeroporti di Roma' 'Leroy Merlin' 'Elica']
2506;['Employerland'];"['Roche UK' ""Victoria's secret - Percassi "" 'EVERIS'
 'Antica Focacceria San Francesco' 'Dmail-Percassi']"
2508;['LUXOTTICA BRAZIL LTDA'];"['Roche UK' ""Victoria's secret - Percassi "" 'EVERIS'
 'Antica Focacceria San Francesco' 'Dmail-Percassi']"
2509;['Employerland'];['RAI' 'Aeroporti di Roma' 'Microsoft' 'Elica' 'Leroy Merlin']
2512;['LUXOTTICA BRAZIL LTDA'];['RAI' 'Microsoft' 'Aeroporti di Roma' 'Unilever' 'Elica']
2513;['LUXOTTICA BRAZIL LTDA'];"['Roche UK' 'Tech Data' 'Datalogic' 'Whirlpool'
 ""Victoria's secret - Percassi ""]"
2514;['Employerland'];"['Lottomatica' 'Decathlon' 'Wind Tre' 'Ferrovie dello Stato Italiane'
 'Open Fiber']"
2515;['LUXOTTICA BRAZIL LTDA' 'Employerland'];"['Johnson & Johnson' 'Bosch' 'Roche UK' 'EVERIS'
 ""Victoria's secret - Percassi ""]"
2519;['Employerland'];"['Roche UK' 'EVERIS' ""Victoria's secret - Percassi "" 'Dmail-Percassi'
 'Antica Focacceria San Francesco']"
2520;['Employerland'];"['Roche UK' ""Victoria's secret - Percassi "" 'EVERIS'
 'Antica Focacceria San Francesco' 'Dmail-Percassi']"
2523;['Employerland'];['Aeroporti di Roma' 'Whirlpool' 'Datalogic' 'Elica' 'RAI']
2525;['LUXOTTICA BRAZIL LTDA'];['Tech Data' 'Datalogic' 'Whirlpool' 'Aeroporti di Roma' 'RAI']
2526;['Employerland'];['Siemens' 'NTT DATA Italia' 'Pirelli' 'Cellularline' 'FRONERI']
2529;['LUXOTTICA BRAZIL LTDA'];"['Roche UK' ""Victoria's secret - Percassi "" 'EVERIS'
 'Antica Focacceria San Francesco' 'Dmail-Percassi']"
2532;['Employerland'];"['Elica' 'Whirlpool' 'Università Europea di Roma' 'Aeroporti di Roma'
 'Calzedonia']"
2534;['Employerland'];"['EVERIS' 'Roche UK' 'Luxottica' 'Dmail-Percassi'
 'Antica Focacceria San Francesco']"
2536;['Bosch' 'Employerland' 'Johnson & Johnson'];['Whirlpool' 'Tech Data' 'Datalogic' 'Aeroporti di Roma' 'Roche UK']
2537;['Employerland'];"['Roche UK' ""Victoria's secret - Percassi "" 'EVERIS'
 'Antica Focacceria San Francesco' 'Dmail-Percassi']"
2538;['Employerland'];"['Roche UK' ""Victoria's secret - Percassi "" 'Gi Group'
 'Antica Focacceria San Francesco' 'Dmail-Percassi']"
2541;['Johnson & Johnson' 'Bosch'];['Elica' 'Whirlpool' 'Aeroporti di Roma' 'Siemens' 'Calzedonia']
2547;['LUXOTTICA BRAZIL LTDA' 'Employerland'];"['Roche UK' ""Victoria's secret - Percassi "" 'EVERIS'
 'Antica Focacceria San Francesco' 'Dmail-Percassi']"
2549;['LUXOTTICA BRAZIL LTDA'];['Elica' 'Aeroporti di Roma' 'Goldenpoint' 'Siemens' 'Calzedonia']
2550;['Employerland'];['Elica' 'Aeroporti di Roma' 'Microsoft' 'RAI' 'Whirlpool']
2552;['LUXOTTICA BRAZIL LTDA' 'Employerland'];['Elica' 'EY' 'Calzedonia' 'Università Europea di Roma' 'Whirlpool']
2553;['Employerland'];['Elica' 'Whirlpool' 'Aeroporti di Roma' 'Calzedonia' 'Goldenpoint']
2554;['Employerland'];['Elica' 'Aeroporti di Roma' 'Microsoft' 'RAI' 'Whirlpool']
2558;['Employerland'];['RAI' 'Microsoft' 'Aeroporti di Roma' 'Elica' 'Leroy Merlin']
2559;['Johnson & Johnson' 'Employerland'];['Elica' 'Bosch' 'Siemens' 'Goldenpoint' 'Aeroporti di Roma']
2560;['Johnson & Johnson' 'Employerland'];['RAI' 'Microsoft' 'Aeroporti di Roma' 'Leroy Merlin' 'Unilever']
2564;['Employerland'];"['Roche UK' ""Victoria's secret - Percassi "" 'EVERIS'
 'Antica Focacceria San Francesco' 'Dmail-Percassi']"
2567;['Employerland'];"[""Victoria's secret - Percassi "" 'Cellularline' 'Open Fiber' 'Roche UK'
 'Lottomatica']"
2574;['Employerland'];['Elica' 'Whirlpool' 'Aeroporti di Roma' 'Datalogic' 'Siemens']
2576;['LUXOTTICA BRAZIL LTDA'];['Elica' 'Whirlpool' 'EY' 'Tech Data' 'Datalogic']
2578;['Employerland'];['Elica' 'Aeroporti di Roma' 'RAI' 'Microsoft' 'Whirlpool']
2589;"['Johnson & Johnson' 'Aeroporti di Roma' 'Employerland' 'Bosch'
 'Bricoman Italia' 'EY']";"['Università Europea di Roma' 'Cerved' 'Roche UK'
 ""Victoria's secret - Percassi "" 'Antica Focacceria San Francesco']"
2590;['Johnson & Johnson' 'Employerland'];"['Roche UK' ""Victoria's secret - Percassi "" 'EVERIS'
 'Antica Focacceria San Francesco' 'Dmail-Percassi']"
2591;"['Johnson & Johnson' 'Unilever' 'Employerland' 'Employerland Demo'
 'Leroy Merlin']";['RAI' 'Microsoft' 'Aeroporti di Roma' 'EY' 'Elica']
2592;"['Johnson & Johnson' 'RAI' 'Unilever' 'Aeroporti di Roma'
 'Employerland Demo' 'Employerland']";"['Microsoft' 'EVERIS' ""Victoria's secret - Percassi "" 'Dmail-Percassi'
 'NTT DATA Italia']"
2593;['Johnson & Johnson'];['RAI' 'Aeroporti di Roma' 'Microsoft' 'Whirlpool' 'Elica']
2594;['Employerland'];"['RAI' 'Microsoft' 'Aeroporti di Roma' 'EVERIS'
 ""Victoria's secret - Percassi ""]"
2595;['Employerland'];['Elica' 'Aeroporti di Roma' 'Whirlpool' 'Siemens' 'Calzedonia']
2598;['Employerland'];['Elica' 'Aeroporti di Roma' 'Whirlpool' 'Goldenpoint' 'Siemens']
2599;['Bosch' 'Johnson & Johnson' 'Leroy Merlin' 'Unilever' 'Employerland'];['Elica' 'Whirlpool' 'Aeroporti di Roma' 'Calzedonia' 'Siemens']
2603;['Employerland'];['RAI' 'Aeroporti di Roma' 'Microsoft' 'Elica' 'Leroy Merlin']
2607;['Employerland'];['Elica' 'Aeroporti di Roma' 'RAI' 'Microsoft' 'Whirlpool']
2608;['Employerland'];['RAI' 'Microsoft' 'Aeroporti di Roma' 'Unilever' 'Leroy Merlin']
2609;['Johnson & Johnson' 'Employerland'];['Employerland Demo' 'Unilever' 'Microsoft' 'Philip Morris Italia' 'RAI']
2611;['LUXOTTICA BRAZIL LTDA'];['RAI' 'Microsoft' 'Aeroporti di Roma' 'Leroy Merlin' 'Unilever']
2614;['LUXOTTICA BRAZIL LTDA'];['RAI' 'Microsoft' 'Aeroporti di Roma' 'Elica' 'Leroy Merlin']
2618;['LUXOTTICA BRAZIL LTDA'];['Employerland Demo' 'Unilever' 'Johnson & Johnson' 'Microsoft' 'RAI']
2625;['Johnson & Johnson'];['Employerland Demo' 'Unilever' 'Microsoft' 'RAI' 'Philip Morris Italia']
2627;['LUXOTTICA BRAZIL LTDA'];['Unilever' 'Employerland Demo' 'Johnson & Johnson' 'Microsoft' 'RAI']
2628;['Employerland'];"['Employerland Demo' 'Unilever' 'Johnson & Johnson' 'Philip Morris Italia'
 'Roche UK']"
2629;['LUXOTTICA BRAZIL LTDA' 'Employerland'];['RAI' 'Microsoft' 'Aeroporti di Roma' 'EY' 'Whirlpool']
2632;['LUXOTTICA BRAZIL LTDA' 'Employerland'];"['Employerland Demo' 'Unilever' 'Johnson & Johnson' 'Microsoft'
 'Philip Morris Italia']"
2633;['LUXOTTICA BRAZIL LTDA'];['RAI' 'Microsoft' 'Aeroporti di Roma' 'Unilever' 'Johnson & Johnson']
2635;['Johnson & Johnson' 'Employerland'];['Università Europea di Roma' 'EY' 'Tech Data' 'Whirlpool' 'Datalogic']
2636;['Employerland'];"['Roche UK' ""Victoria's secret - Percassi "" 'EVERIS'
 'Antica Focacceria San Francesco' 'Dmail-Percassi']"
2646;['LUXOTTICA BRAZIL LTDA' 'Employerland'];['RAI' 'Microsoft' 'Aeroporti di Roma' 'Leroy Merlin' 'Elica']
2647;['LUXOTTICA BRAZIL LTDA'];['Tech Data' 'Datalogic' 'Whirlpool' 'EY' 'Aeroporti di Roma']
2658;['LUXOTTICA BRAZIL LTDA' 'Employerland'];"['RAI' 'EVERIS' ""Victoria's secret - Percassi "" 'Dmail-Percassi'
 'Antica Focacceria San Francesco']"
2659;['Employerland'];['Luxottica' 'Rinascente' 'MAG HOTELS' 'Calzedonia' 'Gi Group Horeca']
2663;['LUXOTTICA BRAZIL LTDA'];['RAI' 'Microsoft' 'Aeroporti di Roma' 'Unilever' 'Leroy Merlin']
2667;['LUXOTTICA BRAZIL LTDA' 'Employerland'];['Leroy Merlin' 'RAI' 'Microsoft' 'Aeroporti di Roma' 'Bricoman Italia']
2670;['Employerland'];['Chiesi Group' 'Sanofi SpA' 'Roche' 'Angelini' 'Bristol-Myers Squibb']
2673;['Employerland'];"['RAI' 'Microsoft' 'Aeroporti di Roma' ""Victoria's secret - Percassi ""
 'EVERIS']"
2674;['LUXOTTICA BRAZIL LTDA' 'Employerland'];['Eurobet Italia' 'PwC' 'EY' 'Università Europea di Roma' 'Cellularline']
2676;['LUXOTTICA BRAZIL LTDA'];"['RAI' ""Victoria's secret - Percassi "" 'EVERIS' 'Gi Group' 'Roche UK']"
2678;['LUXOTTICA BRAZIL LTDA'];"['Tech Data' 'Datalogic' 'Whirlpool' ""Victoria's secret - Percassi ""
 'EVERIS']"
2682;['LUXOTTICA BRAZIL LTDA'];['RAI' 'Aeroporti di Roma' 'Microsoft' 'Elica' 'Whirlpool']
2683;['Employerland'];"['RAI' 'Aeroporti di Roma' 'Microsoft' 'EVERIS'
 ""Victoria's secret - Percassi ""]"
2685;['LUXOTTICA BRAZIL LTDA'];['RAI' 'Microsoft' 'Aeroporti di Roma' 'Leroy Merlin' 'Elica']
2688;['Employerland'];['Elica' 'Aeroporti di Roma' 'Whirlpool' 'Goldenpoint' 'Siemens']
2690;['Employerland'];"['Roche UK' ""Victoria's secret - Percassi "" 'EVERIS'
 'Antica Focacceria San Francesco' 'Dmail-Percassi']"
2692;['Employerland'];"['RAI' 'Microsoft' ""Victoria's secret - Percassi "" 'EVERIS'
 'Aeroporti di Roma']"
2703;['Employerland'];['RAI' 'Microsoft' 'Aeroporti di Roma' 'Elica' 'Whirlpool']
2704;['LUXOTTICA BRAZIL LTDA' 'Employerland'];['RAI' 'Microsoft' 'Aeroporti di Roma' 'Elica' 'Leroy Merlin']
2706;['LUXOTTICA BRAZIL LTDA'];"['RAI' ""Victoria's secret - Percassi "" 'EVERIS' 'Roche UK'
 'Dmail-Percassi']"
2708;['LUXOTTICA BRAZIL LTDA'];['RAI' 'Microsoft' 'Aeroporti di Roma' 'Leroy Merlin' 'EVERIS']
2710;['Employerland'];['RAI' 'Aeroporti di Roma' 'Microsoft' 'Whirlpool' 'Datalogic']
2715;['LUXOTTICA BRAZIL LTDA'];['RAI' 'Aeroporti di Roma' 'Microsoft' 'Whirlpool' 'Datalogic']
2716;['LUXOTTICA BRAZIL LTDA'];"['Roche UK' ""Victoria's secret - Percassi "" 'EVERIS'
 'Antica Focacceria San Francesco' 'Dmail-Percassi']"
2723;['Employerland'];['RAI' 'Microsoft' 'Aeroporti di Roma' 'Leroy Merlin' 'EVERIS']
2724;['Johnson & Johnson' 'Employerland'];"['Roche UK' ""Victoria's secret - Percassi "" 'EVERIS'
 'Antica Focacceria San Francesco' 'Dmail-Percassi']"
2726;['LUXOTTICA BRAZIL LTDA'];"['Roche UK' ""Victoria's secret - Percassi "" 'EVERIS'
 'Antica Focacceria San Francesco' 'Dmail-Percassi']"
2727;['LUXOTTICA BRAZIL LTDA'];['RAI' 'Aeroporti di Roma' 'Microsoft' 'Leroy Merlin' 'Elica']
2728;['LUXOTTICA BRAZIL LTDA'];"['Bricoman Italia' 'Leroy Merlin' 'EVERIS' ""Victoria's secret - Percassi ""
 'Antica Focacceria San Francesco']"
2730;['LUXOTTICA BRAZIL LTDA'];"['Roche UK' ""Victoria's secret - Percassi "" 'EVERIS'
 'Antica Focacceria San Francesco' 'Dmail-Percassi']"
2734;['Employerland'];"[""Victoria's secret - Percassi "" 'Roche UK' 'EVERIS' 'Gi Group'
 'Antica Focacceria San Francesco']"
2736;['Employerland' 'LUXOTTICA BRAZIL LTDA'];"['Roche UK' ""Victoria's secret - Percassi "" 'EVERIS'
 'Antica Focacceria San Francesco' 'Dmail-Percassi']"
2744;['Employerland'];['RAI' 'Aeroporti di Roma' 'Microsoft' 'Whirlpool' 'Elica']
2746;['LUXOTTICA BRAZIL LTDA' 'Employerland'];"['RAI' 'Microsoft' 'Aeroporti di Roma' ""Victoria's secret - Percassi ""
 'EVERIS']"
2755;['Employerland' 'LUXOTTICA BRAZIL LTDA'];['Elica' 'Whirlpool' 'Aeroporti di Roma' 'Datalogic' 'RAI']
2757;['Johnson & Johnson'];"['Roche UK' ""Victoria's secret - Percassi "" 'EVERIS'
 'Antica Focacceria San Francesco' 'Dmail-Percassi']"
2759;['Johnson & Johnson'];['RAI' 'Microsoft' 'Aeroporti di Roma' 'Leroy Merlin' 'Elica']
2764;['Employerland' 'Johnson & Johnson'];['Elica' 'Whirlpool' 'Siemens' 'Roche UK' 'Datalogic']
2767;['LUXOTTICA BRAZIL LTDA' 'Employerland'];"['Tech Data' 'Datalogic' 'Whirlpool' ""Victoria's secret - Percassi ""
 'EVERIS']"
2772;['Employerland'];['Elica' 'Aeroporti di Roma' 'RAI' 'Microsoft' 'Whirlpool']
2775;['Roche' 'Employerland'];['Datalogic' 'Tech Data' 'Elica' 'Whirlpool' 'Aeroporti di Roma']
2779;['Lottomatica' 'Employerland Demo' 'Bricoman Italia'];['RAI' 'Microsoft' 'Aeroporti di Roma' 'Leroy Merlin' 'Elica']
2787;['Employerland' 'Whirlpool'];"['Roche UK' ""Victoria's secret - Percassi "" 'Gi Group' 'Cerved'
 'Lego-Percassi']"
2796;['Employerland'];"['Roche UK' 'Datalogic' ""Victoria's secret - Percassi "" 'Tech Data'
 'Gi Group']"
2797;['Employerland'];['Tech Data' 'Whirlpool' 'Datalogic' 'Roche UK' 'Elica']
2798;['LUXOTTICA BRAZIL LTDA'];['Tech Data' 'Datalogic' 'Whirlpool' 'EY' 'Aeroporti di Roma']
2801;['Employerland'];['Tech Data' 'Whirlpool' 'Datalogic' 'Roche UK' 'Elica']
2807;['LUXOTTICA BRAZIL LTDA'];"[""Victoria's secret - Percassi "" 'Roche UK'
 'Antica Focacceria San Francesco' 'Gi Group' 'EVERIS']"
2808;['Employerland'];['Elica' 'Aeroporti di Roma' 'RAI' 'Microsoft' 'Whirlpool']
2810;['Employerland'];"['RAI' ""Victoria's secret - Percassi "" 'EVERIS' 'Gi Group'
 'NTT DATA Italia']"
2811;['LUXOTTICA BRAZIL LTDA'];['Università Europea di Roma' 'EY' 'PwC' 'Tech Data' 'Deloitte']
2815;['Employerland'];['RAI' 'Aeroporti di Roma' 'Microsoft' 'Elica' 'Whirlpool']
2818;['Employerland'];['Lidl Italia' 'Rinascente' 'Würth Srl ' 'Decathlon' 'Bricocenter Italia']
2819;['Johnson & Johnson'];"['Roche UK' ""Victoria's secret - Percassi "" 'Gi Group'
 'Antica Focacceria San Francesco' 'Dmail-Percassi']"
2823;['Employerland'];['Aeroporti di Roma' 'RAI' 'Elica' 'Microsoft' 'Whirlpool']
2832;['LUXOTTICA BRAZIL LTDA'];['Chiesi Group' 'Sanofi SpA' 'Roche' 'Angelini' 'Bristol-Myers Squibb']
2838;['LUXOTTICA BRAZIL LTDA'];['Chiesi Group' 'Sanofi SpA' 'Roche' 'Angelini' 'Bristol-Myers Squibb']
2844;['LUXOTTICA BRAZIL LTDA'];['Elica' 'Aeroporti di Roma' 'RAI' 'Microsoft' 'Whirlpool']
2845;['Employerland'];['Tech Data' 'Whirlpool' 'Datalogic' 'Roche UK' 'Elica']
2846;['LUXOTTICA BRAZIL LTDA' 'Employerland'];['Leroy Merlin' 'Bricoman Italia' 'RAI' 'Decathlon' 'Bricocenter Italia']
2851;['Employerland'];['Elica' 'Aeroporti di Roma' 'Whirlpool' 'Goldenpoint' 'Siemens']
2852;['LUXOTTICA BRAZIL LTDA'];['RAI' 'Microsoft' 'Aeroporti di Roma' 'Leroy Merlin' 'Elica']
2858;['Johnson & Johnson'];"['Roche UK' ""Victoria's secret - Percassi "" 'EVERIS'
 'Antica Focacceria San Francesco' 'Dmail-Percassi']"
2860;['Employerland' 'Johnson & Johnson'];"[""Victoria's secret - Percassi "" 'Roche UK' 'EVERIS' 'Gi Group'
 'Antica Focacceria San Francesco']"
2861;['Employerland' 'LUXOTTICA BRAZIL LTDA'];"['Tech Data' 'Datalogic' 'Whirlpool' 'EVERIS'
 ""Victoria's secret - Percassi ""]"
2862;['Johnson & Johnson' 'Employerland'];['Tech Data' 'Università Europea di Roma' 'Whirlpool' 'EY' 'Datalogic']
2867;['Employerland'];['Elica' 'Whirlpool' 'Aeroporti di Roma' 'Siemens' 'Goldenpoint']
2874;['Employerland' 'LUXOTTICA BRAZIL LTDA'];['Elica' 'Aeroporti di Roma' 'RAI' 'Microsoft' 'Whirlpool']
2878;['Employerland'];['Tech Data' 'Whirlpool' 'Datalogic' 'Roche UK' 'Elica']
2886;['Elica' 'Employerland'];['EY' 'Università Europea di Roma' 'Tech Data' 'Whirlpool' 'PwC']
2891;['Employerland'];"['Tech Data' 'Datalogic' 'Whirlpool' ""Victoria's secret - Percassi ""
 'EVERIS']"
2893;['Employerland'];['RAI' 'Aeroporti di Roma' 'Microsoft' 'Elica' 'Whirlpool']
2894;['LUXOTTICA BRAZIL LTDA'];['Tech Data' 'Datalogic' 'Whirlpool' 'Aeroporti di Roma' 'RAI']
2895;['Employerland'];"['Roche UK' ""Victoria's secret - Percassi "" 'EVERIS'
 'Antica Focacceria San Francesco' 'Dmail-Percassi']"
2901;['Employerland'];['Tech Data' 'Whirlpool' 'Datalogic' 'Roche UK' 'Bricoman Italia']
2904;['LUXOTTICA BRAZIL LTDA'];['Tech Data' 'Whirlpool' 'Datalogic' 'Roche UK' 'Elica']
2907;['Employerland' 'LUXOTTICA BRAZIL LTDA'];['RAI' 'Aeroporti di Roma' 'Microsoft' 'Whirlpool' 'Roche UK']
2912;"['Bosch' 'Johnson & Johnson' 'Bricoman Italia' 'Aeroporti di Roma'
 'Leroy Merlin' 'Elica' 'Unilever' 'Whirlpool' 'Roche' 'Employerland'
 'Lottomatica' 'RAI']";['Tech Data' 'EY' 'Datalogic' 'Università Europea di Roma' 'Microsoft']
2913;['Employerland'];"[""Victoria's secret - Percassi "" 'Roche UK' 'EVERIS' 'Gi Group'
 'Antica Focacceria San Francesco']"
2916;['Johnson & Johnson' 'Unilever'];['Bricoman Italia' 'Leroy Merlin' 'Tech Data' 'Whirlpool' 'Datalogic']
2917;['Bosch' 'Johnson & Johnson'];"['Roche UK' ""Victoria's secret - Percassi "" 'EVERIS'
 'Antica Focacceria San Francesco' 'Dmail-Percassi']"
2918;['Johnson & Johnson' 'Bosch' 'Employerland'];"['Employerland Demo' 'Unilever' 'Università Europea di Roma' 'Roche UK'
 'Philip Morris Italia']"
2920;['Employerland' 'Johnson & Johnson'];"['Roche UK' 'Datalogic' ""Victoria's secret - Percassi "" 'Tech Data'
 'Gi Group']"
2921;['Employerland' 'LUXOTTICA BRAZIL LTDA'];['Luxottica' 'Rinascente' 'MAG HOTELS' 'Gi Group Horeca' 'Calzedonia']
2922;['LUXOTTICA BRAZIL LTDA' 'Employerland'];"['Roche UK' ""Victoria's secret - Percassi "" 'EVERIS'
 'Antica Focacceria San Francesco' 'Dmail-Percassi']"
2923;['Johnson & Johnson' 'Employerland'];"['Roche UK' 'Datalogic' ""Victoria's secret - Percassi "" 'Tech Data'
 'Gi Group']"
2924;['Johnson & Johnson' 'Employerland'];['Tech Data' 'Datalogic' 'Whirlpool' 'EY' 'Employerland Demo']
2925;['Employerland'];['Accenture' 'Kpmg' 'Deloitte' 'Goldenpoint' 'NTT DATA Italia']
2926;['LUXOTTICA BRAZIL LTDA'];"[""Victoria's secret - Percassi "" 'Roche UK' 'EVERIS' 'Gi Group'
 'Antica Focacceria San Francesco']"
2927;['LUXOTTICA BRAZIL LTDA'];['Tech Data' 'Whirlpool' 'Datalogic' 'Roche UK' 'EY']
2930;['LUXOTTICA BRAZIL LTDA'];"['RAI' 'EVERIS' ""Victoria's secret - Percassi "" 'Dmail-Percassi'
 'Antica Focacceria San Francesco']"
2931;['Employerland'];"['Roche UK' ""Victoria's secret - Percassi "" 'EVERIS'
 'Antica Focacceria San Francesco' 'Dmail-Percassi']"
2932;['LUXOTTICA BRAZIL LTDA'];['RAI' 'Microsoft' 'Aeroporti di Roma' 'Leroy Merlin' 'Elica']
2938;['Bosch' 'Employerland'];"['EY' 'Università Europea di Roma' 'Calzedonia' 'Eurobet Italia'
 'Philip Morris Italia']"
2940;['Johnson & Johnson' 'Employerland'];['Tech Data' 'Whirlpool' 'Datalogic' 'Roche UK' 'Elica']
2941;['LUXOTTICA BRAZIL LTDA'];['RAI' 'Microsoft' 'Aeroporti di Roma' 'Leroy Merlin' 'Unilever']
2948;['LUXOTTICA BRAZIL LTDA'];['Tech Data' 'Leroy Merlin' 'Bricoman Italia' 'Datalogic' 'Whirlpool']
2950;['LUXOTTICA BRAZIL LTDA'];['Employerland' 'Calzedonia' 'Rinascente' 'Eurobet Italia' 'Luxottica']
2952;['Employerland'];['Tech Data' 'Datalogic' 'Whirlpool' 'Leroy Merlin' 'Bricoman Italia']
2957;['Johnson & Johnson'];['RAI' 'Microsoft' 'Aeroporti di Roma' 'Leroy Merlin' 'Elica']
2959;['EY' 'Johnson & Johnson' 'Employerland'];['Università Europea di Roma' 'Tech Data' 'Roche UK' 'Cerved' 'FRONERI']
2960;['Employerland'];['RAI' 'Aeroporti di Roma' 'Microsoft' 'Whirlpool' 'Roche UK']
2967;['LUXOTTICA BRAZIL LTDA' 'Employerland'];['RAI' 'Microsoft' 'Aeroporti di Roma' 'Leroy Merlin' 'Elica']
2973;['Employerland' 'Johnson & Johnson'];['Tech Data' 'Datalogic' 'Whirlpool' 'EY' 'Aeroporti di Roma']
2974;['Employerland'];['RAI' 'Aeroporti di Roma' 'Tech Data' 'Datalogic' 'Microsoft']
2975;['Employerland'];"['Roche UK' ""Victoria's secret - Percassi "" 'EVERIS'
 'Antica Focacceria San Francesco' 'Dmail-Percassi']"
2976;['LUXOTTICA BRAZIL LTDA'];"['RAI' 'Microsoft' 'Aeroporti di Roma' 'EVERIS'
 ""Victoria's secret - Percassi ""]"
2979;['RAI' 'Johnson & Johnson' 'Calzedonia'];"[""Victoria's secret - Percassi "" 'Roche UK'
 'Antica Focacceria San Francesco' 'Gi Group' 'EVERIS']"
2982;['Employerland'];['Università Europea di Roma' 'EY' 'Tech Data' 'PwC' 'Whirlpool']
2989;['LUXOTTICA BRAZIL LTDA'];['RAI' 'Microsoft' 'Aeroporti di Roma' 'Leroy Merlin' 'Unilever']
2991;['Employerland'];"['Roche UK' ""Victoria's secret - Percassi "" 'EVERIS'
 'Antica Focacceria San Francesco' 'Dmail-Percassi']"
2994;['Johnson & Johnson'];['Employerland' 'Luxottica' 'Rinascente' 'EVERIS' 'MAG HOTELS']
2996;['Employerland' 'RAI'];"['Tech Data' 'Datalogic' 'Whirlpool' 'EVERIS'
 ""Victoria's secret - Percassi ""]"
2999;['Employerland'];['Università Europea di Roma' 'EY' 'Calzedonia' 'Whirlpool' 'Bosch']
3000;['LUXOTTICA BRAZIL LTDA' 'Employerland'];['EY' 'Università Europea di Roma' 'RAI' 'Aeroporti di Roma' 'Microsoft']
3004;['LUXOTTICA BRAZIL LTDA'];"['Roche UK' ""Victoria's secret - Percassi "" 'EVERIS'
 'Antica Focacceria San Francesco' 'Dmail-Percassi']"
3005;['Employerland'];"['EY' 'Università Europea di Roma' 'Calzedonia' 'Eurobet Italia'
 'Luxottica']"
3006;['LUXOTTICA BRAZIL LTDA' 'Employerland'];"['RAI' 'Microsoft' 'Aeroporti di Roma' 'EVERIS'
 ""Victoria's secret - Percassi ""]"
3008;['LUXOTTICA BRAZIL LTDA'];['RAI' 'Microsoft' 'Aeroporti di Roma' 'Università Europea di Roma' 'EY']
3012;['Employerland'];"['Roche UK' 'Datalogic' 'Tech Data' 'Whirlpool'
 ""Victoria's secret - Percassi ""]"
3013;['LUXOTTICA BRAZIL LTDA' 'Employerland'];"['Università Europea di Roma' 'Roche UK' 'Cerved'
 ""Victoria's secret - Percassi "" 'Antica Focacceria San Francesco']"
3024;['LUXOTTICA BRAZIL LTDA'];['EY' 'Università Europea di Roma' 'PwC' 'Employerland' 'Deloitte']
3025;['LUXOTTICA BRAZIL LTDA'];['EY' 'Università Europea di Roma' 'Microsoft' 'RAI' 'PwC']
3027;['LUXOTTICA BRAZIL LTDA' 'Employerland'];"['Università Europea di Roma' 'Roche UK' ""Victoria's secret - Percassi ""
 'Antica Focacceria San Francesco' 'Cerved']"
3028;['Employerland' 'Johnson & Johnson'];['RAI' 'Aeroporti di Roma' 'Microsoft' 'EY' 'Whirlpool']
3032;['LUXOTTICA BRAZIL LTDA'];"['Università Europea di Roma' 'Roche UK' 'Cerved'
 ""Victoria's secret - Percassi "" 'Antica Focacceria San Francesco']"
3033;['Employerland' 'Johnson & Johnson' 'EY'];['Università Europea di Roma' 'Tech Data' 'Cerved' 'FRONERI' 'Roche UK']
3036;['Employerland'];['RAI' 'Microsoft' 'Aeroporti di Roma' 'Leroy Merlin' 'Elica']
3037;['LUXOTTICA BRAZIL LTDA'];['Tech Data' 'Datalogic' 'Whirlpool' 'EY' 'Employerland Demo']
3038;['Employerland'];['Calzedonia' 'Rinascente' 'Luxottica' 'Eurobet Italia' 'MAG HOTELS']
3039;['LUXOTTICA BRAZIL LTDA'];"['Università Europea di Roma' 'Roche UK' 'Cerved'
 ""Victoria's secret - Percassi "" 'Antica Focacceria San Francesco']"
3040;['Employerland'];['RAI' 'Microsoft' 'Aeroporti di Roma' 'EY' 'Università Europea di Roma']
3042;['LUXOTTICA BRAZIL LTDA'];"['Università Europea di Roma' 'Roche UK' 'Cerved'
 ""Victoria's secret - Percassi "" 'Antica Focacceria San Francesco']"
3046;['LUXOTTICA BRAZIL LTDA' 'Employerland'];"[""Victoria's secret - Percassi "" 'Roche UK'
 'Antica Focacceria San Francesco' 'Gi Group' 'EVERIS']"
3049;['LUXOTTICA BRAZIL LTDA' 'Employerland'];"['Roche UK' ""Victoria's secret - Percassi "" 'EVERIS'
 'Antica Focacceria San Francesco' 'Dmail-Percassi']"
3050;['Employerland'];"['Università Europea di Roma' 'Roche UK' 'Cerved'
 ""Victoria's secret - Percassi "" 'Antica Focacceria San Francesco']"
3051;['Employerland'];['RAI' 'Aeroporti di Roma' 'Microsoft' 'Whirlpool' 'Roche UK']
3052;['Johnson & Johnson' 'Employerland'];"['Università Europea di Roma' 'Roche UK' 'Cerved'
 ""Victoria's secret - Percassi "" 'Antica Focacceria San Francesco']"
3053;['Johnson & Johnson'];['EY' 'Università Europea di Roma' 'Tech Data' 'Whirlpool' 'Datalogic']
3057;['Employerland' 'EY' 'Bosch' 'Johnson & Johnson'];['Università Europea di Roma' 'Tech Data' 'Whirlpool' 'Datalogic' 'PwC']
3058;['Employerland'];['EY' 'Università Europea di Roma' 'Tech Data' 'Whirlpool' 'Datalogic']
3062;['Johnson & Johnson' 'Employerland'];['Università Europea di Roma' 'EY' 'Tech Data' 'FRONERI' 'Cerved']
3064;['Johnson & Johnson' 'Employerland' 'Unilever' 'Leroy Merlin'];"['RAI' ""Victoria's secret - Percassi "" 'EVERIS' 'Gi Group' 'Roche UK']"
3065;['Johnson & Johnson'];['Università Europea di Roma' 'EY' 'PwC' 'Tech Data' 'Deloitte']
3067;['Johnson & Johnson' 'Employerland'];['Tech Data' 'Datalogic' 'Whirlpool' 'Roche UK' 'Aeroporti di Roma']
3068;['LUXOTTICA BRAZIL LTDA'];"['Chiesi Group' 'Sanofi SpA' ""Victoria's secret - Percassi "" 'Roche UK'
 'EVERIS']"
3072;['LUXOTTICA BRAZIL LTDA'];['RAI' 'Microsoft' 'Aeroporti di Roma' 'Elica' 'Leroy Merlin']
3073;"['Johnson & Johnson' 'Unilever' 'Elica' 'Aeroporti di Roma' 'Bosch'
 'Roche' 'Employerland' 'Employerland Demo' 'EY']";['RAI' 'Microsoft' 'Whirlpool' 'Università Europea di Roma' 'Datalogic']
3075;['Employerland'];"['Roche UK' ""Victoria's secret - Percassi "" 'EVERIS'
 'Antica Focacceria San Francesco' 'Dmail-Percassi']"
3077;['LUXOTTICA BRAZIL LTDA'];['RAI' 'Microsoft' 'Aeroporti di Roma' 'Leroy Merlin' 'Elica']
3078;['LUXOTTICA BRAZIL LTDA' 'Employerland'];"['Roche UK' ""Victoria's secret - Percassi "" 'EVERIS'
 'Antica Focacceria San Francesco' 'Dmail-Percassi']"
3080;['Johnson & Johnson' 'Employerland'];['Tech Data' 'Datalogic' 'Whirlpool' 'Aeroporti di Roma' 'EY']
3082;['Johnson & Johnson'];['Tech Data' 'Datalogic' 'Aeroporti di Roma' 'RAI' 'Whirlpool']
3083;['Johnson & Johnson' 'Roche' 'Unilever'];"['Bosch' ""Victoria's secret - Percassi "" 'Roche UK' 'Gi Group' 'EVERIS']"
3087;['Johnson & Johnson' 'Employerland'];['Tech Data' 'Whirlpool' 'Datalogic' 'Roche UK' 'Aeroporti di Roma']
3088;['Employerland'];"['NTT DATA Italia' 'Kpmg' ""Victoria's secret - Percassi "" 'Accenture'
 'EVERIS']"
3089;['Johnson & Johnson' 'Employerland'];['Roche UK' 'Tech Data' 'Datalogic' 'Whirlpool' 'Aeroporti di Roma']
3092;['Employerland'];['RAI' 'Aeroporti di Roma' 'Microsoft' 'Leroy Merlin' 'Bricoman Italia']
3095;['Employerland'];"['Roche UK' 'Datalogic' ""Victoria's secret - Percassi "" 'Tech Data'
 'Gi Group']"
3097;['Employerland'];['Tech Data' 'Datalogic' 'Whirlpool' 'EY' 'Roche']
3100;['Johnson & Johnson' 'Employerland'];['Università Europea di Roma' 'EY' 'PwC' 'Deloitte' 'Kpmg']
3101;['Johnson & Johnson'];"['RAI' 'Microsoft' 'Aeroporti di Roma' ""Victoria's secret - Percassi ""
 'Elica']"
3104;['Johnson & Johnson' 'Employerland'];['RAI' 'Microsoft' 'EY' 'Aeroporti di Roma' 'Leroy Merlin']
3109;['LUXOTTICA BRAZIL LTDA'];['Chiesi Group' 'Sanofi SpA' 'Roche' 'Angelini' 'Bristol-Myers Squibb']
3112;['Johnson & Johnson' 'Bosch'];"['Roche UK' ""Victoria's secret - Percassi "" 'EVERIS'
 'Antica Focacceria San Francesco' 'Dmail-Percassi']"
3113;['LUXOTTICA BRAZIL LTDA' 'Employerland'];"['Tech Data' 'Datalogic' 'Whirlpool' ""Victoria's secret - Percassi ""
 'EVERIS']"
3115;['Employerland'];"[""Victoria's secret - Percassi "" 'Roche UK' 'EVERIS' 'Gi Group'
 'Antica Focacceria San Francesco']"
3118;['Johnson & Johnson'];['RAI' 'Aeroporti di Roma' 'Microsoft' 'Whirlpool' 'Elica']
3119;['Johnson & Johnson'];['Datalogic' 'Tech Data' 'Aeroporti di Roma' 'Whirlpool' 'RAI']
3121;['Employerland'];['EY' 'Università Europea di Roma' 'PwC' 'Deloitte' 'Kpmg']
3122;['Employerland'];['Università Europea di Roma' 'EY' 'PwC' 'Kpmg' 'Deloitte']
3124;['Employerland'];"[""Victoria's secret - Percassi "" 'Roche UK'
 'Antica Focacceria San Francesco' 'Gi Group' 'EVERIS']"
3125;['Employerland'];['Università Europea di Roma' 'EY' 'PwC' 'Deloitte' 'Kpmg']
3127;['LUXOTTICA BRAZIL LTDA' 'Employerland'];"['Roche UK' ""Victoria's secret - Percassi "" 'EVERIS'
 'Antica Focacceria San Francesco' 'Dmail-Percassi']"
3128;['Johnson & Johnson' 'Employerland'];['Università Europea di Roma' 'EY' 'PwC' 'Deloitte' 'Kpmg']
3129;['Bosch' 'Johnson & Johnson' 'Unilever'];"['Roche UK' ""Victoria's secret - Percassi "" 'EVERIS'
 'Antica Focacceria San Francesco' 'Dmail-Percassi']"
3131;['LUXOTTICA BRAZIL LTDA'];['Università Europea di Roma' 'EY' 'PwC' 'Tech Data' 'Deloitte']
3132;['Johnson & Johnson'];['Chiesi Group' 'Sanofi SpA' 'Roche' 'Angelini' 'Bristol-Myers Squibb']
3133;['Johnson & Johnson'];"['RAI' ""Victoria's secret - Percassi "" 'EVERIS' 'Gi Group' 'Roche UK']"
3134;['Johnson & Johnson'];"['Roche UK' ""Victoria's secret - Percassi "" 'EVERIS'
 'Antica Focacceria San Francesco' 'Dmail-Percassi']"
3138;['LUXOTTICA BRAZIL LTDA' 'Employerland'];"['Roche UK' ""Victoria's secret - Percassi "" 'EVERIS'
 'Antica Focacceria San Francesco' 'Dmail-Percassi']"
3139;['Johnson & Johnson'];['Chiesi Group' 'Sanofi SpA' 'Roche' 'Angelini' 'Bristol-Myers Squibb']
3143;['Employerland'];"['Tech Data' 'Datalogic' 'Whirlpool' ""Victoria's secret - Percassi ""
 'EVERIS']"
3148;['Johnson & Johnson' 'Employerland'];"[""Victoria's secret - Percassi "" 'Roche UK' 'EVERIS' 'Gi Group'
 'Antica Focacceria San Francesco']"
3150;['Employerland'];['RAI' 'Leroy Merlin' 'Aeroporti di Roma' 'Microsoft' 'Bricoman Italia']
3154;['Johnson & Johnson'];"['Employerland' 'Roche UK' 'EVERIS' ""Victoria's secret - Percassi ""
 'Dmail-Percassi']"
3155;['Johnson & Johnson' 'Bosch'];['Employerland' 'Calzedonia' 'Rinascente' 'Luxottica' 'Eurobet Italia']
3156;['Johnson & Johnson'];['RAI' 'Aeroporti di Roma' 'Microsoft' 'Elica' 'Whirlpool']
3157;['Johnson & Johnson' 'Employerland'];['Luxottica' 'Rinascente' 'MAG HOTELS' 'Gi Group Horeca' 'EVERIS']
3158;['Johnson & Johnson'];['Employerland' 'RAI' 'Microsoft' 'Aeroporti di Roma' 'Leroy Merlin']
3159;['Johnson & Johnson'];['Employerland' 'Luxottica' 'Rinascente' 'MAG HOTELS' 'Gi Group Horeca']
3160;['Johnson & Johnson' 'Bosch' 'Leroy Merlin' 'Unilever' 'Employerland Demo'];"[""Victoria's secret - Percassi "" 'Roche UK' 'EVERIS' 'Gi Group'
 'Antica Focacceria San Francesco']"
3161;['Johnson & Johnson' 'Employerland'];"['EVERIS' 'Roche UK' 'Luxottica' 'Dmail-Percassi'
 'Antica Focacceria San Francesco']"
3162;['Employerland'];['Tech Data' 'Datalogic' 'Whirlpool' 'Employerland Demo' 'EVERIS']
3166;['Johnson & Johnson'];['Bricoman Italia' 'Whirlpool' 'Tech Data' 'Leroy Merlin' 'Datalogic']
3169;['Johnson & Johnson'];"['Tech Data' 'Datalogic' 'Whirlpool' ""Victoria's secret - Percassi ""
 'EVERIS']"
3172;['Employerland'];"['RAI' ""Victoria's secret - Percassi "" 'EVERIS' 'Roche UK' 'Gi Group']"
3174;['Employerland'];['Università Europea di Roma' 'EY' 'Tech Data' 'Cerved' 'FRONERI']
3176;['Employerland'];['RAI' 'Microsoft' 'Aeroporti di Roma' 'EY' 'Università Europea di Roma']
3177;['LUXOTTICA BRAZIL LTDA'];['Tech Data' 'Datalogic' 'Employerland Demo' 'Whirlpool' 'Unilever']
3179;"['Roche' 'Johnson & Johnson' 'EVERIS' 'Salini Impregilo' 'Cellularline'
 'Employerland' 'Siemens']";['Università Europea di Roma' 'EY' 'Tech Data' 'PwC' 'Deloitte']
3182;['Employerland'];"[""Victoria's secret - Percassi "" 'Roche UK' 'EVERIS' 'Gi Group'
 'Antica Focacceria San Francesco']"
3183;['LUXOTTICA BRAZIL LTDA' 'Employerland'];['Università Europea di Roma' 'EY' 'PwC' 'Deloitte' 'Tech Data']
3184;['Employerland'];['EY' 'Università Europea di Roma' 'Tech Data' 'Datalogic' 'Whirlpool']
3188;['LUXOTTICA BRAZIL LTDA' 'Employerland'];"[""Victoria's secret - Percassi "" 'Roche UK'
 'Antica Focacceria San Francesco' 'Gi Group' 'EVERIS']"
3197;['Johnson & Johnson'];['Tech Data' 'EY' 'Università Europea di Roma' 'Datalogic' 'Whirlpool']
3202;['LUXOTTICA BRAZIL LTDA' 'Employerland'];['Tech Data' 'Whirlpool' 'Datalogic' 'Roche UK' 'Elica']
3203;['LUXOTTICA BRAZIL LTDA'];"['Roche UK' 'Datalogic' ""Victoria's secret - Percassi "" 'Tech Data'
 'Gi Group']"
3204;['Johnson & Johnson' 'Employerland'];"[""Victoria's secret - Percassi "" 'Roche UK' 'Gi Group' 'Lego-Percassi'
 'EVERIS']"
3206;['LUXOTTICA BRAZIL LTDA'];"['Roche UK' 'Tech Data' 'Datalogic' ""Victoria's secret - Percassi ""
 'Whirlpool']"
3207;['Johnson & Johnson' 'Employerland'];['Luxottica' 'Rinascente' 'MAG HOTELS' 'Gi Group Horeca' 'EVERIS']
3208;['Employerland'];['Università Europea di Roma' 'EY' 'Tech Data' 'PwC' 'Whirlpool']
3209;['Employerland'];['Tech Data' 'Whirlpool' 'Datalogic' 'Roche UK' 'Elica']
3210;['Employerland' 'LUXOTTICA BRAZIL LTDA'];"[""Victoria's secret - Percassi "" 'Roche UK' 'EVERIS' 'Gi Group'
 'Antica Focacceria San Francesco']"
3212;['Employerland'];['Chiesi Group' 'Roche' 'Sanofi SpA' 'Angelini' 'RAI']
3213;['LUXOTTICA BRAZIL LTDA'];['Università Europea di Roma' 'EY' 'PwC' 'Deloitte' 'Kpmg']
3214;['Johnson & Johnson' 'Employerland'];['EY' 'Università Europea di Roma' 'PwC' 'Deloitte' 'Calzedonia']
3217;['Johnson & Johnson' 'Unilever' 'Employerland'];['Università Europea di Roma' 'EY' 'Tech Data' 'PwC' 'Deloitte']
3219;['Employerland'];"[""Victoria's secret - Percassi "" 'Roche UK' 'EVERIS' 'Gi Group'
 'Antica Focacceria San Francesco']"
3222;['Johnson & Johnson' 'Leroy Merlin' 'Unilever' 'Employerland Demo'];"[""Victoria's secret - Percassi "" 'Roche UK' 'EVERIS' 'Gi Group'
 'Antica Focacceria San Francesco']"
3224;['Johnson & Johnson' 'Employerland'];['Università Europea di Roma' 'EY' 'Calzedonia' 'Eurobet Italia' 'PwC']
3226;['Johnson & Johnson' 'Employerland'];"['Roche UK' ""Victoria's secret - Percassi "" 'EVERIS'
 'Antica Focacceria San Francesco' 'Dmail-Percassi']"
3229;['Johnson & Johnson'];"['Roche UK' ""Victoria's secret - Percassi "" 'EVERIS'
 'Antica Focacceria San Francesco' 'Dmail-Percassi']"
3231;['Employerland'];"[""Victoria's secret - Percassi "" 'Roche UK'
 'Antica Focacceria San Francesco' 'Gi Group' 'EVERIS']"
3233;['LUXOTTICA BRAZIL LTDA'];['Employerland' 'Calzedonia' 'Rinascente' 'Luxottica' 'Eurobet Italia']
3234;['Johnson & Johnson' 'Employerland'];"['Roche UK' ""Victoria's secret - Percassi "" 'EVERIS'
 'Antica Focacceria San Francesco' 'Dmail-Percassi']"
3235;['Johnson & Johnson' 'Employerland'];"['Roche UK' ""Victoria's secret - Percassi "" 'EVERIS'
 'Antica Focacceria San Francesco' 'Dmail-Percassi']"
3236;['Bosch' 'Employerland'];"['Calzedonia' 'Rinascente' 'Luxottica' 'Eurobet Italia'
 'Philip Morris Italia']"
3238;"['Unilever' 'Aeroporti di Roma' 'Employerland' 'Employerland Demo' 'Bosch'
 'Johnson & Johnson' 'Leroy Merlin']";"['Roche UK' ""Victoria's secret - Percassi "" 'EVERIS'
 'Antica Focacceria San Francesco' 'Dmail-Percassi']"
3240;['Johnson & Johnson'];"['Università Europea di Roma' 'Roche UK' ""Victoria's secret - Percassi ""
 'Cerved' 'Antica Focacceria San Francesco']"
3241;['Bosch' 'Employerland' 'Johnson & Johnson'];"['Università Europea di Roma' 'EY' 'Cellularline' 'SMOOTH HOTELS'
 ""Victoria's secret - Percassi ""]"
3243;['Johnson & Johnson' 'Employerland'];"['Università Europea di Roma' 'Roche UK' ""Victoria's secret - Percassi ""
 'Antica Focacceria San Francesco' 'Cerved']"
3247;['LUXOTTICA BRAZIL LTDA' 'Employerland'];['EY' 'Università Europea di Roma' 'PwC' 'Eurobet Italia' 'Calzedonia']
3249;['LUXOTTICA BRAZIL LTDA' 'Employerland'];['Università Europea di Roma' 'EY' 'Eurobet Italia' 'PwC' 'Tech Data']
3250;['Employerland Demo' 'Bosch' 'Unilever'];['Università Europea di Roma' 'EY' 'PwC' 'Kpmg' 'Deloitte']
3253;['Johnson & Johnson'];"[""Victoria's secret - Percassi "" 'Roche UK' 'Gi Group' 'Lego-Percassi'
 'EVERIS']"
3254;['Johnson & Johnson' 'Employerland'];['Università Europea di Roma' 'EY' 'Cerved' 'Tech Data' 'Roche UK']
3255;['Johnson & Johnson'];"[""Victoria's secret - Percassi "" 'Roche UK' 'EVERIS' 'Gi Group'
 'Antica Focacceria San Francesco']"
3256;['EY' 'Employerland' 'Johnson & Johnson'];"[""Victoria's secret - Percassi "" 'Roche UK' 'Gi Group'
 'Antica Focacceria San Francesco' 'EVERIS']"
3258;['Employerland'];['Università Europea di Roma' 'EY' 'Cerved' 'Tech Data' 'Roche UK']
3259;['Johnson & Johnson'];"['Università Europea di Roma' 'Roche UK' 'Cerved'
 ""Victoria's secret - Percassi "" 'Antica Focacceria San Francesco']"
3261;['LUXOTTICA BRAZIL LTDA'];['Università Europea di Roma' 'EY' 'Calzedonia' 'Bosch' 'Cellularline']
3264;['Employerland'];"['Università Europea di Roma' 'Roche UK' ""Victoria's secret - Percassi ""
 'Cerved' 'Antica Focacceria San Francesco']"
3267;['Unilever' 'EY' 'Bosch' 'Employerland'];"[""Victoria's secret - Percassi "" 'Roche UK' 'EVERIS' 'Gi Group'
 'Antica Focacceria San Francesco']"
3271;"['RAI' 'EY' 'Aeroporti di Roma' 'Ferrovie dello Stato Italiane' 'Deloitte'
 'Goldenpoint' 'Johnson & Johnson' 'Accenture' 'Angelini' 'Amplifon']";"['Leroy Merlin' 'Bricoman Italia' 'Microsoft' 'Decathlon'
 'Bricocenter Italia']"
3272;['Employerland'];"[""Victoria's secret - Percassi "" 'Roche UK'
 'Antica Focacceria San Francesco' 'Gi Group' 'EVERIS']"
3276;['Employerland'];"[""Victoria's secret - Percassi "" 'Roche UK' 'EVERIS' 'Gi Group'
 'Antica Focacceria San Francesco']"
3278;['Bosch' 'Employerland'];"['Goldenpoint' 'Calzedonia' 'YOOX NET-A-PORTER GROUP' 'Accenture'
 'Luxottica']"
3279;['LUXOTTICA BRAZIL LTDA'];"['Università Europea di Roma' 'Roche UK' 'Cerved'
 ""Victoria's secret - Percassi "" 'Antica Focacceria San Francesco']"
3281;['Bricoman Italia' 'Johnson & Johnson' 'Bosch' 'Unilever' 'Employerland'];['Università Europea di Roma' 'EY' 'Calzedonia' 'Whirlpool' 'Elica']
3291;['Employerland'];"['Università Europea di Roma' 'Roche UK' ""Victoria's secret - Percassi ""
 'Antica Focacceria San Francesco' 'Cerved']"
3294;['LUXOTTICA BRAZIL LTDA' 'Employerland'];"['Università Europea di Roma' 'Roche UK' ""Victoria's secret - Percassi ""
 'Antica Focacceria San Francesco' 'Cerved']"
3297;['Employerland'];"['Università Europea di Roma' 'Bosch' 'Cellularline'
 ""Victoria's secret - Percassi "" 'EY']"
3300;['Johnson & Johnson' 'Employerland'];"[""Victoria's secret - Percassi "" 'Roche UK' 'EVERIS' 'Gi Group'
 'Antica Focacceria San Francesco']"
3302;['Johnson & Johnson'];"['Università Europea di Roma' 'Bosch' 'Cellularline'
 ""Victoria's secret - Percassi "" 'SMOOTH HOTELS']"
3303;['Employerland' 'Johnson & Johnson'];"['Università Europea di Roma' ""Victoria's secret - Percassi ""
 'Cellularline' 'Gi Group' 'Roche UK']"
3304;['Employerland' 'Johnson & Johnson'];['Università Europea di Roma' 'EY' 'PwC' 'Deloitte' 'Kpmg']
3306;['Johnson & Johnson' 'Employerland'];"[""Victoria's secret - Percassi "" 'Roche UK'
 'Antica Focacceria San Francesco' 'Gi Group' 'EVERIS']"
3307;['Johnson & Johnson' 'Employerland'];"[""Victoria's secret - Percassi "" 'Roche UK' 'EVERIS' 'Gi Group'
 'Antica Focacceria San Francesco']"
3308;['Employerland'];"['Università Europea di Roma' ""Victoria's secret - Percassi ""
 'Cellularline' 'Gi Group' 'SMOOTH HOTELS']"
3309;['Employerland'];['Università Europea di Roma' 'EY' 'PwC' 'Deloitte' 'Kpmg']
3317;['Employerland'];['Università Europea di Roma' 'EY' 'Bosch' 'Calzedonia' 'Cellularline']
3318;['Employerland'];['Università Europea di Roma' 'EY' 'Tech Data' 'PwC' 'Deloitte']
3319;['Employerland' 'Johnson & Johnson'];['Università Europea di Roma' 'EY' 'PwC' 'Deloitte' 'Kpmg']
3321;['Johnson & Johnson' 'Employerland'];['Università Europea di Roma' 'EY' 'PwC' 'Deloitte' 'Kpmg']
3322;['LUXOTTICA BRAZIL LTDA'];['Università Europea di Roma' 'EY' 'PwC' 'Deloitte' 'Kpmg']
3325;['Employerland' 'Johnson & Johnson'];['Università Europea di Roma' 'EY' 'PwC' 'Deloitte' 'Kpmg']
3329;['LUXOTTICA BRAZIL LTDA' 'Employerland'];['Università Europea di Roma' 'EY' 'Bosch' 'Calzedonia' 'Cellularline']
3333;['Employerland'];['Università Europea di Roma' 'EY' 'PwC' 'Deloitte' 'Kpmg']
3334;['LUXOTTICA BRAZIL LTDA'];['Università Europea di Roma' 'EY' 'Tech Data' 'Cerved' 'FRONERI']
3335;"['Bosch' 'Università Europea di Roma' 'Calzedonia' 'Johnson & Johnson'
 'Employerland' 'Leroy Merlin' 'Bricoman Italia' 'EY' 'Unilever' 'Elica'
 'Whirlpool' 'Microsoft' 'Lottomatica' 'Datalogic' 'Employerland Demo']";['Cellularline' 'Würth Srl ' 'Kpmg' 'Findus' 'Sanofi SpA']
3336;['Employerland'];['Università Europea di Roma' 'EY' 'PwC' 'Deloitte' 'Kpmg']
3337;['Johnson & Johnson' 'Employerland' 'Bosch'];['Università Europea di Roma' 'EY' 'PwC' 'Deloitte' 'Kpmg']
3338;['Johnson & Johnson' 'Unilever' 'Employerland'];['Università Europea di Roma' 'EY' 'PwC' 'Deloitte' 'Kpmg']
3341;['Johnson & Johnson'];['Università Europea di Roma' 'EY' 'Tech Data' 'FRONERI' 'Cerved']
3342;['Bosch'];['Università Europea di Roma' 'EY' 'PwC' 'Deloitte' 'Kpmg']
3347;['Unilever' 'Johnson & Johnson' 'Employerland'];['Università Europea di Roma' 'EY' 'PwC' 'Deloitte' 'Kpmg']
3348;['Employerland'];['Università Europea di Roma' 'EY' 'PwC' 'Deloitte' 'Kpmg']
3349;['Leroy Merlin' 'EY' 'Employerland Demo'];['Università Europea di Roma' 'Bosch' 'PwC' 'Whirlpool' 'Kpmg']
3351;['Employerland' 'Bosch' 'Unilever' 'Employerland Demo' 'EY'];['Università Europea di Roma' 'PwC' 'Tech Data' 'Deloitte' 'Kpmg']
3355;['Employerland'];['Università Europea di Roma' 'EY' 'PwC' 'Deloitte' 'Tech Data']
3357;['Johnson & Johnson' 'Employerland'];['Accenture' 'EY' 'Calzedonia' 'Kpmg' 'Goldenpoint']
3358;['Johnson & Johnson'];['Università Europea di Roma' 'EY' 'PwC' 'Deloitte' 'Kpmg']
3361;['Johnson & Johnson' 'Employerland Demo' 'Leroy Merlin' 'Employerland'];['Università Europea di Roma' 'EY' 'PwC' 'Deloitte' 'Kpmg']
3362;['Johnson & Johnson'];['Università Europea di Roma' 'EY' 'Tech Data' 'Cerved' 'FRONERI']
3364;['Employerland'];['Università Europea di Roma' 'EY' 'Tech Data' 'PwC' 'Whirlpool']
3366;['Employerland'];['Università Europea di Roma' 'EY' 'Mars Italia' 'UniCredit' 'Würth Srl ']
3369;['Employerland'];['Università Europea di Roma' 'EY' 'PwC' 'Deloitte' 'Kpmg']
3370;['Johnson & Johnson' 'Employerland'];['Università Europea di Roma' 'EY' 'PwC' 'Deloitte' 'Kpmg']
3372;['Employerland'];['Università Europea di Roma' 'EY' 'PwC' 'Deloitte' 'Kpmg']
3373;['Johnson & Johnson' 'Employerland'];['Università Europea di Roma' 'EY' 'Calzedonia' 'Bosch' 'Cellularline']
3374;['Johnson & Johnson'];"[""Victoria's secret - Percassi "" 'Roche UK' 'EVERIS' 'Gi Group'
 'Antica Focacceria San Francesco']"
3376;['Employerland'];['Università Europea di Roma' 'EY' 'Bosch' 'Calzedonia' 'Cellularline']
3382;['Johnson & Johnson'];['Università Europea di Roma' 'EY' 'PwC' 'Deloitte' 'Kpmg']
3384;['Employerland'];"[""Victoria's secret - Percassi "" 'Roche UK' 'EVERIS' 'Gi Group'
 'Antica Focacceria San Francesco']"
3385;['Employerland'];['Università Europea di Roma' 'EY' 'Calzedonia' 'Whirlpool' 'Kpmg']
3386;['Employerland' 'EY' 'Leroy Merlin' 'Microsoft' 'Bosch'];['Università Europea di Roma' 'PwC' 'Deloitte' 'Tech Data' 'Kpmg']
3388;['Johnson & Johnson' 'Employerland Demo' 'Employerland'];['Università Europea di Roma' 'EY' 'PwC' 'Deloitte' 'Kpmg']
3389;['Employerland'];['Università Europea di Roma' 'EY' 'Calzedonia' 'Whirlpool' 'Kpmg']
3392;['Employerland' 'Johnson & Johnson'];['Università Europea di Roma' 'EY' 'Calzedonia' 'Bosch' 'Cellularline']
3394;['Employerland' 'LUXOTTICA BRAZIL LTDA'];['Università Europea di Roma' 'EY' 'Calzedonia' 'Kpmg' 'PwC']
3395;['Employerland' 'Johnson & Johnson'];['Università Europea di Roma' 'EY' 'PwC' 'Deloitte' 'Kpmg']
3396;['Employerland Demo' 'Microsoft' 'Employerland'];['Università Europea di Roma' 'EY' 'PwC' 'Deloitte' 'Kpmg']
3401;['Unilever' 'Employerland Demo' 'Bosch' 'Employerland'];['Università Europea di Roma' 'EY' 'PwC' 'Deloitte' 'Kpmg']
3402;['Employerland'];['Università Europea di Roma' 'EY' 'PwC' 'Deloitte' 'Kpmg']
3403;['Johnson & Johnson'];['Università Europea di Roma' 'EY' 'PwC' 'Deloitte' 'Kpmg']
3404;['Employerland' 'Johnson & Johnson'];['EY' 'Università Europea di Roma' 'PwC' 'Deloitte' 'Kpmg']
3408;['Johnson & Johnson' 'Unilever' 'Employerland'];"['Università Europea di Roma' 'EY' 'PwC' 'Ferrovie dello Stato Italiane'
 'Tech Data']"
3410;['Leroy Merlin' 'EY' 'Employerland' 'Lottomatica'];"[""Victoria's secret - Percassi "" 'Roche UK'
 'Antica Focacceria San Francesco' 'Gi Group' 'EVERIS']"
3412;['Johnson & Johnson'];['Università Europea di Roma' 'EY' 'Bosch' 'Cellularline' 'Calzedonia']
3414;['Johnson & Johnson' 'Employerland'];['Università Europea di Roma' 'EY' 'PwC' 'Deloitte' 'Kpmg']
3420;['Employerland' 'LUXOTTICA BRAZIL LTDA'];['Università Europea di Roma' 'EY' 'Bosch' 'Cellularline' 'Calzedonia']
3421;"['Johnson & Johnson' 'Microsoft' 'EY' 'RAI' 'Aeroporti di Roma' 'Bosch'
 'Lottomatica' 'Employerland' 'Elica' 'Unilever' 'Roche' 'Leroy Merlin']";['Università Europea di Roma' 'PwC' 'Deloitte' 'Kpmg' 'Tech Data']
3426;['Employerland'];['Università Europea di Roma' 'EY' 'PwC' 'Deloitte' 'Kpmg']
3431;['Unilever' 'Johnson & Johnson' 'Bosch'];['Università Europea di Roma' 'EY' 'Tech Data' 'PwC' 'Deloitte']
3432;['Employerland' 'Johnson & Johnson'];['Università Europea di Roma' 'EY' 'PwC' 'Deloitte' 'Kpmg']
3433;['Johnson & Johnson' 'Employerland'];['Università Europea di Roma' 'EY' 'Calzedonia' 'Whirlpool' 'Kpmg']
3434;['Employerland'];['Università Europea di Roma' 'EY' 'Bosch' 'Calzedonia' 'Cellularline']
3435;['Johnson & Johnson' 'Employerland'];"[""Victoria's secret - Percassi "" 'Roche UK' 'EVERIS' 'Gi Group'
 'Antica Focacceria San Francesco']"
3438;['Employerland'];['Università Europea di Roma' 'EY' 'PwC' 'Kpmg' 'Deloitte']
3439;['Johnson & Johnson' 'Employerland'];"['Università Europea di Roma' 'Roche UK' ""Victoria's secret - Percassi ""
 'Antica Focacceria San Francesco' 'Cerved']"
3440;['Employerland'];['Università Europea di Roma' 'EY' 'PwC' 'Deloitte' 'Kpmg']
3443;['Johnson & Johnson' 'Bosch' 'Employerland' 'Employerland Demo'];['Università Europea di Roma' 'EY' 'PwC' 'Deloitte' 'Kpmg']
3444;['Johnson & Johnson' 'Employerland'];"[""Victoria's secret - Percassi "" 'Roche UK' 'EVERIS' 'Gi Group'
 'Antica Focacceria San Francesco']"
3445;['Johnson & Johnson' 'EY' 'Bosch' 'Unilever' 'Employerland'];['Università Europea di Roma' 'PwC' 'Deloitte' 'Kpmg' 'Tech Data']
3447;['Johnson & Johnson' 'Employerland'];['Università Europea di Roma' 'EY' 'Calzedonia' 'Bosch' 'Cellularline']
3448;['Employerland'];"[""Victoria's secret - Percassi "" 'Roche UK' 'EVERIS' 'Gi Group'
 'Antica Focacceria San Francesco']"
3450;"['EY' 'Bosch' 'Unilever' 'Roche' 'Leroy Merlin' 'Microsoft' 'Lottomatica'
 'Elica' 'Datalogic' 'Whirlpool' 'Tech Data' 'RAI']";['Università Europea di Roma' 'PwC' 'Deloitte' 'Kpmg' 'FRONERI']
3451;['Employerland'];"['Università Europea di Roma' 'Roche UK' ""Victoria's secret - Percassi ""
 'Antica Focacceria San Francesco' 'Cerved']"
3452;['Johnson & Johnson'];"['Università Europea di Roma' 'Roche UK' 'Cerved'
 ""Victoria's secret - Percassi "" 'Antica Focacceria San Francesco']"
3453;['Johnson & Johnson' 'Employerland'];"['Bosch' 'Bricoman Italia' 'Calzedonia' 'Rinascente'
 'Philip Morris Italia']"
3455;['Employerland'];"[""Victoria's secret - Percassi "" 'Roche UK' 'EVERIS' 'Gi Group' 'Bosch']"
3456;['Johnson & Johnson'];['Università Europea di Roma' 'EY' 'Cellularline' 'Bosch' 'Calzedonia']
3457;['Johnson & Johnson' 'Employerland'];"['Calzedonia' 'Goldenpoint' 'YOOX NET-A-PORTER GROUP' 'Elica'
 'Università Europea di Roma']"
3461;['Johnson & Johnson' 'Employerland'];['Università Europea di Roma' 'EY' 'PwC' 'Deloitte' 'Kpmg']
3462;['Employerland'];"[""Victoria's secret - Percassi "" 'Roche UK' 'Università Europea di Roma'
 'Antica Focacceria San Francesco' 'Gi Group']"
3463;['Johnson & Johnson' 'Employerland'];['Università Europea di Roma' 'EY' 'Tech Data' 'FRONERI' 'Cerved']
3464;['LUXOTTICA BRAZIL LTDA' 'Employerland'];['Università Europea di Roma' 'EY' 'Tech Data' 'PwC' 'Whirlpool']
3466;['Employerland'];"[""Victoria's secret - Percassi "" 'Roche UK' 'EVERIS' 'Gi Group'
 'Antica Focacceria San Francesco']"
3467;['Johnson & Johnson' 'Employerland' 'Leroy Merlin' 'Tech Data'];['Università Europea di Roma' 'EY' 'PwC' 'Deloitte' 'Kpmg']
3468;['Johnson & Johnson' 'Employerland'];['Università Europea di Roma' 'Bosch' 'EY' 'Bricoman Italia' 'Calzedonia']
3469;['Johnson & Johnson' 'Employerland'];"[""Victoria's secret - Percassi "" 'Roche UK'
 'Antica Focacceria San Francesco' 'Gi Group' 'EVERIS']"
3470;['Employerland'];['Kpmg' 'Deloitte' 'EY' 'Accenture' 'PwC']
3471;['Johnson & Johnson' 'Employerland'];['Università Europea di Roma' 'EY' 'PwC' 'Bosch' 'Deloitte']
3473;['Employerland'];['Università Europea di Roma' 'EY' 'PwC' 'Deloitte' 'Kpmg']
3474;['LUXOTTICA BRAZIL LTDA'];"['Salini Impregilo' 'Snam' 'Ferrovie dello Stato Italiane' 'Siram'
 'Pirelli']"
3477;['Johnson & Johnson' 'Employerland'];['Università Europea di Roma' 'EY' 'PwC' 'Deloitte' 'Kpmg']
3478;['Employerland'];"[""Victoria's secret - Percassi "" 'Roche UK'
 'Antica Focacceria San Francesco' 'Gi Group' 'EVERIS']"
3481;['LUXOTTICA BRAZIL LTDA'];"['Università Europea di Roma' ""Victoria's secret - Percassi ""
 'Cellularline' 'Gi Group' 'SMOOTH HOTELS']"
3484;['Employerland'];['Università Europea di Roma' 'EY' 'Bosch' 'Calzedonia' 'Cellularline']
3487;['Johnson & Johnson' 'Unilever'];['Università Europea di Roma' 'EY' 'Bosch' 'Calzedonia' 'Cellularline']
3488;['Employerland'];['Università Europea di Roma' 'EY' 'Bosch' 'Calzedonia' 'Cellularline']
3490;['Bricoman Italia' 'Leroy Merlin' 'Employerland'];['Università Europea di Roma' 'EY' 'Cellularline' 'Bosch' 'SMOOTH HOTELS']
3491;['Employerland'];['Università Europea di Roma' 'EY' 'Bosch' 'Calzedonia' 'Cellularline']
3493;['Johnson & Johnson' 'Employerland' 'Employerland Demo'];['Università Europea di Roma' 'EY' 'Bosch' 'Calzedonia' 'Cellularline']
3495;['Employerland'];['Università Europea di Roma' 'EY' 'Bosch' 'Cellularline' 'Calzedonia']
3497;['Employerland'];['Università Europea di Roma' 'EY' 'Cellularline' 'Bosch' 'Calzedonia']
3498;['Employerland'];['Università Europea di Roma' 'EY' 'Bosch' 'Calzedonia' 'Cellularline']
3500;['Employerland'];['Università Europea di Roma' 'EY' 'Bosch' 'Calzedonia' 'Cellularline']
3501;['Employerland'];['Università Europea di Roma' 'EY' 'Bosch' 'Calzedonia' 'Cellularline']
3504;['Employerland'];['Università Europea di Roma' 'EY' 'Bosch' 'Calzedonia' 'Cellularline']
3505;['LUXOTTICA BRAZIL LTDA' 'Employerland'];['Università Europea di Roma' 'EY' 'Bosch' 'Calzedonia' 'Cellularline']
3506;['Employerland'];['Università Europea di Roma' 'EY' 'Bosch' 'Calzedonia' 'Cellularline']
3507;['Employerland'];['Università Europea di Roma' 'EY' 'Cellularline' 'Bosch' 'SMOOTH HOTELS']
3509;['Employerland'];"[""Victoria's secret - Percassi "" 'Roche UK' 'EVERIS' 'Gi Group'
 'Antica Focacceria San Francesco']"
3512;['LUXOTTICA BRAZIL LTDA' 'Employerland'];['Università Europea di Roma' 'EY' 'Bosch' 'Cellularline' 'Calzedonia']
3513;['Johnson & Johnson' 'Employerland'];"[""Victoria's secret - Percassi "" 'Roche UK' 'EVERIS' 'Gi Group'
 'Antica Focacceria San Francesco']"
3514;['Johnson & Johnson'];['Università Europea di Roma' 'EY' 'Cellularline' 'Bosch' 'SMOOTH HOTELS']
3515;['Johnson & Johnson' 'Unilever' 'Employerland Demo' 'Employerland'];['Università Europea di Roma' 'EY' 'Bosch' 'Calzedonia' 'Cellularline']
3516;['Johnson & Johnson' 'Employerland'];['Università Europea di Roma' 'EY' 'Cellularline' 'Bosch' 'SMOOTH HOTELS']
3517;['Employerland' 'Johnson & Johnson'];['Università Europea di Roma' 'EY' 'Bosch' 'Cellularline' 'Calzedonia']
3520;['Employerland'];['Calzedonia' 'EY' 'Università Europea di Roma' 'Rinascente' 'Lidl Italia']
3522;['Employerland'];['Università Europea di Roma' 'Bosch' 'EY' 'Cellularline' 'SMOOTH HOTELS']
3524;['Johnson & Johnson' 'Employerland'];"[""Victoria's secret - Percassi "" 'Roche UK' 'Gi Group' 'EVERIS'
 'Lego-Percassi']"
3526;['Employerland'];['Università Europea di Roma' 'EY' 'Bosch' 'Calzedonia' 'Cellularline']
3532;['Johnson & Johnson' 'Deloitte'];['Università Europea di Roma' 'EY' 'Bosch' 'Calzedonia' 'Cellularline']
3533;"['Johnson & Johnson' 'Bricoman Italia' 'Unilever' 'Employerland Demo'
 'Leroy Merlin' 'Lottomatica' 'Bosch' 'Employerland']";"['Università Europea di Roma' 'EY' 'Calzedonia' 'Cellularline'
 'Würth Srl ']"
3537;['Employerland'];['Università Europea di Roma' 'EY' 'Bosch' 'Calzedonia' 'Cellularline']
3538;['Johnson & Johnson' 'Employerland'];"['Roche UK' ""Victoria's secret - Percassi "" 'EVERIS'
 'Antica Focacceria San Francesco' 'Dmail-Percassi']"
3539;['Employerland' 'Johnson & Johnson'];['Università Europea di Roma' 'EY' 'Bosch' 'Calzedonia' 'Cellularline']
3540;['Employerland' 'Johnson & Johnson'];['Università Europea di Roma' 'EY' 'Bosch' 'Calzedonia' 'Cellularline']
3541;['LUXOTTICA BRAZIL LTDA'];"['Università Europea di Roma' ""Victoria's secret - Percassi "" 'Bosch'
 'Cellularline' 'Gi Group']"
3544;['Employerland' 'Johnson & Johnson'];['Università Europea di Roma' 'EY' 'Bosch' 'Calzedonia' 'Cellularline']
3546;['Employerland'];['Università Europea di Roma' 'EY' 'Bosch' 'Calzedonia' 'Cellularline']
3551;['Johnson & Johnson'];"['Università Europea di Roma' ""Victoria's secret - Percassi ""
 'Cellularline' 'Gi Group' 'SMOOTH HOTELS']"
3554;['Employerland' 'Johnson & Johnson'];['Università Europea di Roma' 'EY' 'Bosch' 'Cellularline' 'Calzedonia']
3556;['Microsoft' 'Tech Data'];"['Università Europea di Roma' 'Bosch' ""Victoria's secret - Percassi ""
 'Gi Group' 'SMOOTH HOTELS']"
3557;['Employerland' 'Johnson & Johnson'];['Università Europea di Roma' 'EY' 'Bosch' 'Calzedonia' 'Cellularline']
3558;"['Johnson & Johnson' 'Employerland Demo' 'Leroy Merlin' 'Bosch'
 'Employerland']";"['Università Europea di Roma' 'Cellularline'
 ""Victoria's secret - Percassi "" 'SMOOTH HOTELS' 'Gi Group']"
3559;['Employerland'];"['Università Europea di Roma' ""Victoria's secret - Percassi ""
 'Cellularline' 'Gi Group' 'SMOOTH HOTELS']"
3563;['Johnson & Johnson' 'Employerland'];['Università Europea di Roma' 'EY' 'Bosch' 'Calzedonia' 'Cellularline']
3565;['Johnson & Johnson' 'Employerland'];"['Calzedonia' 'Goldenpoint' ""Victoria's secret - Percassi ""
 'Lego-Percassi' 'Gi Group']"
3566;['Employerland' 'Johnson & Johnson'];"['Bosch' ""Victoria's secret - Percassi "" 'EVERIS' 'Bricoman Italia'
 'Gi Group']"
3568;['Johnson & Johnson' 'Employerland'];"['Bosch' ""Victoria's secret - Percassi "" 'EVERIS' 'Gi Group' 'Roche UK']"
3570;['Employerland'];"[""Victoria's secret - Percassi "" 'Roche UK' 'EVERIS' 'Gi Group'
 'Antica Focacceria San Francesco']"
3571;['Johnson & Johnson' 'Employerland'];"['Calzedonia' 'Goldenpoint' 'MSD Italia' 'Università Europea di Roma'
 'Accenture']"
3572;['Johnson & Johnson' 'Employerland'];"[""Victoria's secret - Percassi "" 'Roche UK' 'EVERIS' 'Gi Group'
 'Antica Focacceria San Francesco']"
3574;['Employerland'];['EY' 'Università Europea di Roma' 'PwC' 'Kpmg' 'Deloitte']
3575;['Johnson & Johnson' 'Employerland'];"[""Victoria's secret - Percassi "" 'Roche UK' 'EVERIS' 'Gi Group'
 'Antica Focacceria San Francesco']"
3577;['Università Europea di Roma'];['Bosch' 'Johnson & Johnson' 'Bricoman Italia' 'Elica' 'Siemens']
3578;['LUXOTTICA BRAZIL LTDA'];"['Bosch' ""Victoria's secret - Percassi "" 'Johnson & Johnson' 'EVERIS'
 'Gi Group']"
3579;['Employerland'];"['Bosch' 'Johnson & Johnson' 'Bricoman Italia'
 'Università Europea di Roma' 'Elica']"
3580;['Johnson & Johnson' 'Unilever' 'Microsoft' 'Roche' 'Bosch' 'Employerland'];"[""Victoria's secret - Percassi "" 'EVERIS' 'Gi Group' 'Roche UK'
 'Dmail-Percassi']"
3584;['Employerland'];"['Bosch' 'Johnson & Johnson' 'Bricoman Italia'
 'Università Europea di Roma' 'Dmail-Percassi']"
3585;['Employerland'];"[""Victoria's secret - Percassi "" 'Roche UK' 'EVERIS' 'Gi Group'
 'Antica Focacceria San Francesco']"
3588;['LUXOTTICA BRAZIL LTDA'];"[""Victoria's secret - Percassi "" 'Roche UK' 'EVERIS' 'Gi Group'
 'Antica Focacceria San Francesco']"
3589;['Employerland'];"['Calzedonia' 'Decathlon' 'Goldenpoint' 'Bricocenter Italia'
 'YOOX NET-A-PORTER GROUP']"
3590;['Johnson & Johnson' 'Employerland'];['Università Europea di Roma' 'EY' 'PwC' 'Tech Data' 'Deloitte']
3594;['Employerland'];['Bosch' 'Calzedonia' 'Rinascente' 'Luxottica' 'Eurobet Italia']
3596;['Johnson & Johnson' 'Employerland' 'Unilever'];['EY' 'Eurobet Italia' 'Snam' 'Antica Focacceria San Francesco' 'Siram']
3597;['Employerland'];"['Bosch' 'Johnson & Johnson' 'Bricoman Italia'
 'Università Europea di Roma' 'Elica']"
3598;['Johnson & Johnson' 'Employerland'];['Kpmg' 'Deloitte' 'EY' 'Accenture' 'Philip Morris Italia']
3599;['Employerland'];"['Roche UK' ""Victoria's secret - Percassi "" 'EVERIS'
 'Antica Focacceria San Francesco' 'Dmail-Percassi']"
3600;['Employerland'];"['Roche UK' ""Victoria's secret - Percassi "" 'EVERIS'
 'Antica Focacceria San Francesco' 'Dmail-Percassi']"
3602;['Employerland'];['Università Europea di Roma' 'Bosch' 'EY' 'PwC' 'Whirlpool']
3603;['LUXOTTICA BRAZIL LTDA' 'Employerland'];['Università Europea di Roma' 'EY' 'Tech Data' 'Cerved' 'FRONERI']
3605;['Employerland'];"[""Victoria's secret - Percassi "" 'Roche UK' 'EVERIS' 'Gi Group'
 'Antica Focacceria San Francesco']"
3608;['Johnson & Johnson' 'Bosch' 'Employerland' 'Leroy Merlin'];"[""Victoria's secret - Percassi "" 'Roche UK' 'EVERIS' 'Gi Group'
 'Antica Focacceria San Francesco']"
3610;['Johnson & Johnson' 'Employerland'];"[""Victoria's secret - Percassi "" 'Roche UK' 'EVERIS' 'Gi Group'
 'Antica Focacceria San Francesco']"
3612;['Employerland' 'Johnson & Johnson'];['Università Europea di Roma' 'EY' 'PwC' 'Deloitte' 'Kpmg']
3614;['Johnson & Johnson' 'Aeroporti di Roma' 'Unilever' 'Employerland'];['Calzedonia' 'Goldenpoint' 'Wind Tre' 'YOOX NET-A-PORTER GROUP' 'Bosch']
3619;['Employerland'];['Università Europea di Roma' 'EY' 'PwC' 'Deloitte' 'Kpmg']
3620;['Johnson & Johnson' 'Employerland'];"['Roche UK' ""Victoria's secret - Percassi "" 'EVERIS'
 'Antica Focacceria San Francesco' 'Dmail-Percassi']"
3621;['Employerland'];"['Roche UK' ""Victoria's secret - Percassi "" 'EVERIS'
 'Antica Focacceria San Francesco' 'Dmail-Percassi']"
3622;['Employerland'];['Università Europea di Roma' 'Calzedonia' 'EY' 'Goldenpoint' 'Whirlpool']
3623;['Johnson & Johnson'];"['Roche UK' ""Victoria's secret - Percassi "" 'EVERIS'
 'Antica Focacceria San Francesco' 'Dmail-Percassi']"
3626;['Johnson & Johnson' 'Employerland'];['Università Europea di Roma' 'EY' 'PwC' 'Whirlpool' 'Tech Data']
3627;['Employerland'];['Lidl Italia' 'FRONERI' 'Rinascente' 'Lego-Percassi' 'Nike-Percassi']
3633;['Johnson & Johnson' 'Employerland'];"['Roche UK' ""Victoria's secret - Percassi "" 'EVERIS'
 'Antica Focacceria San Francesco' 'Dmail-Percassi']"
3634;['Johnson & Johnson'];['Employerland' 'Luxottica' 'MAG HOTELS' 'Bosch' 'Rinascente']
3635;['Employerland'];"[""Victoria's secret - Percassi "" 'Roche UK' 'EVERIS' 'Gi Group'
 'Antica Focacceria San Francesco']"
3636;['Employerland'];"[""Victoria's secret - Percassi "" 'Roche UK' 'EVERIS' 'Gi Group'
 'Antica Focacceria San Francesco']"
3637;"['EY' 'Johnson & Johnson' 'Unilever' 'Leroy Merlin' 'Aeroporti di Roma'
 'RAI' 'Elica' 'Microsoft' 'Bricoman Italia' 'Lottomatica'
 'Employerland Demo' 'Roche' 'Università Europea di Roma' 'Whirlpool'
 'Bosch' 'Datalogic' 'Employerland']";"['Roche UK' ""Victoria's secret - Percassi "" 'EVERIS'
 'Antica Focacceria San Francesco' 'Dmail-Percassi']"
3638;['Johnson & Johnson' 'Employerland'];"['Lego-Percassi' ""Victoria's secret - Percassi "" 'Roche UK' 'Gi Group'
 'FRONERI']"
3639;['Employerland' 'LUXOTTICA BRAZIL LTDA'];['Kpmg' 'Deloitte' 'Findus' 'Accenture' 'Lidl Italia']
3640;['Johnson & Johnson' 'Employerland'];"[""Victoria's secret - Percassi "" 'Roche UK' 'EVERIS' 'Gi Group'
 'Antica Focacceria San Francesco']"
3645;['Employerland'];"['Bosch' 'Johnson & Johnson' 'Bricoman Italia'
 ""Victoria's secret - Percassi "" 'Gi Group']"
3647;['Employerland'];"[""Victoria's secret - Percassi "" 'Roche UK' 'EVERIS' 'Gi Group'
 'Antica Focacceria San Francesco']"
3648;['Employerland'];['Calzedonia' 'Luxottica' 'Eurobet Italia' 'Rinascente' 'MAG HOTELS']
3650;['Johnson & Johnson' 'Unilever'];"[""Victoria's secret - Percassi "" 'Roche UK' 'EVERIS' 'Gi Group'
 'Antica Focacceria San Francesco']"
3652;['Johnson & Johnson' 'Employerland'];"[""Victoria's secret - Percassi "" 'Roche UK' 'EVERIS' 'Gi Group'
 'Antica Focacceria San Francesco']"
3657;['Johnson & Johnson' 'Employerland'];"[""Victoria's secret - Percassi "" 'Roche UK' 'EVERIS'
 'Antica Focacceria San Francesco' 'Dmail-Percassi']"
3660;['Employerland Demo' 'Unilever' 'Johnson & Johnson' 'Employerland'];['Luxottica' 'Rinascente' 'MAG HOTELS' 'Calzedonia' 'Gi Group Horeca']
3662;['Employerland'];"[""Victoria's secret - Percassi "" 'Roche UK' 'EVERIS' 'Gi Group'
 'Antica Focacceria San Francesco']"
3664;['Employerland'];"[""Victoria's secret - Percassi "" 'EVERIS' 'Roche UK'
 'Antica Focacceria San Francesco' 'Dmail-Percassi']"
3665;['Employerland'];"[""Victoria's secret - Percassi "" 'Roche UK' 'Gi Group' 'EVERIS'
 'Lego-Percassi']"
3666;['Johnson & Johnson' 'EY'];"[""Victoria's secret - Percassi "" 'Roche UK' 'Gi Group' 'Lego-Percassi'
 'EVERIS']"
3667;['Employerland'];"[""Victoria's secret - Percassi "" 'Roche UK' 'EVERIS' 'Gi Group'
 'Antica Focacceria San Francesco']"
3668;['Johnson & Johnson'];"['Bosch' 'Bricoman Italia' 'Università Europea di Roma'
 ""Victoria's secret - Percassi "" 'Dmail-Percassi']"
3671;['Unilever' 'Leroy Merlin' 'Employerland'];['Kpmg' 'Deloitte' 'Lidl Italia' 'Findus' 'Accenture']
3673;"['Johnson & Johnson' 'Bosch' 'Unilever' 'RAI' 'Chiesi Group'
 'Bristol-Myers Squibb' 'Aeroporti di Roma' 'Tech Data'
 'Employerland Demo']";"[""Victoria's secret - Percassi "" 'Roche UK' 'Gi Group' 'Lego-Percassi'
 'EVERIS']"
3674;['LUXOTTICA BRAZIL LTDA' 'Employerland'];['Chiesi Group' 'Angelini' 'Bristol-Myers Squibb' 'MSD Italia' 'Roche']
3676;['Johnson & Johnson'];"['Calzedonia' 'Università Europea di Roma' 'EY' 'Goldenpoint'
 'Employerland']"
3677;"['Unilever' 'Leroy Merlin' 'Johnson & Johnson' 'Bosch' 'Employerland Demo'
 'Employerland']";"['Open Fiber' 'Wind Tre' 'Luxottica' 'Ferrovie dello Stato Italiane'
 'FRONERI']"
3681;['Johnson & Johnson'];"['Bosch' ""Victoria's secret - Percassi "" 'Bricoman Italia' 'EVERIS'
 'Gi Group']"
3683;['Johnson & Johnson' 'Employerland Demo' 'Bosch'];"['Bricoman Italia' 'Università Europea di Roma' 'Elica' 'Siemens'
 ""Victoria's secret - Percassi ""]"
3684;['LUXOTTICA BRAZIL LTDA'];"[""Victoria's secret - Percassi "" 'Roche UK' 'EVERIS' 'Gi Group'
 'Antica Focacceria San Francesco']"
3685;['Employerland'];"[""Victoria's secret - Percassi "" 'Roche UK' 'EVERIS' 'Gi Group'
 'Antica Focacceria San Francesco']"
3686;['Employerland Demo' 'Johnson & Johnson'];"[""Victoria's secret - Percassi "" 'Roche UK' 'EVERIS' 'Gi Group'
 'Antica Focacceria San Francesco']"
3689;['Employerland'];"['Bosch' ""Victoria's secret - Percassi "" 'Johnson & Johnson' 'EVERIS'
 'Bricoman Italia']"
3692;['Employerland'];"['Calzedonia' 'Goldenpoint' 'YOOX NET-A-PORTER GROUP' 'Elica'
 'AST - ThyssenKrupp']"
3694;['Johnson & Johnson' 'Employerland'];"[""Victoria's secret - Percassi "" 'Roche UK' 'EVERIS' 'Gi Group'
 'Antica Focacceria San Francesco']"
3695;['Employerland'];"['Calzedonia' 'Bosch' 'Goldenpoint' 'Università Europea di Roma'
 'YOOX NET-A-PORTER GROUP']"
3697;['LUXOTTICA BRAZIL LTDA'];"[""Victoria's secret - Percassi "" 'Roche UK' 'EVERIS' 'Gi Group'
 'Antica Focacceria San Francesco']"
3700;['Johnson & Johnson'];"[""Victoria's secret - Percassi "" 'Roche UK' 'Gi Group' 'EVERIS'
 'Lego-Percassi']"
3704;['Bosch'];"[""Victoria's secret - Percassi "" 'Roche UK' 'EVERIS' 'Gi Group'
 'Antica Focacceria San Francesco']"
3706;['Employerland'];"['Bosch' ""Victoria's secret - Percassi "" 'Johnson & Johnson' 'EVERIS'
 'Gi Group']"
3707;['Employerland'];"['Bosch' 'Johnson & Johnson' 'Bricoman Italia'
 'Università Europea di Roma' 'Elica']"
3712;['Johnson & Johnson' 'Employerland'];"['Vente-Privee - Privalia' 'Mars Italia' 'Rinascente' 'MAG HOTELS'
 'Carrefour Italia']"
3713;['Johnson & Johnson'];"['Decathlon' 'Bricocenter Italia' 'Università Europea di Roma'
 'Ferrovie dello Stato Italiane' 'Lottomatica']"
3714;['Johnson & Johnson'];"['Calzedonia' 'Goldenpoint' ""Victoria's secret - Percassi "" 'Gi Group'
 'Lego-Percassi']"
3716;['Employerland' 'Johnson & Johnson'];"['Luxottica' 'Würth Srl ' 'AST - ThyssenKrupp' 'UniCredit'
 'Vente-Privee - Privalia']"
3719;['Employerland'];"[""Victoria's secret - Percassi "" 'Roche UK' 'EVERIS' 'Gi Group'
 'Antica Focacceria San Francesco']"
3722;['LUXOTTICA BRAZIL LTDA' 'Employerland'];"[""Victoria's secret - Percassi "" 'Roche UK' 'EVERIS' 'Gi Group'
 'Antica Focacceria San Francesco']"
3725;['Employerland'];"['Bosch' 'Johnson & Johnson' 'Bricoman Italia'
 'Università Europea di Roma' 'Elica']"
3726;['Johnson & Johnson'];"[""Victoria's secret - Percassi "" 'Roche UK' 'Gi Group'
 'Antica Focacceria San Francesco' 'EVERIS']"
3727;['Employerland'];"[""Victoria's secret - Percassi "" 'Roche UK' 'EVERIS' 'Gi Group'
 'Antica Focacceria San Francesco']"
3728;['Johnson & Johnson' 'Employerland'];"[""Victoria's secret - Percassi "" 'Roche UK' 'EVERIS' 'Gi Group'
 'Antica Focacceria San Francesco']"
3731;['Employerland'];"[""Victoria's secret - Percassi "" 'Roche UK' 'EVERIS' 'Gi Group'
 'Antica Focacceria San Francesco']"
3732;['LUXOTTICA BRAZIL LTDA' 'Employerland'];"[""Victoria's secret - Percassi "" 'Roche UK' 'EVERIS' 'Gi Group'
 'Antica Focacceria San Francesco']"
3737;['Johnson & Johnson' 'Employerland'];"[""Victoria's secret - Percassi "" 'Roche UK' 'EVERIS' 'Gi Group' 'Bosch']"
3738;['Johnson & Johnson' 'Employerland'];"[""Victoria's secret - Percassi "" 'Roche UK' 'EVERIS' 'Gi Group'
 'Antica Focacceria San Francesco']"
3740;['Johnson & Johnson'];['Deloitte' 'Kpmg' 'Lidl Italia' 'Accenture' 'Capgemini']
3744;['Johnson & Johnson' 'Microsoft' 'EY' 'Elica' 'UniCredit' 'Employerland'];"['Calzedonia' 'Goldenpoint' 'YOOX NET-A-PORTER GROUP'
 'Università Europea di Roma' 'AST - ThyssenKrupp']"
3745;['Employerland'];"[""Victoria's secret - Percassi "" 'Roche UK' 'EVERIS' 'Gi Group'
 'Antica Focacceria San Francesco']"
3746;['Johnson & Johnson'];"[""Victoria's secret - Percassi "" 'Roche UK' 'Bosch' 'EVERIS' 'Gi Group']"
3748;['Johnson & Johnson' 'Employerland'];['Calzedonia' 'Bosch' 'Goldenpoint' 'Elica' 'YOOX NET-A-PORTER GROUP']
3749;['Employerland'];"[""Victoria's secret - Percassi "" 'Roche UK' 'EVERIS' 'Gi Group'
 'Antica Focacceria San Francesco']"
3750;['Johnson & Johnson'];['Kpmg' 'Deloitte' 'Accenture' 'EY' 'Findus']
3751;['Johnson & Johnson' 'Employerland'];"['Bosch' ""Victoria's secret - Percassi "" 'Roche UK' 'Gi Group'
 'Antica Focacceria San Francesco']"
3752;['Employerland'];"[""Victoria's secret - Percassi "" 'Roche UK' 'EVERIS' 'Gi Group'
 'Antica Focacceria San Francesco']"
3754;['LUXOTTICA BRAZIL LTDA' 'Employerland'];"[""Victoria's secret - Percassi "" 'Roche UK' 'EVERIS' 'Gi Group'
 'Antica Focacceria San Francesco']"
3756;['Employerland'];"['Roche UK' ""Victoria's secret - Percassi "" 'EVERIS'
 'Antica Focacceria San Francesco' 'Dmail-Percassi']"
3760;['Calzedonia' 'Employerland'];"[""Victoria's secret - Percassi "" 'Roche UK' 'EVERIS' 'Gi Group'
 'Antica Focacceria San Francesco']"
3761;['Employerland' 'Johnson & Johnson'];"[""Victoria's secret - Percassi "" 'Roche UK' 'Gi Group' 'Lego-Percassi'
 'EVERIS']"
3765;"['Johnson & Johnson' 'Unilever' 'Employerland Demo' 'Leroy Merlin'
 'Employerland']";"[""Victoria's secret - Percassi "" 'Roche UK' 'EVERIS' 'Gi Group'
 'Antica Focacceria San Francesco']"
3766;['Employerland' 'LUXOTTICA BRAZIL LTDA'];"[""Victoria's secret - Percassi "" 'Roche UK' 'EVERIS' 'Gi Group'
 'Antica Focacceria San Francesco']"
3769;['Employerland'];"[""Victoria's secret - Percassi "" 'Roche UK' 'EVERIS' 'Gi Group'
 'Antica Focacceria San Francesco']"
3770;['Employerland'];"['Calzedonia' 'Goldenpoint' 'YOOX NET-A-PORTER GROUP'
 'Università Europea di Roma' 'Elica']"
3772;['Johnson & Johnson' 'Employerland'];['Bosch' 'Luxottica' 'Rinascente' 'Dmail-Percassi' 'EVERIS']
3774;['Johnson & Johnson' 'Employerland'];"['Calzedonia' 'Goldenpoint' 'Bosch' 'Università Europea di Roma'
 'YOOX NET-A-PORTER GROUP']"
3775;['Employerland'];"['Calzedonia' 'Goldenpoint' 'YOOX NET-A-PORTER GROUP' 'Elica'
 'AST - ThyssenKrupp']"
3778;['Johnson & Johnson'];"[""Victoria's secret - Percassi "" 'Roche UK' 'EVERIS' 'Gi Group'
 'Antica Focacceria San Francesco']"
3779;['Johnson & Johnson' 'Employerland'];['Università Europea di Roma' 'EY' 'Tech Data' 'FRONERI' 'Cerved']
3780;['Employerland'];"['Bosch' ""Victoria's secret - Percassi "" 'Johnson & Johnson' 'EVERIS'
 'Bricoman Italia']"
3782;['Johnson & Johnson' 'Employerland'];"[""Victoria's secret - Percassi "" 'Roche UK' 'EVERIS' 'Gi Group'
 'Antica Focacceria San Francesco']"
3790;['Johnson & Johnson'];"[""Victoria's secret - Percassi "" 'Roche UK' 'EVERIS' 'Gi Group'
 'Antica Focacceria San Francesco']"
3792;['LUXOTTICA BRAZIL LTDA' 'Employerland'];"['EVERIS' 'Roche UK' 'Dmail-Percassi' ""Victoria's secret - Percassi ""
 'Antica Focacceria San Francesco']"
3798;['Johnson & Johnson' 'Employerland'];['Kpmg' 'EY' 'Calzedonia' 'Accenture' 'Università Europea di Roma']
3800;['Employerland' 'Johnson & Johnson'];"['Bosch' ""Victoria's secret - Percassi "" 'EVERIS' 'Roche UK' 'Gi Group']"
3802;['LUXOTTICA BRAZIL LTDA'];['Cerved' 'FRONERI' 'NTT DATA Italia' 'Amplifon' 'Vente-Privee - Privalia']
3804;['Unilever'];"[""Victoria's secret - Percassi "" 'Roche UK' 'EVERIS' 'Gi Group'
 'Antica Focacceria San Francesco']"
3805;['Employerland' 'Johnson & Johnson'];"[""Victoria's secret - Percassi "" 'Roche UK' 'Gi Group' 'EVERIS'
 'Lego-Percassi']"
3809;['LUXOTTICA BRAZIL LTDA' 'Employerland'];"['Calzedonia' 'Università Europea di Roma' 'Goldenpoint' 'EY'
 'YOOX NET-A-PORTER GROUP']"
3810;['Johnson & Johnson' 'Employerland'];"[""Victoria's secret - Percassi "" 'Roche UK' 'Bosch' 'Gi Group' 'EVERIS']"
3813;['Johnson & Johnson' 'Unilever' 'Employerland'];"[""Victoria's secret - Percassi "" 'Roche UK' 'EVERIS' 'Gi Group'
 'Antica Focacceria San Francesco']"
3819;['Employerland'];['Capgemini' 'Siemens' 'AST - ThyssenKrupp' 'Salini Impregilo' 'INDRA']
3821;['LUXOTTICA BRAZIL LTDA'];"[""Victoria's secret - Percassi "" 'Roche UK' 'EVERIS' 'Gi Group'
 'Antica Focacceria San Francesco']"
3824;['LUXOTTICA BRAZIL LTDA'];"[""Victoria's secret - Percassi "" 'Roche UK' 'EVERIS' 'Gi Group'
 'Antica Focacceria San Francesco']"
3825;['Employerland Demo' 'Unilever' 'Employerland' 'Johnson & Johnson' 'Bosch'];"['Ferrovie dello Stato Italiane' 'Salini Impregilo' 'Open Fiber' 'Pirelli'
 'Lottomatica']"
3827;['Johnson & Johnson' 'Employerland'];['Università Europea di Roma' 'EY' 'PwC' 'Tech Data' 'Deloitte']
3830;['Employerland'];['Università Europea di Roma' 'EY' 'Tech Data' 'Cerved' 'FRONERI']
3832;['Employerland'];"['Calzedonia' 'Goldenpoint' 'YOOX NET-A-PORTER GROUP' 'AST - ThyssenKrupp'
 'Luxottica']"
3834;['EY' 'Johnson & Johnson' 'PwC' 'Deloitte' 'Employerland Demo'];"[""Victoria's secret - Percassi "" 'Roche UK' 'EVERIS' 'Gi Group'
 'Antica Focacceria San Francesco']"
3836;['LUXOTTICA BRAZIL LTDA'];"['Università Europea di Roma' 'Roche UK' ""Victoria's secret - Percassi ""
 'Cerved' 'Antica Focacceria San Francesco']"
3837;['Employerland'];"['Università Europea di Roma' 'Calzedonia'
 'Antica Focacceria San Francesco' 'Lego-Percassi'
 ""Victoria's secret - Percassi ""]"
3838;['Johnson & Johnson' 'Employerland'];"[""Victoria's secret - Percassi "" 'Roche UK' 'EVERIS' 'Gi Group'
 'Antica Focacceria San Francesco']"
3841;['Johnson & Johnson'];"[""Victoria's secret - Percassi "" 'Roche UK' 'EVERIS' 'Gi Group'
 'Antica Focacceria San Francesco']"
3842;['Johnson & Johnson' 'Unilever'];['Employerland' 'Calzedonia' 'Bosch' 'Roche UK' 'Dmail-Percassi']
3850;['Johnson & Johnson' 'Employerland'];"[""Victoria's secret - Percassi "" 'Roche UK'
 'Antica Focacceria San Francesco' 'Gi Group' 'EVERIS']"
3852;['Johnson & Johnson' 'Employerland'];['Bosch' 'Calzedonia' 'Goldenpoint' 'Bricoman Italia' 'Elica']
3856;['Johnson & Johnson' 'Employerland'];"['Università Europea di Roma' 'Roche UK' 'Cerved'
 ""Victoria's secret - Percassi "" 'Antica Focacceria San Francesco']"
3858;['Johnson & Johnson' 'Employerland'];['Siemens' 'Cellularline' 'FRONERI' 'Pirelli' 'AST - ThyssenKrupp']
3860;['Johnson & Johnson'];"[""Victoria's secret - Percassi "" 'Roche UK' 'EVERIS' 'Gi Group'
 'Antica Focacceria San Francesco']"
3861;['LUXOTTICA BRAZIL LTDA' 'Employerland'];"[""Victoria's secret - Percassi "" 'Roche UK' 'Gi Group' 'EVERIS'
 'Lego-Percassi']"
3862;['Johnson & Johnson' 'Unilever'];['Employerland' 'Bosch' 'Luxottica' 'Rinascente' 'MAG HOTELS']
3864;['Johnson & Johnson' 'Employerland' 'Employerland Demo'];"['Calzedonia' 'Goldenpoint' 'YOOX NET-A-PORTER GROUP'
 'Università Europea di Roma' 'AST - ThyssenKrupp']"
3865;['Employerland'];"[""Victoria's secret - Percassi "" 'Roche UK' 'Gi Group' 'EVERIS'
 'Lego-Percassi']"
3867;['Johnson & Johnson'];"[""Victoria's secret - Percassi "" 'Roche UK' 'Gi Group'
 'Antica Focacceria San Francesco' 'EVERIS']"
3869;"['Unilever' 'Employerland Demo' 'Johnson & Johnson' 'Employerland'
 'Leroy Merlin' 'Bosch']";['Università Europea di Roma' 'EY' 'Tech Data' 'Cerved' 'FRONERI']
3874;['Employerland'];"['Calzedonia' 'Goldenpoint' 'Università Europea di Roma'
 'YOOX NET-A-PORTER GROUP' 'Elica']"
3875;['Employerland'];"[""Victoria's secret - Percassi "" 'Roche UK' 'Gi Group' 'EVERIS'
 'Lego-Percassi']"
3876;['Johnson & Johnson' 'Employerland'];"['Calzedonia' 'Goldenpoint' 'Bosch' 'Università Europea di Roma'
 ""Victoria's secret - Percassi ""]"
3878;['Employerland'];"['Calzedonia' 'Goldenpoint' 'YOOX NET-A-PORTER GROUP' 'Elica'
 'Università Europea di Roma']"
3879;['Johnson & Johnson' 'Bosch' 'Employerland'];"['Lidl Italia' 'FRONERI' 'Lego-Percassi' 'Nike-Percassi'
 'Antica Focacceria San Francesco']"
3883;['Johnson & Johnson' 'Employerland'];"['Calzedonia' 'Goldenpoint' 'YOOX NET-A-PORTER GROUP' 'Elica'
 'AST - ThyssenKrupp']"
3884;['Johnson & Johnson'];"['Calzedonia' 'Goldenpoint' 'Employerland' 'YOOX NET-A-PORTER GROUP'
 'AST - ThyssenKrupp']"
3886;['Employerland'];"['Calzedonia' 'Goldenpoint' ""Victoria's secret - Percassi ""
 'Lego-Percassi' 'Gi Group']"
3889;['Employerland'];['Bosch' 'Johnson & Johnson' 'Calzedonia' 'Goldenpoint' 'Bricoman Italia']
3893;['Employerland'];"[""Victoria's secret - Percassi "" 'Roche UK' 'Gi Group' 'Lego-Percassi'
 'EVERIS']"
3896;['Employerland'];"['Calzedonia' 'Goldenpoint' 'Università Europea di Roma' 'EY'
 'YOOX NET-A-PORTER GROUP']"
3899;['Johnson & Johnson' 'Employerland'];"[""Victoria's secret - Percassi "" 'Roche UK' 'Gi Group' 'Lego-Percassi'
 'NTT DATA Italia']"
3902;['Johnson & Johnson' 'Employerland'];['Chiesi Group' 'Sanofi SpA' 'Roche' 'Angelini' 'Bristol-Myers Squibb']
3903;['Johnson & Johnson' 'Employerland'];"['Calzedonia' 'Goldenpoint' ""Victoria's secret - Percassi "" 'Gi Group'
 'Lego-Percassi']"
3904;['Unilever' 'Johnson & Johnson' 'Bosch' 'Employerland' 'Leroy Merlin'];"['Calzedonia' 'Goldenpoint' 'YOOX NET-A-PORTER GROUP' 'Elica'
 'Università Europea di Roma']"
3905;['Bosch' 'Unilever' 'Employerland'];"[""Victoria's secret - Percassi "" 'Johnson & Johnson' 'EVERIS' 'Gi Group'
 'Roche UK']"
3907;['LUXOTTICA BRAZIL LTDA'];"['Bosch' 'Employerland' 'Johnson & Johnson' 'Bricoman Italia'
 'Dmail-Percassi']"
3908;['Employerland Demo' 'Employerland' 'Leroy Merlin' 'EY'];"['Calzedonia' 'Goldenpoint' 'YOOX NET-A-PORTER GROUP' 'Elica'
 'Università Europea di Roma']"
3909;['Employerland'];"[""Victoria's secret - Percassi "" 'Roche UK' 'Gi Group' 'EVERIS'
 'Lego-Percassi']"
3910;['Johnson & Johnson' 'Employerland'];"[""Victoria's secret - Percassi "" 'Roche UK' 'Gi Group' 'EVERIS'
 'Lego-Percassi']"
3911;['Unilever' 'EY' 'Employerland Demo' 'Lidl Italia'];"[""Victoria's secret - Percassi "" 'Roche UK' 'EVERIS' 'Gi Group'
 'Antica Focacceria San Francesco']"
3912;['Johnson & Johnson'];['Università Europea di Roma' 'EY' 'Bosch' 'Deloitte' 'PwC']
3913;['Employerland'];"['Calzedonia' 'Goldenpoint' ""Victoria's secret - Percassi ""
 'Lego-Percassi' 'Gi Group']"
3915;['Johnson & Johnson' 'LUXOTTICA BRAZIL LTDA'];"['Calzedonia' 'Goldenpoint' 'Employerland' 'YOOX NET-A-PORTER GROUP'
 'Elica']"
3917;['Employerland' 'Johnson & Johnson'];"['Calzedonia' 'Goldenpoint' 'YOOX NET-A-PORTER GROUP' 'Elica'
 'Università Europea di Roma']"
3920;['Employerland'];"[""Victoria's secret - Percassi "" 'Roche UK' 'EVERIS' 'Gi Group'
 'Antica Focacceria San Francesco']"
3921;['Johnson & Johnson' 'Employerland'];['Calzedonia' 'Goldenpoint' 'YOOX NET-A-PORTER GROUP' 'Elica' 'Accenture']
3924;['Johnson & Johnson'];"['Goldenpoint' 'Calzedonia' 'YOOX NET-A-PORTER GROUP'
 ""Victoria's secret - Percassi "" 'Cerved']"
3925;['Employerland'];"['Calzedonia' 'Goldenpoint' 'YOOX NET-A-PORTER GROUP' 'AST - ThyssenKrupp'
 'Lego-Percassi']"
3929;['Johnson & Johnson' 'Employerland'];"[""Victoria's secret - Percassi "" 'Roche UK' 'Gi Group' 'Lego-Percassi'
 'NTT DATA Italia']"
3930;['Employerland'];"['Calzedonia' 'Goldenpoint' ""Victoria's secret - Percassi "" 'Gi Group'
 'Lego-Percassi']"
3933;['Johnson & Johnson'];"['Calzedonia' 'Goldenpoint' 'YOOX NET-A-PORTER GROUP' 'Employerland'
 'Elica']"
3935;['Employerland' 'Johnson & Johnson'];"['Calzedonia' 'Goldenpoint' 'YOOX NET-A-PORTER GROUP' 'Elica'
 'Università Europea di Roma']"
3936;['Employerland'];"['Calzedonia' 'Goldenpoint' 'Università Europea di Roma' 'Bosch'
 'YOOX NET-A-PORTER GROUP']"
3938;['Unilever' 'Employerland'];"[""Victoria's secret - Percassi "" 'Roche UK' 'EVERIS' 'Gi Group' 'Bosch']"
3939;['Johnson & Johnson'];"[""Victoria's secret - Percassi "" 'Roche UK' 'Gi Group' 'Lego-Percassi'
 'NTT DATA Italia']"
3950;['Johnson & Johnson'];"[""Victoria's secret - Percassi "" 'Roche UK' 'EVERIS' 'Gi Group'
 'Antica Focacceria San Francesco']"
3951;['Employerland'];['Università Europea di Roma' 'EY' 'Calzedonia' 'Bosch' 'Whirlpool']
3953;['Johnson & Johnson'];"[""Victoria's secret - Percassi "" 'Roche UK' 'EVERIS' 'Gi Group'
 'Antica Focacceria San Francesco']"
3954;['Employerland'];"[""Victoria's secret - Percassi "" 'EVERIS' 'Roche UK'
 'Antica Focacceria San Francesco' 'Dmail-Percassi']"
3956;"['Johnson & Johnson' 'EY' 'Bosch' 'Employerland Demo' 'Bricoman Italia'
 'Unilever' 'Employerland']";"[""Victoria's secret - Percassi "" 'Roche UK' 'Gi Group' 'EVERIS'
 'Lego-Percassi']"
3960;['Johnson & Johnson'];"['Calzedonia' 'Goldenpoint' 'Employerland' 'YOOX NET-A-PORTER GROUP'
 'Elica']"
3963;"['Johnson & Johnson' 'EY' 'Employerland Demo' 'Datalogic' 'Whirlpool'
 'Aeroporti di Roma' 'Unilever' 'Elica' 'Tech Data' 'Bosch' 'Employerland']";"['Calzedonia' 'Goldenpoint' 'YOOX NET-A-PORTER GROUP'
 'Università Europea di Roma' 'AST - ThyssenKrupp']"
3964;['Johnson & Johnson' 'Employerland'];"['Calzedonia' 'Goldenpoint' 'AST - ThyssenKrupp' 'YOOX NET-A-PORTER GROUP'
 'Roche']"
3965;['Johnson & Johnson' 'Employerland'];['Calzedonia' 'Goldenpoint' 'Luxottica' 'Roche UK' 'AST - ThyssenKrupp']
3966;['Employerland'];"[""Victoria's secret - Percassi "" 'Roche UK' 'EVERIS' 'Gi Group'
 'Antica Focacceria San Francesco']"
3969;['Johnson & Johnson' 'Employerland'];['Luxottica' 'Rinascente' 'MAG HOTELS' 'Calzedonia' 'Gi Group Horeca']
3980;['Employerland'];"['Roche UK' ""Victoria's secret - Percassi "" 'EVERIS'
 'Antica Focacceria San Francesco' 'Dmail-Percassi']"
3988;['Employerland'];"['Bosch' 'Johnson & Johnson' 'Bricoman Italia'
 'Università Europea di Roma' 'Elica']"
3989;['Employerland' 'Johnson & Johnson'];"['Calzedonia' 'Goldenpoint' ""Victoria's secret - Percassi "" 'Roche UK'
 'Gi Group']"
3995;['Employerland'];"[""Victoria's secret - Percassi "" 'Roche UK' 'EVERIS' 'Gi Group'
 'Antica Focacceria San Francesco']"
3998;['Employerland'];"[""Victoria's secret - Percassi "" 'Roche UK' 'Gi Group' 'EVERIS'
 'Lego-Percassi']"
3999;"['Johnson & Johnson' 'Chiesi Group' 'Roche' 'Bosch' 'Angelini'
 'MSD Italia' 'Bristol-Myers Squibb' 'AST - ThyssenKrupp' 'Pirelli'
 'Sanofi SpA' 'Snam' 'Unilever' 'Ferrovie dello Stato Italiane'
 'Università Europea di Roma' 'Findus' 'Luxottica' 'EY' 'Capgemini'
 'Mars Italia' 'Philip Morris Italia' 'Deloitte' 'Wind Tre' 'Employerland'
 'NTT DATA Italia' 'Siemens']";"['Roche UK' ""Victoria's secret - Percassi ""
 'Antica Focacceria San Francesco' 'Dmail-Percassi' 'Gi Group']"
4004;['Johnson & Johnson' 'Employerland'];"['Roche UK' ""Victoria's secret - Percassi "" 'EVERIS'
 'Antica Focacceria San Francesco' 'Gi Group']"
4005;"['Johnson & Johnson' 'Bosch' 'Unilever' 'Würth Srl ' 'Lottomatica'
 'Employerland Demo' 'Employerland']";['Lego-Percassi' 'Calzedonia' 'Nike-Percassi' 'Gi Group' 'Goldenpoint']
4006;['Employerland'];"[""Victoria's secret - Percassi "" 'Roche UK' 'Gi Group'
 'Antica Focacceria San Francesco' 'Dmail-Percassi']"
4009;['Employerland Demo' 'Employerland' 'Bricoman Italia'];"['Calzedonia' 'Goldenpoint' 'YOOX NET-A-PORTER GROUP' 'Elica'
 'AST - ThyssenKrupp']"
4011;['Employerland'];['Philip Morris Italia' 'Pirelli' 'Unilever' 'EY' 'Calzedonia']
4012;['Employerland'];"['Calzedonia' 'Goldenpoint' 'YOOX NET-A-PORTER GROUP' 'Elica'
 'Università Europea di Roma']"
4013;['Johnson & Johnson' 'Bosch'];"['Calzedonia' 'Goldenpoint' 'Employerland' 'YOOX NET-A-PORTER GROUP'
 'Elica']"
4016;['Johnson & Johnson' 'Employerland'];"[""Victoria's secret - Percassi "" 'Roche UK' 'EVERIS' 'Gi Group' 'Bosch']"
4017;"['Università Europea di Roma' 'Leroy Merlin' 'EY' 'Employerland Demo'
 'Employerland']";"['RED' 'Antica Focacceria San Francesco' 'SMOOTH HOTELS' 'MOOD HOTELS'
 'MAG HOTELS']"
4018;['Johnson & Johnson'];"['Calzedonia' 'Goldenpoint' 'Employerland' 'YOOX NET-A-PORTER GROUP'
 'AST - ThyssenKrupp']"
4019;['Employerland'];"['Calzedonia' ""Victoria's secret - Percassi "" 'Roche UK'
 'Antica Focacceria San Francesco' 'Gi Group']"
4022;['Employerland'];"['Calzedonia' 'Goldenpoint' 'YOOX NET-A-PORTER GROUP' 'AST - ThyssenKrupp'
 'Elica']"
4023;['Johnson & Johnson' 'Bosch' 'Employerland'];"['Pirelli' 'Ferrovie dello Stato Italiane' 'Philip Morris Italia'
 'Salini Impregilo' 'Findus']"
4029;"['Johnson & Johnson' 'EY' 'Employerland' 'Bosch' 'Unilever'
 'Università Europea di Roma']";"[""Victoria's secret - Percassi "" 'Roche UK' 'EVERIS' 'Gi Group'
 'Antica Focacceria San Francesco']"
4030;['Employerland'];"['Calzedonia' 'Goldenpoint' 'YOOX NET-A-PORTER GROUP' 'AST - ThyssenKrupp'
 'Università Europea di Roma']"
4031;['Johnson & Johnson'];"['AST - ThyssenKrupp' 'Calzedonia' 'Goldenpoint' 'Würth Srl '
 'Lidl Italia']"
4036;['Employerland'];"['Calzedonia' 'Goldenpoint' 'Bosch' ""Victoria's secret - Percassi ""
 'Università Europea di Roma']"
4039;['Bricoman Italia' 'Employerland Demo' 'Johnson & Johnson' 'Employerland'];"[""Victoria's secret - Percassi "" 'Roche UK' 'EVERIS' 'Gi Group'
 'Antica Focacceria San Francesco']"
4041;['Employerland' 'Johnson & Johnson'];"[""Victoria's secret - Percassi "" 'Roche UK' 'EVERIS' 'Gi Group'
 'Antica Focacceria San Francesco']"
4042;['Employerland'];"[""Victoria's secret - Percassi "" 'Roche UK' 'Gi Group' 'Lego-Percassi'
 'NTT DATA Italia']"
4043;['Employerland'];"[""Victoria's secret - Percassi "" 'Roche UK' 'Gi Group' 'EVERIS'
 'Lego-Percassi']"
4044;['Johnson & Johnson' 'Employerland'];"['FRONERI' 'Università Europea di Roma' 'Antica Focacceria San Francesco'
 'Roche UK' 'Lego-Percassi']"
4046;['Employerland'];"[""Victoria's secret - Percassi "" 'Roche UK' 'EVERIS' 'Gi Group'
 'Antica Focacceria San Francesco']"
4050;['Johnson & Johnson' 'Employerland'];"['Università Europea di Roma' 'Roche UK' ""Victoria's secret - Percassi ""
 'Antica Focacceria San Francesco' 'Cerved']"
4051;['Bosch' 'EY'];"[""Victoria's secret - Percassi "" 'Roche UK'
 'Antica Focacceria San Francesco' 'Università Europea di Roma' 'Gi Group']"
4054;['Employerland'];"[""Victoria's secret - Percassi "" 'Roche UK' 'EVERIS' 'Gi Group'
 'Antica Focacceria San Francesco']"
4057;['Employerland' 'Johnson & Johnson'];['Kpmg' 'Deloitte' 'EY' 'Università Europea di Roma' 'Accenture']
4058;['Employerland'];"[""Victoria's secret - Percassi "" 'Roche UK' 'EVERIS' 'Gi Group'
 'Antica Focacceria San Francesco']"
4059;['Johnson & Johnson' 'Unilever'];"['Università Europea di Roma' 'Roche UK' ""Victoria's secret - Percassi ""
 'Antica Focacceria San Francesco' 'Cerved']"
4060;['Employerland'];"[""Victoria's secret - Percassi "" 'Roche UK' 'EVERIS' 'Gi Group'
 'Antica Focacceria San Francesco']"
4062;['Employerland'];"['Calzedonia' 'Goldenpoint' 'AST - ThyssenKrupp'
 ""Victoria's secret - Percassi "" 'Roche UK']"
4067;['Employerland'];"['Calzedonia' 'Goldenpoint' 'YOOX NET-A-PORTER GROUP' 'Elica'
 'Università Europea di Roma']"
4069;['Johnson & Johnson' 'Employerland'];"[""Victoria's secret - Percassi "" 'Roche UK' 'Gi Group' 'Lego-Percassi'
 'NTT DATA Italia']"
4070;['Employerland'];"['Calzedonia' 'Goldenpoint' ""Victoria's secret - Percassi "" 'Gi Group'
 'Lego-Percassi']"
4071;['Employerland'];"['Bosch' 'Luxottica' 'Dmail-Percassi' 'EVERIS'
 'Antica Focacceria San Francesco']"
4072;['Johnson & Johnson'];"[""Victoria's secret - Percassi "" 'Roche UK' 'EVERIS'
 'Antica Focacceria San Francesco' 'Dmail-Percassi']"
4075;['Employerland'];"[""Victoria's secret - Percassi "" 'Roche UK' 'EVERIS' 'Gi Group'
 'Antica Focacceria San Francesco']"
4076;['Employerland' 'Johnson & Johnson'];"[""Victoria's secret - Percassi "" 'Roche UK' 'Gi Group' 'EVERIS'
 'NTT DATA Italia']"
4078;['Johnson & Johnson'];['Calzedonia' 'Goldenpoint' 'Employerland' 'Bosch' 'Lidl Italia']
4079;['Employerland'];"['Pirelli' 'Philip Morris Italia' 'Bricocenter Italia' 'Decathlon'
 'Findus']"
4080;['Johnson & Johnson' 'Employerland'];"[""Victoria's secret - Percassi "" 'Roche UK' 'EVERIS' 'Gi Group'
 'Antica Focacceria San Francesco']"
4082;['Bosch'];"[""Victoria's secret - Percassi "" 'Roche UK' 'Gi Group' 'Lego-Percassi'
 'EVERIS']"
4084;['Johnson & Johnson'];"[""Victoria's secret - Percassi "" 'Roche UK' 'Gi Group' 'Lego-Percassi'
 'NTT DATA Italia']"
4085;['Johnson & Johnson'];"[""Victoria's secret - Percassi "" 'Roche UK' 'EVERIS' 'Gi Group'
 'Antica Focacceria San Francesco']"
4087;['Employerland'];['Università Europea di Roma' 'EY' 'Calzedonia' 'Bosch' 'PwC']
4088;['Employerland'];['Università Europea di Roma' 'Open Fiber' 'EY' 'FRONERI' 'Tech Data']
4089;['Employerland'];"['Calzedonia' 'Goldenpoint' 'Università Europea di Roma' 'EY'
 'YOOX NET-A-PORTER GROUP']"
4090;['Johnson & Johnson' 'Unilever' 'Microsoft' 'Employerland'];"[""Victoria's secret - Percassi "" 'Roche UK' 'EVERIS' 'Gi Group'
 'Antica Focacceria San Francesco']"
4091;['Johnson & Johnson' 'Leroy Merlin' 'EY'];"['Employerland' 'Roche UK' 'EVERIS' ""Victoria's secret - Percassi ""
 'Dmail-Percassi']"
4092;['Johnson & Johnson' 'Employerland'];"[""Victoria's secret - Percassi "" 'Roche UK' 'EVERIS' 'Gi Group'
 'Antica Focacceria San Francesco']"
4094;['Employerland'];"['Chiesi Group' 'Sanofi SpA' 'Roche' 'Roche UK'
 ""Victoria's secret - Percassi ""]"
4097;['Employerland'];"['Calzedonia' 'Goldenpoint' 'YOOX NET-A-PORTER GROUP' 'Elica'
 'Università Europea di Roma']"
4098;['Johnson & Johnson'];"['Calzedonia' 'Goldenpoint' 'Employerland' ""Victoria's secret - Percassi ""
 'Lego-Percassi']"
4099;['Johnson & Johnson'];['Università Europea di Roma' 'EY' 'Tech Data' 'PwC' 'Deloitte']
4100;['Employerland'];['Università Europea di Roma' 'EY' 'PwC' 'Deloitte' 'Kpmg']
4102;['Employerland Demo' 'Unilever' 'Employerland'];['Calzedonia' 'Accenture' 'Goldenpoint' 'EY' 'Kpmg']
4104;"['Johnson & Johnson' 'Unilever' 'Leroy Merlin' 'Bricoman Italia'
 'Employerland Demo' 'Bosch' 'Employerland']";['Università Europea di Roma' 'EY' 'PwC' 'Deloitte' 'Kpmg']
4105;['Employerland'];['Università Europea di Roma' 'EY' 'Tech Data' 'Cerved' 'FRONERI']
4106;['Employerland'];"['Università Europea di Roma' 'Roche UK' ""Victoria's secret - Percassi ""
 'Cerved' 'Antica Focacceria San Francesco']"
4107;['Johnson & Johnson' 'Employerland'];"['Calzedonia' 'Goldenpoint' 'YOOX NET-A-PORTER GROUP' 'Elica'
 'Università Europea di Roma']"
4112;['Johnson & Johnson' 'Employerland'];"['Università Europea di Roma' 'Roche UK' ""Victoria's secret - Percassi ""
 'Antica Focacceria San Francesco' 'Cerved']"
4113;['Johnson & Johnson'];"[""Victoria's secret - Percassi "" 'Roche UK' 'EVERIS' 'Gi Group'
 'Antica Focacceria San Francesco']"
4114;['Johnson & Johnson' 'Employerland'];['Università Europea di Roma' 'EY' 'Tech Data' 'Calzedonia' 'Whirlpool']
4115;['Employerland' 'Leroy Merlin'];"[""Victoria's secret - Percassi "" 'Roche UK' 'EVERIS' 'Gi Group'
 'Antica Focacceria San Francesco']"
4116;['Johnson & Johnson'];"['Calzedonia' 'Goldenpoint' 'Università Europea di Roma' 'Employerland'
 'EY']"
4119;['Employerland'];"[""Victoria's secret - Percassi "" 'Roche UK' 'Gi Group' 'EVERIS'
 'Lego-Percassi']"
4123;['Bosch'];"[""Victoria's secret - Percassi "" 'Roche UK' 'EVERIS' 'Gi Group'
 'Antica Focacceria San Francesco']"
4124;['Employerland'];"[""Victoria's secret - Percassi "" 'Roche UK' 'EVERIS' 'Gi Group'
 'Antica Focacceria San Francesco']"
4127;['Employerland'];"['Goldenpoint' 'Calzedonia' 'YOOX NET-A-PORTER GROUP' 'Accenture'
 'Lottomatica']"
4128;['Johnson & Johnson' 'Bosch' 'Unilever' 'Employerland'];"['Amplifon' 'Carrefour Italia' 'Calzedonia' 'NTT DATA Italia'
 'Lidl Italia']"
4130;['Johnson & Johnson' 'Bosch' 'Employerland' 'Leroy Merlin'];['Università Europea di Roma' 'EY' 'PwC' 'Deloitte' 'Kpmg']
4132;['Bosch' 'Employerland' 'Employerland Demo'];"['Calzedonia' 'Goldenpoint' 'Luxottica' 'AST - ThyssenKrupp'
 'Dmail-Percassi']"
4133;['Johnson & Johnson' 'Employerland'];['Università Europea di Roma' 'Calzedonia' 'Bosch' 'EY' 'Goldenpoint']
4134;['Johnson & Johnson' 'Employerland'];"[""Victoria's secret - Percassi "" 'Roche UK' 'EVERIS' 'Gi Group'
 'Antica Focacceria San Francesco']"
4137;['LUXOTTICA BRAZIL LTDA' 'Employerland'];['Università Europea di Roma' 'EY' 'Tech Data' 'Cerved' 'FRONERI']
4138;['Johnson & Johnson' 'Employerland'];"[""Victoria's secret - Percassi "" 'Roche UK' 'Gi Group' 'Lego-Percassi'
 'NTT DATA Italia']"
4139;['Johnson & Johnson'];"[""Victoria's secret - Percassi "" 'Roche UK' 'Gi Group' 'Lego-Percassi'
 'NTT DATA Italia']"
4141;"['Johnson & Johnson' 'Leroy Merlin' 'Unilever' 'Employerland'
 'Bricoman Italia']";"[""Victoria's secret - Percassi "" 'Roche UK' 'EVERIS' 'Gi Group'
 'Antica Focacceria San Francesco']"
4142;['Employerland'];"[""Victoria's secret - Percassi "" 'Roche UK' 'Gi Group' 'EVERIS'
 'Lego-Percassi']"
4143;"['Employerland Demo' 'Leroy Merlin' 'Calzedonia' 'Johnson & Johnson'
 'Unilever' 'Employerland']";"[""Victoria's secret - Percassi "" 'Roche UK' 'Gi Group' 'EVERIS'
 'Lego-Percassi']"
4151;['Unilever' 'Employerland'];"['Calzedonia' 'Goldenpoint' 'YOOX NET-A-PORTER GROUP' 'AST - ThyssenKrupp'
 'Bosch']"
4153;['Employerland' 'Johnson & Johnson'];"[""Victoria's secret - Percassi "" 'Roche UK' 'Gi Group' 'Lego-Percassi'
 'NTT DATA Italia']"
4154;['Employerland' 'Johnson & Johnson'];"[""Victoria's secret - Percassi "" 'Roche UK' 'Gi Group' 'EVERIS'
 'Lego-Percassi']"
4155;['Johnson & Johnson' 'Employerland'];"[""Victoria's secret - Percassi "" 'Gi Group' 'Roche UK' 'Lego-Percassi'
 'Bosch']"
4156;['Employerland'];"['Calzedonia' 'Goldenpoint' 'YOOX NET-A-PORTER GROUP' 'Elica'
 'Università Europea di Roma']"
4158;['Employerland'];"[""Victoria's secret - Percassi "" 'Roche UK' 'EVERIS' 'Gi Group'
 'Antica Focacceria San Francesco']"
4159;['Employerland'];['Sanofi SpA' 'Chiesi Group' 'Roche' 'Angelini' 'Bristol-Myers Squibb']
4160;['Employerland Demo' 'Unilever' 'Leroy Merlin'];['Employerland' 'Roche UK' 'Luxottica' 'EVERIS' 'Dmail-Percassi']
4161;['Employerland'];"['Calzedonia' 'Goldenpoint' 'YOOX NET-A-PORTER GROUP' 'Elica'
 'Università Europea di Roma']"
4162;['Johnson & Johnson'];['Calzedonia' 'Goldenpoint' 'Employerland' 'Lego-Percassi' 'Gi Group']
4164;"['Bricoman Italia' 'Employerland' 'Employerland Demo' 'Leroy Merlin'
 'Unilever']";"['Calzedonia' 'Goldenpoint' 'YOOX NET-A-PORTER GROUP' 'AST - ThyssenKrupp'
 'Bosch']"
4167;['Employerland'];"['NTT DATA Italia' ""Victoria's secret - Percassi "" 'Roche UK' 'Gi Group'
 'Siemens']"
4169;['Employerland' 'Johnson & Johnson'];"['Bosch' ""Victoria's secret - Percassi "" 'Gi Group' 'Roche UK'
 'Lego-Percassi']"
4172;['Johnson & Johnson' 'Employerland Demo'];"[""Victoria's secret - Percassi "" 'Roche UK' 'EVERIS' 'Gi Group'
 'Antica Focacceria San Francesco']"
4173;['Johnson & Johnson' 'Employerland'];"['Calzedonia' 'Goldenpoint' 'YOOX NET-A-PORTER GROUP' 'Elica'
 'AST - ThyssenKrupp']"
4178;['Johnson & Johnson' 'Whirlpool' 'Employerland'];"['Calzedonia' 'Goldenpoint' 'YOOX NET-A-PORTER GROUP' 'Elica'
 'Università Europea di Roma']"
4179;['RAI' 'Johnson & Johnson'];"['Employerland' 'Calzedonia' ""Victoria's secret - Percassi "" 'Roche UK'
 'Gi Group']"
4181;['Johnson & Johnson' 'Employerland'];"['Calzedonia' 'Goldenpoint' 'YOOX NET-A-PORTER GROUP' 'AST - ThyssenKrupp'
 'Lego-Percassi']"
4182;['Employerland'];['Università Europea di Roma' 'Calzedonia' 'EY' 'Goldenpoint' 'Accenture']
4184;['Johnson & Johnson'];"['Università Europea di Roma' 'Calzedonia' ""Victoria's secret - Percassi ""
 'Roche UK' 'Antica Focacceria San Francesco']"
4186;['Employerland' 'Johnson & Johnson'];['Luxottica' 'Rinascente' 'Bosch' 'EVERIS' 'MAG HOTELS']
4187;['Employerland'];"['Calzedonia' 'Goldenpoint' 'YOOX NET-A-PORTER GROUP' 'Elica'
 'Università Europea di Roma']"
4188;['Johnson & Johnson'];"['Calzedonia' 'Goldenpoint' 'Employerland' 'YOOX NET-A-PORTER GROUP'
 'AST - ThyssenKrupp']"
4192;['Johnson & Johnson' 'Employerland Demo' 'Luxottica' 'Employerland'];"[""Victoria's secret - Percassi "" 'Roche UK' 'Gi Group' 'Lego-Percassi'
 'EVERIS']"
4193;['Employerland'];"['RED' 'Antica Focacceria San Francesco' 'MOOD HOTELS' 'SMOOTH HOTELS'
 ""Victoria's secret - Percassi ""]"
4194;['Johnson & Johnson' 'Employerland' 'Bosch' 'Unilever'];"[""Victoria's secret - Percassi "" 'Roche UK' 'EVERIS' 'Gi Group'
 'Antica Focacceria San Francesco']"
4196;['Johnson & Johnson' 'Employerland'];"['Roche UK' ""Victoria's secret - Percassi "" 'EVERIS'
 'Antica Focacceria San Francesco' 'Dmail-Percassi']"
4197;['Employerland'];"['Bricocenter Italia' 'Decathlon' 'Lidl Italia' 'Leroy Merlin'
 'Lottomatica']"
4200;['Employerland'];['MSD Italia' 'Angelini' 'Bristol-Myers Squibb' 'EVERIS' 'Open Fiber']
4202;['Johnson & Johnson' 'Employerland'];"[""Victoria's secret - Percassi "" 'Roche UK' 'SMOOTH HOTELS' 'Gi Group'
 'EVERIS']"
4203;['Johnson & Johnson' 'Employerland'];['Goldenpoint' 'Calzedonia' 'Elica' 'YOOX NET-A-PORTER GROUP' 'Accenture']
4204;['Johnson & Johnson' 'Employerland'];['Lidl Italia' 'Rinascente' 'FRONERI' 'Lego-Percassi' 'Würth Srl ']
4205;['Unilever'];"[""Victoria's secret - Percassi "" 'Roche UK' 'EVERIS' 'Gi Group'
 'Antica Focacceria San Francesco']"
4206;['Johnson & Johnson' 'Unilever' 'Employerland'];"[""Victoria's secret - Percassi "" 'Roche UK' 'EVERIS' 'Gi Group'
 'Antica Focacceria San Francesco']"
4207;['Employerland'];"[""Victoria's secret - Percassi "" 'Roche UK' 'EVERIS' 'Gi Group'
 'Antica Focacceria San Francesco']"
4208;['Johnson & Johnson' 'Employerland'];"['Cerved' 'Capgemini' 'Roche UK' ""Victoria's secret - Percassi ""
 'Antica Focacceria San Francesco']"
4211;['Aeroporti di Roma' 'Unilever' 'EY' 'Elica' 'Employerland' 'Lottomatica'];"['FRONERI' 'Lego-Percassi' 'Antica Focacceria San Francesco'
 ""Victoria's secret - Percassi "" 'Roche UK']"
4213;['Johnson & Johnson'];"[""Victoria's secret - Percassi "" 'Roche UK' 'EVERIS' 'Gi Group'
 'Antica Focacceria San Francesco']"
4214;['Johnson & Johnson' 'EY'];['Accenture' 'Kpmg' 'Deloitte' 'Goldenpoint' 'YOOX NET-A-PORTER GROUP']
4217;['LUXOTTICA BRAZIL LTDA' 'Employerland'];['Lidl Italia' 'Kpmg' 'Würth Srl ' 'Decathlon' 'Rinascente']
4218;['Johnson & Johnson' 'Employerland'];"[""Victoria's secret - Percassi "" 'Roche UK' 'Gi Group' 'Lego-Percassi'
 'EVERIS']"
4219;['Johnson & Johnson' 'Bosch' 'Unilever'];['Lidl Italia' 'Rinascente' 'FRONERI' 'Würth Srl ' 'Lego-Percassi']
4221;['LUXOTTICA BRAZIL LTDA' 'Employerland'];"['Calzedonia' 'Goldenpoint' 'YOOX NET-A-PORTER GROUP'
 'Università Europea di Roma' 'EY']"
4223;['Johnson & Johnson' 'Employerland'];['SMOOTH HOTELS' 'MAG HOTELS' 'Gi Group Horeca' 'MOOD HOTELS' 'FRONERI']
4224;['Johnson & Johnson' 'Employerland'];['Goldenpoint' 'Calzedonia' 'YOOX NET-A-PORTER GROUP' 'Accenture' 'Elica']
4225;['Employerland'];['Università Europea di Roma' 'EY' 'FRONERI' 'Tech Data' 'Kpmg']
4227;['Johnson & Johnson'];"[""Victoria's secret - Percassi "" 'Roche UK' 'EVERIS'
 'Antica Focacceria San Francesco' 'Dmail-Percassi']"
4228;['Johnson & Johnson' 'Employerland'];['Goldenpoint' 'Calzedonia' 'YOOX NET-A-PORTER GROUP' 'Elica' 'Accenture']
4230;['Johnson & Johnson'];"['Decathlon' 'Bricocenter Italia' 'Roche UK' 'EVERIS'
 'Antica Focacceria San Francesco']"
4231;['Unilever' 'Bosch' 'Leroy Merlin'];['Employerland' 'Calzedonia' 'Rinascente' 'Eurobet Italia' 'Luxottica']
4232;['Employerland'];"[""Victoria's secret - Percassi "" 'Roche UK' 'EVERIS' 'Gi Group'
 'Antica Focacceria San Francesco']"
4233;['LUXOTTICA BRAZIL LTDA' 'Johnson & Johnson' 'Employerland'];"[""Victoria's secret - Percassi "" 'Roche UK' 'Gi Group' 'Lego-Percassi'
 'EVERIS']"
4234;['Employerland'];['Employerland Demo' 'Unilever' 'Johnson & Johnson' 'Kpmg' 'Microsoft']
4235;['Employerland' 'LUXOTTICA BRAZIL LTDA'];"[""Victoria's secret - Percassi "" 'Roche UK' 'EVERIS' 'Gi Group'
 'Antica Focacceria San Francesco']"
4237;['Employerland'];"[""Victoria's secret - Percassi "" 'Roche UK' 'Gi Group' 'Lego-Percassi'
 'EVERIS']"
4238;['Employerland'];['Lidl Italia' 'Rinascente' 'FRONERI' 'Würth Srl ' 'Decathlon']
4239;['LUXOTTICA BRAZIL LTDA'];['Bosch' 'Ferrovie dello Stato Italiane' 'Salini Impregilo' 'Snam' 'Siram']
4240;['Johnson & Johnson' 'Employerland'];['Lidl Italia' 'Decathlon' 'Würth Srl ' 'Rinascente' 'Bricocenter Italia']
4247;['Employerland Demo' 'Unilever' 'Johnson & Johnson'];"['Decathlon' 'Bricocenter Italia' 'Lottomatica' 'Lidl Italia'
 'Leroy Merlin']"
4254;['Johnson & Johnson'];"[""Victoria's secret - Percassi "" 'Kpmg' 'Roche UK' 'EVERIS' 'FRONERI']"
4259;['Johnson & Johnson'];"['Philip Morris Italia' 'Pirelli' 'Salini Impregilo' 'Findus'
 'Ferrovie dello Stato Italiane']"
4260;['Employerland'];"['Decathlon' 'Bricocenter Italia' 'Roche UK' 'Gi Group'
 'Antica Focacceria San Francesco']"
4264;['LUXOTTICA BRAZIL LTDA'];"[""Victoria's secret - Percassi "" 'Roche UK' 'EVERIS' 'Gi Group'
 'Antica Focacceria San Francesco']"
4265;['Johnson & Johnson'];"['Lidl Italia' 'FRONERI' 'Lego-Percassi' 'Nike-Percassi'
 'Antica Focacceria San Francesco']"
4267;['Employerland'];['Lidl Italia' 'FRONERI' 'Lego-Percassi' 'Rinascente' 'Nike-Percassi']
4268;['Employerland'];"['Lego-Percassi' ""Victoria's secret - Percassi "" 'Roche UK' 'Gi Group'
 'FRONERI']"
4269;['Employerland'];['Lidl Italia' 'Kpmg' 'Bricocenter Italia' 'Deloitte' 'Würth Srl ']
4273;['Employerland'];"[""Victoria's secret - Percassi "" 'Roche UK' 'Gi Group' 'Lego-Percassi'
 'EVERIS']"
4276;['Leroy Merlin'];"[""Victoria's secret - Percassi "" 'Roche UK' 'Gi Group' 'Lego-Percassi'
 'EVERIS']"
4277;['Johnson & Johnson'];"[""Victoria's secret - Percassi "" 'Roche UK' 'Gi Group' 'Lego-Percassi'
 'EVERIS']"
4281;['Johnson & Johnson'];"[""Victoria's secret - Percassi "" 'Roche UK' 'Gi Group' 'Lego-Percassi'
 'EVERIS']"
4284;['Johnson & Johnson' 'Unilever' 'Employerland'];"[""Victoria's secret - Percassi "" 'Roche UK' 'Gi Group' 'Lego-Percassi'
 'EVERIS']"
4285;['Johnson & Johnson'];['Lidl Italia' 'Accenture' 'Goldenpoint' 'Lottomatica' 'Wind Tre']
4288;['Bosch' 'Johnson & Johnson' 'Employerland'];"['Lego-Percassi' ""Victoria's secret - Percassi "" 'Roche UK' 'Gi Group'
 'FRONERI']"
4290;['Employerland'];"[""Victoria's secret - Percassi "" 'Roche UK' 'Gi Group' 'Lego-Percassi'
 'EVERIS']"
4292;['Bosch'];"['Ferrovie dello Stato Italiane' 'Salini Impregilo' 'AST - ThyssenKrupp'
 'Siram' 'Snam']"
4293;['Employerland'];"[""Victoria's secret - Percassi "" 'Roche UK' 'Gi Group' 'Lego-Percassi'
 'EVERIS']"
4297;['Johnson & Johnson' 'Employerland'];"[""Victoria's secret - Percassi "" 'Roche UK' 'Gi Group' 'Lego-Percassi'
 'EVERIS']"
4301;['Employerland'];['Lidl Italia' 'Rinascente' 'FRONERI' 'Würth Srl ' 'Lego-Percassi']
4303;['Johnson & Johnson'];"['Lego-Percassi' ""Victoria's secret - Percassi "" 'Roche UK' 'Gi Group'
 'FRONERI']"
4305;['Employerland'];"[""Victoria's secret - Percassi "" 'Roche UK' 'Gi Group' 'Lego-Percassi'
 'EVERIS']"
4306;['Employerland'];"[""Victoria's secret - Percassi "" 'Roche UK' 'Gi Group' 'Lego-Percassi'
 'EVERIS']"
4307;['Johnson & Johnson' 'Employerland' 'Bosch'];"[""Victoria's secret - Percassi "" 'Roche UK' 'Gi Group' 'Lego-Percassi'
 'EVERIS']"
4308;['Johnson & Johnson' 'Bosch' 'Employerland' 'Unilever'];"['Goldenpoint' 'YOOX NET-A-PORTER GROUP' 'Calzedonia' 'Accenture'
 'Mars Italia']"
4309;['Employerland'];['PwC' 'Eurobet Italia' 'Deloitte' 'Capgemini' 'Cerved']
4313;['Employerland'];['Lidl Italia' 'Roche' 'Rinascente' 'Bricocenter Italia' 'Calzedonia']
4316;['Johnson & Johnson' 'Employerland'];"[""Victoria's secret - Percassi "" 'Roche UK' 'Gi Group' 'Lego-Percassi'
 'EVERIS']"
4317;['Johnson & Johnson'];"[""Victoria's secret - Percassi "" 'Roche UK' 'Gi Group' 'Lego-Percassi'
 'EVERIS']"
4319;['Johnson & Johnson' 'Employerland Demo' 'Employerland'];"['Calzedonia' 'Goldenpoint' 'YOOX NET-A-PORTER GROUP' 'Elica'
 'MOOD HOTELS']"
4321;['Employerland' 'Johnson & Johnson'];"[""Victoria's secret - Percassi "" 'Roche UK' 'Gi Group' 'Lego-Percassi'
 'EVERIS']"
4323;['Unilever' 'Leroy Merlin' 'Employerland'];"['Lego-Percassi' ""Victoria's secret - Percassi "" 'Roche UK' 'Gi Group'
 'FRONERI']"
4324;['Johnson & Johnson' 'Employerland'];"['Lego-Percassi' ""Victoria's secret - Percassi "" 'Roche UK' 'Gi Group'
 'FRONERI']"
4326;['Employerland'];"[""Victoria's secret - Percassi "" 'Roche UK' 'EVERIS' 'Gi Group'
 'Antica Focacceria San Francesco']"
4327;['Johnson & Johnson' 'Accenture' 'Bosch' 'Unilever' 'Roche' 'Leroy Merlin'];['Lidl Italia' 'FRONERI' 'Rinascente' 'Lego-Percassi' 'Nike-Percassi']
4328;['Employerland'];"[""Victoria's secret - Percassi "" 'Roche UK' 'Gi Group' 'Lego-Percassi'
 'EVERIS']"
4329;['Johnson & Johnson' 'Employerland'];"[""Victoria's secret - Percassi "" 'Roche UK' 'Gi Group' 'Lego-Percassi'
 'EVERIS']"
4332;['Employerland'];"[""Victoria's secret - Percassi "" 'Roche UK' 'Gi Group' 'Lego-Percassi'
 'EVERIS']"
4335;"['Angelini' 'Employerland Demo' 'Ferrovie dello Stato Italiane' 'Roche'
 'EY' 'Bosch' 'Unilever' 'Leroy Merlin' 'Deloitte']";"[""Victoria's secret - Percassi "" 'Roche UK' 'Gi Group' 'Lego-Percassi'
 'EVERIS']"
4338;['Employerland'];['Lidl Italia' 'FRONERI' 'Lego-Percassi' 'Rinascente' 'Nike-Percassi']
4339;['Bosch' 'Employerland' 'Johnson & Johnson' 'Elica'];"['Lego-Percassi' ""Victoria's secret - Percassi "" 'Roche UK' 'Gi Group'
 'FRONERI']"
4341;['LUXOTTICA BRAZIL LTDA' 'Employerland'];"['Ferrovie dello Stato Italiane' 'Open Fiber' 'MOOD HOTELS' 'Siram'
 'Salini Impregilo']"
4344;['Johnson & Johnson' 'Employerland'];"['Decathlon' 'Bricocenter Italia' 'NTT DATA Italia'
 'Antica Focacceria San Francesco' 'Roche UK']"
4346;['Unilever'];"['Lidl Italia' 'FRONERI' 'Lego-Percassi' 'Nike-Percassi'
 'Antica Focacceria San Francesco']"
4347;['Johnson & Johnson' 'Employerland'];['Lidl Italia' 'Decathlon' 'Würth Srl ' 'Rinascente' 'Bricocenter Italia']
4348;['Employerland'];"['Roche UK' 'EVERIS' ""Victoria's secret - Percassi "" 'Dmail-Percassi'
 'Antica Focacceria San Francesco']"
4353;['Johnson & Johnson' 'Employerland'];"[""Victoria's secret - Percassi "" 'Roche UK' 'Gi Group' 'Lego-Percassi'
 'EVERIS']"
4364;['Employerland'];['Lidl Italia' 'FRONERI' 'Lego-Percassi' 'Rinascente' 'Nike-Percassi']
4365;['Employerland' 'Johnson & Johnson'];"['Lego-Percassi' ""Victoria's secret - Percassi "" 'Roche UK' 'Gi Group'
 'FRONERI']"
4368;['Johnson & Johnson' 'Leroy Merlin' 'Unilever' 'Employerland'];['Chiesi Group' 'Sanofi SpA' 'Roche' 'Angelini' 'Bristol-Myers Squibb']
4369;['Johnson & Johnson' 'Employerland'];['Accenture' 'Kpmg' 'Deloitte' 'Goldenpoint' 'NTT DATA Italia']
4373;['Employerland'];"['Calzedonia' 'Goldenpoint' 'Roche' 'YOOX NET-A-PORTER GROUP'
 'AST - ThyssenKrupp']"
4375;['Employerland'];"[""Victoria's secret - Percassi "" 'Roche UK' 'EVERIS' 'Gi Group'
 'Antica Focacceria San Francesco']"
4376;['Employerland'];"[""Victoria's secret - Percassi "" 'Roche UK' 'EVERIS' 'Gi Group'
 'Antica Focacceria San Francesco']"
4377;['Employerland'];"['Goldenpoint' ""Victoria's secret - Percassi "" 'YOOX NET-A-PORTER GROUP'
 'SMOOTH HOTELS' 'Cerved']"
4378;['Employerland'];"[""Victoria's secret - Percassi "" 'Roche UK' 'EVERIS' 'Gi Group'
 'Antica Focacceria San Francesco']"
4379;['Johnson & Johnson'];"[""Victoria's secret - Percassi "" 'Roche UK' 'EVERIS' 'Gi Group'
 'Antica Focacceria San Francesco']"
4383;['Johnson & Johnson'];"['NTT DATA Italia' ""Victoria's secret - Percassi "" 'Kpmg' 'EVERIS'
 'Accenture']"
4384;['Employerland'];['Chiesi Group' 'Sanofi SpA' 'Roche' 'Angelini' 'Bristol-Myers Squibb']
4385;['Johnson & Johnson' 'Employerland'];['Chiesi Group' 'Sanofi SpA' 'Roche' 'Angelini' 'Bristol-Myers Squibb']
4386;['Johnson & Johnson'];['Goldenpoint' 'Calzedonia' 'YOOX NET-A-PORTER GROUP' 'Accenture' 'Elica']
4387;['Employerland'];"[""Victoria's secret - Percassi "" 'Roche UK' 'EVERIS' 'Gi Group'
 'Antica Focacceria San Francesco']"
4388;['Employerland'];['Chiesi Group' 'Sanofi SpA' 'Roche' 'Angelini' 'Bristol-Myers Squibb']
4390;['Unilever' 'Employerland'];['Kpmg' 'Deloitte' 'Accenture' 'EY' 'Lidl Italia']
4392;['Johnson & Johnson' 'Employerland'];"['Calzedonia' 'Rinascente' 'Eurobet Italia' 'Luxottica'
 'Philip Morris Italia']"
4393;['Employerland'];['Chiesi Group' 'Sanofi SpA' 'Roche' 'Angelini' 'Bristol-Myers Squibb']
4396;['Leroy Merlin' 'Bricoman Italia' 'Employerland'];"['Roche UK' ""Victoria's secret - Percassi "" 'EVERIS'
 'Antica Focacceria San Francesco' 'Dmail-Percassi']"
4405;['Bosch' 'Employerland'];['MSD Italia' 'Angelini' 'Bristol-Myers Squibb' 'Lottomatica' 'Open Fiber']
4406;['Employerland'];['Roche UK' 'Luxottica' 'EVERIS' 'Dmail-Percassi' 'MAG HOTELS']
4407;['Employerland' 'Bricoman Italia'];['Accenture' 'Kpmg' 'Deloitte' 'YOOX NET-A-PORTER GROUP' 'Calzedonia']
4409;['Johnson & Johnson' 'Bosch' 'Employerland'];"['Calzedonia' 'Eurobet Italia' 'Rinascente' 'Luxottica'
 'Philip Morris Italia']"
4410;['Bosch'];['Employerland' 'Luxottica' 'Rinascente' 'EVERIS' 'Roche UK']
4412;['Johnson & Johnson'];['Deloitte' 'Kpmg' 'Accenture' 'Capgemini' 'PwC']
4413;['Employerland'];['Chiesi Group' 'Sanofi SpA' 'Roche' 'Angelini' 'Bristol-Myers Squibb']
4415;"['Employerland' 'Bricoman Italia' 'Bosch' 'EY' 'Aeroporti di Roma'
 'Unilever' 'Johnson & Johnson' 'Microsoft' 'Roche' 'Eurobet Italia'
 'Leroy Merlin' 'Lottomatica' 'RAI' 'PwC']";['Luxottica' 'Rinascente' 'EVERIS' 'MAG HOTELS' 'Dmail-Percassi']
4417;['Unilever' 'Johnson & Johnson'];"[""Victoria's secret - Percassi "" 'Roche UK' 'Cellularline' 'EVERIS'
 'Gi Group']"
4418;['Bosch' 'Johnson & Johnson' 'Unilever' 'Employerland'];['Deloitte' 'Kpmg' 'Accenture' 'EVERIS' 'Capgemini']
4421;['Johnson & Johnson'];['SAP' 'QiBit' 'INDRA' 'Rinascente' 'Snam']
4422;['Johnson & Johnson' 'Employerland'];['Chiesi Group' 'Roche' 'Sanofi SpA' 'Angelini' 'Bristol-Myers Squibb']
4423;['Johnson & Johnson' 'Employerland'];"['Roche UK' 'EVERIS' ""Victoria's secret - Percassi "" 'Dmail-Percassi'
 'Antica Focacceria San Francesco']"
4424;['Employerland'];"[""Victoria's secret - Percassi "" 'Roche UK' 'Gi Group' 'EVERIS'
 'Lego-Percassi']"
4427;['Employerland'];"['Calzedonia' 'Rinascente' 'Luxottica' 'Eurobet Italia'
 'Philip Morris Italia']"
4429;['Johnson & Johnson' 'Employerland' 'LUXOTTICA BRAZIL LTDA'];"['Salini Impregilo' 'Snam' 'Ferrovie dello Stato Italiane' 'Siram'
 'Pirelli']"
4430;['Unilever' 'Leroy Merlin' 'Employerland Demo' 'Bosch' 'Employerland'];['Angelini' 'MSD Italia' 'Bristol-Myers Squibb' 'Chiesi Group' 'Roche']
4431;['Johnson & Johnson' 'Unilever' 'Bosch' 'Leroy Merlin'];['Chiesi Group' 'Sanofi SpA' 'Roche' 'Angelini' 'Bristol-Myers Squibb']
4432;"['Bosch' 'Johnson & Johnson' 'Bricoman Italia' 'Unilever'
 'Employerland Demo' 'Leroy Merlin']";"['Findus' 'YOOX NET-A-PORTER GROUP' 'Philip Morris Italia' 'Goldenpoint'
 'Pirelli']"
4433;['Employerland'];['Chiesi Group' 'Sanofi SpA' 'Roche' 'Angelini' 'Bristol-Myers Squibb']
4434;['Bosch' 'Johnson & Johnson' 'Employerland'];['Chiesi Group' 'Sanofi SpA' 'Roche' 'Angelini' 'Bristol-Myers Squibb']
4436;['Employerland'];['Chiesi Group' 'Sanofi SpA' 'Roche' 'Angelini' 'Bristol-Myers Squibb']
4438;['Johnson & Johnson'];['Chiesi Group' 'Sanofi SpA' 'Roche' 'Angelini' 'Bristol-Myers Squibb']
4439;['Unilever' 'Bosch' 'Johnson & Johnson' 'Employerland'];['Chiesi Group' 'Sanofi SpA' 'Roche' 'Angelini' 'Bristol-Myers Squibb']
4441;['Unilever' 'Bosch' 'Employerland'];['Chiesi Group' 'Sanofi SpA' 'Roche' 'Accenture' 'Kpmg']
4444;['Johnson & Johnson'];"[""Victoria's secret - Percassi "" 'Roche UK' 'EVERIS' 'Gi Group'
 'Antica Focacceria San Francesco']"
4447;"['Bricoman Italia' 'Bosch' 'Unilever' 'Employerland Demo' 'Leroy Merlin'
 'Accenture' 'Calzedonia' 'EY' 'Goldenpoint' 'Employerland' 'Elica'
 'Lidl Italia']";['Angelini' 'MSD Italia' 'Bristol-Myers Squibb' 'Chiesi Group' 'Roche']
4449;['Leroy Merlin' 'Employerland Demo' 'Bosch' 'Employerland'];['Chiesi Group' 'Sanofi SpA' 'Roche' 'Angelini' 'Bristol-Myers Squibb']
4452;['LUXOTTICA BRAZIL LTDA'];"['NTT DATA Italia' ""Victoria's secret - Percassi "" 'Roche UK' 'EVERIS'
 'Gi Group']"
4457;['Employerland'];['Chiesi Group' 'Sanofi SpA' 'Roche' 'Angelini' 'Bristol-Myers Squibb']
4461;['Johnson & Johnson'];"[""Victoria's secret - Percassi "" 'Roche UK' 'EVERIS' 'Gi Group'
 'Antica Focacceria San Francesco']"
4466;['Employerland'];"['Findus' 'Philip Morris Italia' 'Roche UK' 'Cerved'
 ""Victoria's secret - Percassi ""]"
4467;"['Unilever' 'EY' 'Leroy Merlin' 'Università Europea di Roma'
 'Johnson & Johnson' 'Employerland Demo' 'Bosch' 'Employerland']";"['Goldenpoint' 'Calzedonia' 'YOOX NET-A-PORTER GROUP'
 ""Victoria's secret - Percassi "" 'Accenture']"
4468;['Bosch'];"['Decathlon' 'Bricocenter Italia' 'Leroy Merlin' 'Lidl Italia'
 'Lottomatica']"
4470;['Unilever' 'Johnson & Johnson' 'Employerland Demo' 'Bosch' 'Employerland'];['Chiesi Group' 'Sanofi SpA' 'Roche' 'Angelini' 'Bristol-Myers Squibb']
4475;['Calzedonia' 'Johnson & Johnson' 'Employerland'];['Deloitte' 'Kpmg' 'Accenture' 'Capgemini' 'EVERIS']
4476;['Unilever' 'Employerland'];['Chiesi Group' 'Sanofi SpA' 'Roche' 'Angelini' 'Bristol-Myers Squibb']
4477;['Employerland'];['Deloitte' 'Goldenpoint' 'Accenture' 'Kpmg' 'Lottomatica']
4485;['Bosch' 'Employerland'];"['Open Fiber' 'Ferrovie dello Stato Italiane'
 ""Victoria's secret - Percassi "" 'SMOOTH HOTELS' 'Roche UK']"
4490;['Unilever'];"['Goldenpoint' 'YOOX NET-A-PORTER GROUP' 'Wind Tre' 'Open Fiber'
 'Accenture']"
4492;['Bosch' 'Employerland' 'Johnson & Johnson'];"['NTT DATA Italia' ""Victoria's secret - Percassi "" 'EVERIS' 'Roche UK'
 'Gi Group']"
4495;['Employerland'];"['SMOOTH HOTELS' ""Victoria's secret - Percassi "" 'Roche UK' 'Gi Group'
 'EVERIS']"
4496;['Johnson & Johnson'];['Chiesi Group' 'Roche' 'Angelini' 'Sanofi SpA' 'Bristol-Myers Squibb']
4500;['Bosch' 'Employerland'];"[""Victoria's secret - Percassi "" 'Roche UK' 'Gi Group' 'SMOOTH HOTELS'
 'EVERIS']"
4503;['EY' 'Unilever' 'Microsoft' 'Employerland Demo'];['Deloitte' 'Kpmg' 'Accenture' 'PwC' 'Capgemini']
4507;['Unilever'];['Chiesi Group' 'Roche' 'Angelini' 'Bristol-Myers Squibb' 'MSD Italia']
4510;['Johnson & Johnson' 'Employerland'];"[""Victoria's secret - Percassi "" 'Roche UK' 'Gi Group' 'SMOOTH HOTELS'
 'EVERIS']"
4512;['Employerland'];['Deloitte' 'Kpmg' 'Lidl Italia' 'Accenture' 'Capgemini']
4513;['Employerland'];"['Lidl Italia' 'FRONERI' 'Lego-Percassi' 'Nike-Percassi'
 'Antica Focacceria San Francesco']"
4517;['Leroy Merlin' 'Unilever'];"['Kpmg' 'Deloitte' 'EVERIS' ""Victoria's secret - Percassi "" 'Roche UK']"
4518;['Employerland'];"[""Victoria's secret - Percassi "" 'Roche UK' 'EVERIS' 'Gi Group'
 'Antica Focacceria San Francesco']"
4519;"['Bosch' 'Unilever' 'Employerland Demo' 'Leroy Merlin' 'Bricoman Italia'
 'Calzedonia']";['PwC' 'Deloitte' 'Accenture' 'Kpmg' 'EY']
4521;['Employerland'];"['Decathlon' 'Bricocenter Italia' 'Roche UK'
 'Antica Focacceria San Francesco' 'Gi Group']"
4530;['Bosch'];"['Calzedonia' 'Goldenpoint' 'Employerland' 'YOOX NET-A-PORTER GROUP'
 'Elica']"
4533;['Leroy Merlin' 'Employerland Demo'];"['Calzedonia' 'Bricocenter Italia' 'Decathlon' 'Goldenpoint'
 'Employerland']"
4534;['Employerland'];"['Employerland Demo' 'Unilever' 'Johnson & Johnson' 'Calzedonia'
 'Goldenpoint']"
4537;['Employerland' 'Employerland Demo'];['Accenture' 'Kpmg' 'NTT DATA Italia' 'Deloitte' 'Goldenpoint']
4542;"['Elica' 'Roche' 'Leroy Merlin' 'Johnson & Johnson' 'Microsoft'
 'Whirlpool' 'RAI' 'Aeroporti di Roma' 'Bosch' 'Unilever'
 'Bristol-Myers Squibb' 'Datalogic' 'Employerland' 'Accenture'
 'Employerland Demo']";"['Open Fiber' ""Victoria's secret - Percassi "" 'Cellularline' 'Roche UK'
 'EVERIS']"
4543;['Employerland'];"['Decathlon' 'Bricocenter Italia' 'Cerved' ""Victoria's secret - Percassi ""
 'Bristol-Myers Squibb']"
4545;['Bosch' 'Employerland'];['Unilever' 'Employerland Demo' 'Johnson & Johnson' 'Elica' 'Microsoft']
4549;['Unilever' 'Employerland'];"['Goldenpoint' 'YOOX NET-A-PORTER GROUP' 'Calzedonia' 'Accenture'
 'Wind Tre']"
4553;['Bosch' 'Employerland'];"['Roche UK' 'Gi Group' 'Antica Focacceria San Francesco' 'Lego-Percassi'
 ""Victoria's secret - Percassi ""]"
4554;['Employerland'];"['Calzedonia' 'Goldenpoint' 'Findus' 'Philip Morris Italia'
 'YOOX NET-A-PORTER GROUP']"
4555;"['Employerland' 'Bosch' 'Unilever' 'Bricoman Italia' 'Employerland Demo'
 'Leroy Merlin']";['Johnson & Johnson' 'Findus' 'Lottomatica' 'Microsoft' 'Goldenpoint']
4564;['Employerland'];"['SMOOTH HOTELS' 'EVERIS' ""Victoria's secret - Percassi "" 'Roche UK'
 'Gi Group']"
4566;['Bosch'];"[""Victoria's secret - Percassi "" 'Cellularline' 'Open Fiber' 'Roche UK'
 'Lottomatica']"
4567;['Bosch' 'Employerland'];"['Goldenpoint' 'YOOX NET-A-PORTER GROUP' 'Open Fiber' 'MOOD HOTELS'
 'Ferrovie dello Stato Italiane']"
4568;['Bosch' 'Unilever'];"['Bricocenter Italia' 'Decathlon' 'Lidl Italia' 'Employerland'
 'Leroy Merlin']"
4570;['Employerland'];"[""Victoria's secret - Percassi "" 'Roche UK' 'EVERIS' 'Gi Group'
 'Antica Focacceria San Francesco']"
4573;"['Bosch' 'Aeroporti di Roma' 'Unilever' 'Bricoman Italia' 'Microsoft'
 'Roche' 'Employerland Demo' 'Tech Data']";"['Lidl Italia' 'Decathlon' 'Bricocenter Italia'
 'Ferrovie dello Stato Italiane' 'Lottomatica']"
4574;['Unilever' 'Employerland'];['Cerved' 'Gi Group Horeca' 'MAG HOTELS' 'FRONERI' 'SMOOTH HOTELS']
4575;['Employerland'];"['Unilever' 'Employerland Demo' 'Goldenpoint' 'Johnson & Johnson'
 'Calzedonia']"
4576;['Bosch'];"['Goldenpoint' 'Calzedonia' 'YOOX NET-A-PORTER GROUP' 'Accenture'
 'Lottomatica']"
4579;['Employerland'];"['EVERIS' ""Victoria's secret - Percassi "" 'Roche UK' 'Capgemini'
 'Gi Group']"
4581;"['Bosch' 'Microsoft' 'PwC' 'Unilever' 'Whirlpool' 'Employerland Demo'
 'Elica' 'Employerland' 'EY' 'Wind Tre' 'Lottomatica']";"['Ferrovie dello Stato Italiane' 'Open Fiber' 'SMOOTH HOTELS'
 ""Victoria's secret - Percassi "" 'MOOD HOTELS']"
4582;['Unilever'];"[""Victoria's secret - Percassi "" 'Roche UK' 'Gi Group' 'EVERIS'
 'Open Fiber']"
4585;['Bosch' 'Employerland'];"[""Victoria's secret - Percassi "" 'Gi Group' 'Roche UK' 'SMOOTH HOTELS'
 'Lego-Percassi']"
4587;"['Bosch' 'Unilever' 'Leroy Merlin' 'Bricoman Italia' 'Employerland Demo'
 'Employerland']";['Decathlon' 'Bricocenter Italia' 'Lidl Italia' 'Findus' 'Lottomatica']
4590;['Unilever' 'Employerland'];['Deloitte' 'Kpmg' 'Accenture' 'Capgemini' 'PwC']
4592;['Employerland'];"[""Victoria's secret - Percassi "" 'Roche UK' 'Gi Group' 'Dmail-Percassi'
 'SMOOTH HOTELS']"
4602;['Bosch'];['Open Fiber' 'Ferrovie dello Stato Italiane' 'Wind Tre' 'SAP' 'Luxottica']
4605;['Bosch' 'Unilever' 'Employerland'];"[""Victoria's secret - Percassi "" 'Roche UK' 'SMOOTH HOTELS' 'Gi Group'
 'EVERIS']"
4611;['Unilever'];"['Mars Italia' 'YOOX NET-A-PORTER GROUP' 'Vente-Privee - Privalia' 'Elica'
 'Goldenpoint']"
4616;['Employerland'];"['Ferrovie dello Stato Italiane' 'Salini Impregilo' 'Lottomatica'
 'Open Fiber' 'Wind Tre']"
4617;['Unilever' 'Bosch'];"[""Victoria's secret - Percassi "" 'Roche UK' 'Gi Group' 'Lego-Percassi'
 'EVERIS']"
4618;['Unilever' 'Employerland'];"['Goldenpoint' 'Calzedonia' ""Victoria's secret - Percassi ""
 'YOOX NET-A-PORTER GROUP' 'Cerved']"
4619;['Unilever' 'Employerland'];['Bricocenter Italia' 'Decathlon' 'Goldenpoint' 'Lidl Italia' 'Pirelli']
4621;['Employerland Demo' 'Leroy Merlin' 'Unilever' 'Bricoman Italia'];['Chiesi Group' 'Sanofi SpA' 'Roche' 'Angelini' 'Bristol-Myers Squibb']
4622;['Employerland'];['EY' 'Kpmg' 'Università Europea di Roma' 'Deloitte' 'Accenture']
4623;['Unilever'];['Kpmg' 'Deloitte' 'Findus' 'Bristol-Myers Squibb' 'Accenture']
4628;['Unilever' 'Leroy Merlin' 'RAI' 'Aeroporti di Roma' 'Microsoft' 'EY'];"['Lottomatica' 'Ferrovie dello Stato Italiane' 'Decathlon' 'Wind Tre'
 'Open Fiber']"
4629;['Bricoman Italia' 'Employerland Demo' 'Leroy Merlin' 'Employerland'];"['Angelini' 'MSD Italia' 'Bristol-Myers Squibb' 'Chiesi Group'
 'Lottomatica']"
4636;['Employerland'];"['Decathlon' 'Bricocenter Italia' 'Lidl Italia' 'Leroy Merlin'
 'Ferrovie dello Stato Italiane']"
4641;"['Leroy Merlin' 'Aeroporti di Roma' 'Pirelli'
 'Ferrovie dello Stato Italiane' 'Decathlon' 'Deloitte' 'Lidl Italia'
 'Kpmg' 'Johnson & Johnson' 'Lottomatica' 'Unilever']";"[""Victoria's secret - Percassi "" 'Roche UK' 'Cellularline' 'EVERIS'
 'Gi Group']"
4642;['Bosch'];"['Goldenpoint' ""Victoria's secret - Percassi "" 'SMOOTH HOTELS' 'Cerved'
 'Calzedonia']"
4643;['Employerland'];['UniCredit' 'Luxottica' 'Würth Srl ' 'PwC' 'Deloitte']
4644;['Unilever' 'Employerland'];['Kpmg' 'Deloitte' 'Accenture' 'PwC' 'EVERIS']
4645;['Leroy Merlin' 'Employerland'];['Angelini' 'MSD Italia' 'Bristol-Myers Squibb' 'Roche' 'Chiesi Group']
4646;['Employerland'];['Calzedonia' 'Goldenpoint' 'YOOX NET-A-PORTER GROUP' 'Elica' 'Accenture']
4647;['Bricoman Italia' 'Employerland'];"['Goldenpoint' 'Calzedonia' 'YOOX NET-A-PORTER GROUP' 'Accenture'
 ""Victoria's secret - Percassi ""]"
4648;['Unilever' 'RAI' 'Employerland'];"['Goldenpoint' 'Lottomatica' 'Open Fiber' 'Ferrovie dello Stato Italiane'
 ""Victoria's secret - Percassi ""]"
4650;['Employerland'];"['NTT DATA Italia' 'EVERIS' ""Victoria's secret - Percassi "" 'Open Fiber'
 'Roche UK']"
4651;['Unilever' 'Employerland Demo' 'Employerland'];['Kpmg' 'Deloitte' 'Accenture' 'EY' 'PwC']
4655;"['Bosch' 'Unilever' 'EY' 'RAI' 'Leroy Merlin' 'Philip Morris Italia'
 'Employerland Demo' 'Employerland']";"[""Victoria's secret - Percassi "" 'Dmail-Percassi' 'Gi Group'
 'SMOOTH HOTELS' 'Roche UK']"
4658;"['Unilever' 'Employerland Demo' 'Leroy Merlin' 'Aeroporti di Roma'
 'Bricoman Italia' 'RAI' 'Lottomatica' 'EY' 'Calzedonia' 'Bosch'
 'Employerland']";"['Goldenpoint' ""Victoria's secret - Percassi "" 'SMOOTH HOTELS' 'Cerved'
 'NTT DATA Italia']"
4661;['Bosch' 'Unilever'];"['Ferrovie dello Stato Italiane' 'Salini Impregilo' 'Open Fiber' 'Pirelli'
 'Snam']"
4662;"['Unilever' 'Lottomatica' 'Aeroporti di Roma' 'Bosch' 'EY' 'RAI'
 'Bricoman Italia' 'Università Europea di Roma' 'Leroy Merlin' 'Tech Data'
 'Employerland' 'Roche' 'Bricocenter Italia' 'Employerland Demo'
 'Chiesi Group']";"['Roche UK' ""Victoria's secret - Percassi "" 'Gi Group' 'SMOOTH HOTELS'
 'Lego-Percassi']"
4663;['Unilever' 'Bosch'];"['Philip Morris Italia' ""Victoria's secret - Percassi "" 'Roche UK'
 'Cerved' 'Siram']"
4668;['Bosch' 'Unilever' 'Employerland Demo' 'Leroy Merlin'];['Goldenpoint' 'Calzedonia' 'YOOX NET-A-PORTER GROUP' 'Accenture' 'Elica']
4669;['Employerland'];"['Lottomatica' 'UniCredit' 'Ferrovie dello Stato Italiane' 'Wind Tre'
 'Decathlon']"
4685;['Unilever'];['Angelini' 'MSD Italia' 'Bristol-Myers Squibb' 'Chiesi Group' 'Roche']
4686;['Bosch' 'Unilever' 'Employerland'];"['Pirelli' 'Findus' 'Philip Morris Italia' 'Lottomatica'
 'Ferrovie dello Stato Italiane']"
4694;['Leroy Merlin' 'Employerland Demo' 'Bosch' 'Employerland'];['Unilever' 'Johnson & Johnson' 'Microsoft' 'Philip Morris Italia' 'RAI']
4698;"['Unilever' 'Employerland Demo' 'EY' 'Leroy Merlin' 'Bosch' 'Employerland'
 'Elica' 'Bricoman Italia' 'Microsoft' 'Lottomatica' 'RAI' 'Calzedonia']";['Open Fiber' 'Ferrovie dello Stato Italiane' 'Wind Tre' 'Pirelli' 'SAP']
4702;['Employerland Demo' 'Unilever' 'Employerland' 'Leroy Merlin'];['Bricocenter Italia' 'Decathlon' 'Lottomatica' 'Pirelli' 'Lidl Italia']
4703;['Employerland Demo' 'Employerland'];"[""Victoria's secret - Percassi "" 'Roche UK' 'SMOOTH HOTELS' 'Gi Group'
 'EVERIS']"
4708;['Bosch'];"[""Victoria's secret - Percassi "" 'Roche UK' 'Gi Group' 'SMOOTH HOTELS'
 'EVERIS']"
4713;['Unilever' 'Employerland Demo'];['Decathlon' 'Lottomatica' 'Goldenpoint' 'Findus' 'Accenture']
4716;['Unilever' 'Employerland' 'Employerland Demo'];['Johnson & Johnson' 'Philip Morris Italia' 'Findus' 'Roche UK' 'Gi Group']
4719;['Employerland'];"['PwC' 'Eurobet Italia' 'Cerved' 'Capgemini'
 'Ferrovie dello Stato Italiane']"
4720;['Unilever' 'Employerland Demo' 'Leroy Merlin'];"['Findus' 'Goldenpoint' ""Victoria's secret - Percassi "" 'Cerved'
 'Philip Morris Italia']"
4722;['Unilever' 'Employerland' 'Bricoman Italia'];['Angelini' 'MSD Italia' 'Chiesi Group' 'Bristol-Myers Squibb' 'Roche']
4724;['Leroy Merlin'];"[""Victoria's secret - Percassi "" 'Roche UK' 'Gi Group' 'SMOOTH HOTELS'
 'Dmail-Percassi']"
4726;['Employerland'];"['Ferrovie dello Stato Italiane' 'Salini Impregilo' 'Open Fiber' 'Siram'
 'MOOD HOTELS']"
4727;['Unilever' 'Leroy Merlin' 'Employerland Demo' 'Bosch'];"['Chiesi Group' 'Sanofi SpA' 'Roche' 'Ferrovie dello Stato Italiane'
 'Angelini']"
4731;['Employerland'];['Pirelli' 'Bristol-Myers Squibb' 'Findus' 'MSD Italia' 'Unilever']
4732;"['RAI' 'Employerland Demo' 'Leroy Merlin' 'EY' 'Employerland'
 'Lottomatica']";"['Ferrovie dello Stato Italiane' 'Salini Impregilo' 'Open Fiber' 'Pirelli'
 'Wind Tre']"
4733;['Employerland'];['Kpmg' 'Deloitte' 'Accenture' 'EY' 'Findus']
4737;['Employerland'];['Università Europea di Roma' 'EY' 'Tech Data' 'PwC' 'Whirlpool']
4738;['Employerland'];['Goldenpoint' 'Calzedonia' 'YOOX NET-A-PORTER GROUP' 'Cerved' 'Accenture']
4741;['Employerland'];"['Goldenpoint' 'YOOX NET-A-PORTER GROUP' 'Open Fiber' 'Wind Tre'
 'Accenture']"
4744;"['Leroy Merlin' 'Unilever' 'Employerland Demo' 'Bosch' 'Employerland'
 'Bricoman Italia']";"[""Victoria's secret - Percassi "" 'Roche UK' 'Gi Group' 'SMOOTH HOTELS'
 'Dmail-Percassi']"
4745;['Employerland'];"['Ferrovie dello Stato Italiane' 'Open Fiber' 'SMOOTH HOTELS'
 'MOOD HOTELS' 'Salini Impregilo']"
4747;['Bosch' 'Unilever'];"['Decathlon' 'Bricocenter Italia' 'Lidl Italia' 'Lottomatica'
 'Leroy Merlin']"
4748;['Employerland Demo' 'Unilever' 'Employerland'];"['Goldenpoint' 'Calzedonia' ""Victoria's secret - Percassi "" 'Cerved'
 'YOOX NET-A-PORTER GROUP']"
4751;['Unilever' 'Employerland'];"[""Victoria's secret - Percassi "" 'Roche UK' 'Gi Group' 'Lego-Percassi'
 'EVERIS']"
4754;['Employerland'];['PwC' 'EY' 'Eurobet Italia' 'Deloitte' 'Cerved']
4760;['Employerland'];"['Ferrovie dello Stato Italiane' 'Salini Impregilo' 'Wind Tre' 'UniCredit'
 'Lottomatica']"
4761;['Employerland'];"['Ferrovie dello Stato Italiane' 'Salini Impregilo' 'Decathlon' 'Pirelli'
 'Bricocenter Italia']"
4763;"['EY' 'Unilever' 'Employerland Demo' 'Calzedonia' 'Microsoft' 'Bosch'
 'Roche' 'Leroy Merlin' 'RAI' 'Whirlpool' 'Accenture' 'Johnson & Johnson'
 'Università Europea di Roma' 'Lidl Italia' 'Datalogic' 'Tech Data'
 'Angelini']";"['Wind Tre' 'Open Fiber' 'YOOX NET-A-PORTER GROUP' 'Goldenpoint'
 'Lottomatica']"
4765;['Employerland'];['Pirelli' 'Philip Morris Italia' 'NTT DATA Italia' 'Siemens' 'Luxottica']
4771;['Unilever' 'Employerland' 'Leroy Merlin'];"['Ferrovie dello Stato Italiane' 'Decathlon' 'Open Fiber' 'SMOOTH HOTELS'
 ""Victoria's secret - Percassi ""]"
4772;['Unilever' 'Employerland'];"['Ferrovie dello Stato Italiane' 'Salini Impregilo' 'Snam' 'Pirelli'
 'Lottomatica']"
4777;['Unilever' 'Employerland Demo' 'Employerland'];"[""Victoria's secret - Percassi "" 'Roche UK' 'Gi Group' 'SMOOTH HOTELS'
 'NTT DATA Italia']"
4782;['Roche'];"['Goldenpoint' 'Calzedonia' 'YOOX NET-A-PORTER GROUP' 'Accenture'
 'Wind Tre']"
4783;['Unilever' 'Employerland' 'Employerland Demo' 'Bosch' 'Leroy Merlin'];['Kpmg' 'Findus' 'Deloitte' 'Lottomatica' 'Decathlon']
4784;['Employerland'];['Angelini' 'MSD Italia' 'Bristol-Myers Squibb' 'Chiesi Group' 'Roche']
4785;['Employerland Demo' 'EY' 'Unilever' 'Eurobet Italia' 'Bosch' 'Elica'];"['Goldenpoint' 'Calzedonia' 'YOOX NET-A-PORTER GROUP' 'Accenture'
 ""Victoria's secret - Percassi ""]"
4786;['Unilever' 'Employerland Demo'];"['Lottomatica' 'Wind Tre' 'Decathlon' 'Università Europea di Roma'
 'Ferrovie dello Stato Italiane']"
4787;['Employerland Demo' 'Unilever' 'Employerland'];['Goldenpoint' 'Calzedonia' 'YOOX NET-A-PORTER GROUP' 'Accenture' 'Elica']
4788;['Employerland'];"['Goldenpoint' 'Accenture' 'Calzedonia' 'YOOX NET-A-PORTER GROUP'
 'Deloitte']"
4789;['Employerland Demo' 'Employerland'];"['Wind Tre' 'Open Fiber' 'Lottomatica' 'Ferrovie dello Stato Italiane'
 'YOOX NET-A-PORTER GROUP']"
4790;['Unilever' 'Leroy Merlin' 'Bosch' 'Employerland' 'Employerland Demo'];"['Siram' ""Victoria's secret - Percassi "" 'Roche UK' 'Gi Group'
 'MOOD HOTELS']"
4791;['Employerland'];"['Unilever' 'Employerland Demo' 'Wind Tre' 'Open Fiber'
 'Johnson & Johnson']"
4793;['Unilever' 'Bosch' 'Leroy Merlin' 'Employerland'];"['Decathlon' 'Goldenpoint' 'Bricocenter Italia' 'YOOX NET-A-PORTER GROUP'
 'Wind Tre']"
4794;['Leroy Merlin' 'Unilever' 'Bosch'];"['Goldenpoint' 'Findus' 'YOOX NET-A-PORTER GROUP' 'Decathlon'
 ""Victoria's secret - Percassi ""]"
4795;['Unilever' 'Employerland'];['Goldenpoint' 'YOOX NET-A-PORTER GROUP' 'PwC' 'Accenture' 'Mars Italia']
4796;['Employerland Demo' 'EY' 'Unilever' 'Bosch' 'Employerland'];['Bricoman Italia' 'Leroy Merlin' 'RAI' 'EVERIS' 'Aeroporti di Roma']
4798;['Unilever'];['Decathlon' 'Bricocenter Italia' 'INDRA' 'Capgemini' 'Roche UK']
4800;['Leroy Merlin'];"['Ferrovie dello Stato Italiane' 'Salini Impregilo' 'Lottomatica'
 'Open Fiber' 'Pirelli']"
4802;"['Unilever' 'Employerland Demo' 'EY' 'Calzedonia' 'RAI' 'Employerland'
 'Lottomatica']";"['Open Fiber' 'Wind Tre' 'Ferrovie dello Stato Italiane' 'FRONERI'
 'Siemens']"
4803;['Employerland'];"['EY' 'Università Europea di Roma' 'MSD Italia' 'Angelini'
 'Bristol-Myers Squibb']"
4804;['Unilever' 'Employerland'];"['Decathlon' 'Calzedonia' 'Bricocenter Italia' 'Goldenpoint'
 'YOOX NET-A-PORTER GROUP']"
4806;['Leroy Merlin'];['Bricoman Italia' 'Decathlon' 'Goldenpoint' 'Bricocenter Italia' 'RAI']
4808;['Unilever' 'Employerland Demo'];['Findus' 'Philip Morris Italia' 'Pirelli' 'Kpmg' 'Bristol-Myers Squibb']
4809;['Unilever'];"[""Victoria's secret - Percassi "" 'Roche UK' 'SMOOTH HOTELS' 'Gi Group'
 'EVERIS']"
4810;['Unilever'];"['Cerved' ""Victoria's secret - Percassi "" 'NTT DATA Italia' 'Capgemini'
 'Roche UK']"
4811;['Unilever' 'Employerland Demo' 'Leroy Merlin' 'Bosch' 'Employerland'];['Decathlon' 'Bricocenter Italia' 'Lottomatica' 'Lidl Italia' 'UniCredit']
4812;"['Unilever' 'Leroy Merlin' 'Ferrovie dello Stato Italiane' 'Bosch'
 'Aeroporti di Roma' 'Pirelli' 'Sanofi SpA' 'Bricoman Italia'
 'Philip Morris Italia' 'Bristol-Myers Squibb' 'Employerland' 'Roche']";"['Goldenpoint' ""Victoria's secret - Percassi "" 'SMOOTH HOTELS' 'Cerved'
 'Calzedonia']"
4813;['Employerland' 'Bricoman Italia' 'Leroy Merlin' 'Lottomatica'];"['Goldenpoint' 'YOOX NET-A-PORTER GROUP' 'Calzedonia' 'Unilever'
 'Employerland Demo']"
4814;['Employerland Demo' 'Employerland'];"[""Victoria's secret - Percassi "" 'Roche UK' 'EVERIS' 'Gi Group'
 'Antica Focacceria San Francesco']"
4815;['Employerland'];"[""Victoria's secret - Percassi "" 'SMOOTH HOTELS' 'Roche UK' 'Gi Group'
 'MOOD HOTELS']"
4816;"['Leroy Merlin' 'Calzedonia' 'Lidl Italia' 'Aeroporti di Roma' 'Bosch'
 'Employerland Demo' 'EY' 'Microsoft' 'Employerland' 'Bricoman Italia'
 'RAI']";['Findus' 'Kpmg' 'Decathlon' 'Bricocenter Italia' 'Lottomatica']
4817;['Employerland'];"['Cerved' ""Victoria's secret - Percassi "" 'Findus' 'Lottomatica'
 'Roche UK']"
4818;['Employerland'];"['Goldenpoint' 'Lottomatica' 'Wind Tre' 'YOOX NET-A-PORTER GROUP'
 'Decathlon']"
4820;['Employerland'];['Rinascente' 'Luxottica' 'Calzedonia' 'MAG HOTELS' 'Gi Group Horeca']
4821;['Bricoman Italia' 'Unilever' 'Leroy Merlin' 'Employerland'];"['EVERIS' ""Victoria's secret - Percassi "" 'Goldenpoint' 'Cellularline'
 'Capgemini']"
4823;"['Unilever' 'Wind Tre' 'Employerland Demo' 'RAI' 'Employerland'
 'Leroy Merlin']";"['Ferrovie dello Stato Italiane' 'Salini Impregilo' 'Lottomatica'
 'Open Fiber' 'Decathlon']"
4827;['Unilever' 'Leroy Merlin' 'Employerland' 'Employerland Demo'];['MSD Italia' 'Angelini' 'Bristol-Myers Squibb' 'Chiesi Group' 'Roche']
4828;['Unilever' 'Employerland Demo'];"['Decathlon' 'Bricocenter Italia' 'Lottomatica'
 'Ferrovie dello Stato Italiane' 'Wind Tre']"
4832;"['Employerland Demo' 'EY' 'Unilever' 'Bosch' 'Employerland' 'Leroy Merlin'
 'Accenture']";"['Johnson & Johnson' 'Roche UK' ""Victoria's secret - Percassi "" 'Gi Group'
 'EVERIS']"
4833;['Employerland' 'Unilever'];"[""Victoria's secret - Percassi "" 'Roche UK' 'Gi Group' 'Dmail-Percassi'
 'Antica Focacceria San Francesco']"
4835;['Unilever'];['Deloitte' 'PwC' 'Capgemini' 'Accenture' 'Kpmg']
4836;"['Unilever' 'Employerland Demo' 'Ferrovie dello Stato Italiane'
 'Leroy Merlin']";"['Goldenpoint' 'YOOX NET-A-PORTER GROUP' 'Accenture' 'Calzedonia'
 'Mars Italia']"
4837;['Employerland' 'Employerland Demo'];"['Decathlon' 'Bricocenter Italia' 'Pirelli'
 'Ferrovie dello Stato Italiane' 'Lottomatica']"
4839;['Employerland Demo'];['Chiesi Group' 'Angelini' 'Roche' 'Bristol-Myers Squibb' 'MSD Italia']
4841;"['Employerland Demo' 'Unilever' 'Bricoman Italia' 'Employerland'
 'Leroy Merlin' 'Bosch']";"['Ferrovie dello Stato Italiane' 'Salini Impregilo' 'Open Fiber' 'Pirelli'
 'Snam']"
4845;['Unilever'];['Lidl Italia' 'Decathlon' 'Kpmg' 'Bricocenter Italia' 'Rinascente']
4846;['Employerland Demo'];"['Salini Impregilo' 'Snam' 'Siram' 'Ferrovie dello Stato Italiane'
 'AST - ThyssenKrupp']"
4850;['Employerland Demo' 'Bosch' 'Unilever' 'Leroy Merlin'];"['Goldenpoint' ""Victoria's secret - Percassi "" 'SMOOTH HOTELS' 'Cerved'
 'Calzedonia']"
4855;['Employerland'];"[""Victoria's secret - Percassi "" 'Roche UK' 'Gi Group' 'Lego-Percassi'
 'EVERIS']"
4856;['Employerland'];"['Wind Tre' 'Open Fiber' 'Lottomatica' 'Ferrovie dello Stato Italiane'
 'YOOX NET-A-PORTER GROUP']"
4858;['Unilever' 'Employerland Demo' 'Accenture' 'Employerland'];"[""Victoria's secret - Percassi "" 'Roche UK' 'EVERIS' 'Gi Group'
 'Antica Focacceria San Francesco']"
4859;['Employerland'];['Lidl Italia' 'Decathlon' 'Rinascente' 'Bricocenter Italia' 'Würth Srl ']
4862;['Leroy Merlin' 'Employerland'];"[""Victoria's secret - Percassi "" 'Roche UK' 'EVERIS' 'Gi Group'
 'Antica Focacceria San Francesco']"
4865;"['Leroy Merlin' 'Aeroporti di Roma' 'Bricoman Italia' 'Microsoft'
 'Employerland' 'Elica']";"[""Victoria's secret - Percassi "" 'Goldenpoint' 'Roche UK' 'Cellularline'
 'Cerved']"
4866;['Employerland Demo' 'EY' 'Employerland' 'Bricoman Italia'];"['Philip Morris Italia' 'Pirelli' 'Findus' 'Kpmg'
 'Università Europea di Roma']"
4869;"['Employerland Demo' 'Unilever' 'EY' 'Università Europea di Roma'
 'Leroy Merlin']";"['Capgemini' 'Cerved' ""Victoria's secret - Percassi "" 'Roche UK' 'EVERIS']"
4873;['Employerland'];"[""Victoria's secret - Percassi "" 'Roche UK' 'EVERIS' 'Gi Group'
 'Antica Focacceria San Francesco']"
4874;['Employerland Demo' 'Bosch' 'Employerland'];"['Bricocenter Italia' 'Decathlon' 'Lidl Italia' 'Leroy Merlin'
 'Lottomatica']"
4875;['Employerland'];"[""Victoria's secret - Percassi "" 'Open Fiber' 'Roche UK' 'EVERIS'
 'Goldenpoint']"
4876;['Employerland'];['Johnson & Johnson' 'Bosch' 'Unilever' 'EVERIS' 'Roche UK']
4877;['Employerland' 'Leroy Merlin'];"['Johnson & Johnson' 'Bosch' 'Unilever' 'Employerland Demo'
 'Bricoman Italia']"
4878;['Leroy Merlin'];"['Pirelli' 'Findus' 'Lottomatica' 'Wind Tre'
 'Ferrovie dello Stato Italiane']"
4879;['Bricoman Italia'];['Sanofi SpA' 'Chiesi Group' 'Roche' 'Angelini' 'Bristol-Myers Squibb']
4880;['Employerland' 'Leroy Merlin'];"['Open Fiber' 'Wind Tre' 'Lottomatica' 'FRONERI'
 'Ferrovie dello Stato Italiane']"
4882;['Employerland Demo' 'Employerland'];['Bristol-Myers Squibb' 'Angelini' 'MSD Italia' 'Cerved' 'Chiesi Group']
4885;['Employerland Demo' 'Unilever'];"['Johnson & Johnson' 'Roche UK' ""Victoria's secret - Percassi "" 'EVERIS'
 'Bosch']"
4887;['Employerland' 'Unilever'];"['Decathlon' 'Bricocenter Italia' 'Bricoman Italia' 'Leroy Merlin'
 'Roche UK']"
4890;['Bosch' 'Unilever'];['MSD Italia' 'Angelini' 'Bristol-Myers Squibb' 'Open Fiber' 'Wind Tre']
4895;['Unilever'];['Università Europea di Roma' 'EY' 'Kpmg' 'Deloitte' 'Employerland']
4896;['Unilever' 'Employerland Demo' 'Employerland' 'Bricoman Italia'];"[""Victoria's secret - Percassi "" 'Roche UK' 'Gi Group' 'SMOOTH HOTELS'
 'EVERIS']"
4899;"['Unilever' 'Employerland Demo' 'Leroy Merlin' 'Tech Data' 'Bosch'
 'Bricoman Italia' 'Employerland' 'EY']";['MSD Italia' 'Bristol-Myers Squibb' 'Angelini' 'Findus' 'Goldenpoint']
4901;['Employerland'];"['Elica' 'Goldenpoint' 'Calzedonia' 'YOOX NET-A-PORTER GROUP'
 'MOOD HOTELS']"
4903;['Leroy Merlin' 'Bosch' 'Unilever' 'Employerland' 'Employerland Demo'];"['Decathlon' 'Bricocenter Italia' 'Bricoman Italia' 'EVERIS'
 'Antica Focacceria San Francesco']"
4905;['Leroy Merlin'];"['EVERIS' ""Victoria's secret - Percassi "" 'Roche UK' 'Gi Group'
 'Antica Focacceria San Francesco']"
4906;['Employerland'];['Goldenpoint' 'Calzedonia' 'YOOX NET-A-PORTER GROUP' 'Accenture' 'Elica']
4908;['Employerland'];['Goldenpoint' 'Calzedonia' 'YOOX NET-A-PORTER GROUP' 'Accenture' 'Elica']
4912;['Employerland Demo' 'Leroy Merlin' 'Unilever' 'Bosch'];['Decathlon' 'Bricocenter Italia' 'Lottomatica' 'Findus' 'Goldenpoint']
4914;"['Unilever' 'Employerland Demo' 'Bricoman Italia' 'Employerland'
 'Leroy Merlin']";"['Ferrovie dello Stato Italiane' 'Decathlon' 'Bricocenter Italia'
 'Lottomatica' 'Wind Tre']"
4918;['Lottomatica' 'Employerland Demo'];"['Bricoman Italia' 'Ferrovie dello Stato Italiane' 'Leroy Merlin'
 'Decathlon' 'Open Fiber']"
4919;['Bosch'];['Angelini' 'MSD Italia' 'Bristol-Myers Squibb' 'Chiesi Group' 'Roche']
4924;['Employerland'];"['Goldenpoint' 'Calzedonia' 'YOOX NET-A-PORTER GROUP' 'Decathlon'
 'Bricocenter Italia']"
4925;['Bricoman Italia' 'Unilever' 'Employerland' 'Bosch' 'Leroy Merlin'];['PwC' 'Deloitte' 'EY' 'Accenture' 'Capgemini']
4926;['Bosch' 'Leroy Merlin'];"[""Victoria's secret - Percassi "" 'Roche UK' 'Gi Group' 'EVERIS'
 'SMOOTH HOTELS']"
4927;['Unilever'];"['Goldenpoint' ""Victoria's secret - Percassi "" 'YOOX NET-A-PORTER GROUP'
 'Calzedonia' 'Cerved']"
4928;['Bosch' 'Employerland Demo' 'Leroy Merlin' 'Unilever' 'Employerland'];"['Goldenpoint' 'Calzedonia' ""Victoria's secret - Percassi ""
 'YOOX NET-A-PORTER GROUP' 'Cerved']"
4930;['Leroy Merlin'];"['Open Fiber' ""Victoria's secret - Percassi "" 'Roche UK' 'EVERIS'
 'FRONERI']"
4931;['Unilever' 'Employerland'];['PwC' 'Eurobet Italia' 'Capgemini' 'Cerved' 'Deloitte']
4935;['Bosch' 'Bricoman Italia' 'RAI' 'Employerland' 'Leroy Merlin'];['Lidl Italia' 'Decathlon' 'Bricocenter Italia' 'Findus' 'Kpmg']
4937;"['Bosch' 'Employerland Demo' 'Bricoman Italia' 'Leroy Merlin' 'EY'
 'Unilever']";"['Decathlon' 'Bricocenter Italia' 'Lottomatica' 'Lidl Italia'
 'Ferrovie dello Stato Italiane']"
4939;['Unilever' 'Employerland Demo' 'Bosch' 'Employerland'];"['Goldenpoint' 'YOOX NET-A-PORTER GROUP' 'Calzedonia' 'Accenture'
 'Mars Italia']"
4943;"['Employerland' 'Bricoman Italia' 'Employerland Demo' 'Leroy Merlin'
 'Unilever' 'Bosch']";['Findus' 'Pirelli' 'Philip Morris Italia' 'Kpmg' 'Lottomatica']
4945;['Employerland'];['Goldenpoint' 'Calzedonia' 'YOOX NET-A-PORTER GROUP' 'Accenture' 'Elica']
4946;['Unilever' 'Employerland' 'Employerland Demo'];['Salini Impregilo' 'Snam' 'Kpmg' 'Ferrovie dello Stato Italiane' 'Siram']
4947;['Bosch' 'Employerland'];['Goldenpoint' 'Calzedonia' 'YOOX NET-A-PORTER GROUP' 'Elica' 'Accenture']
4948;['Employerland'];['Decathlon' 'Bricocenter Italia' 'Bricoman Italia' 'Leroy Merlin' 'INDRA']
4953;['Unilever'];"['Decathlon' 'Bricocenter Italia' 'Lottomatica'
 'Ferrovie dello Stato Italiane' 'Lidl Italia']"
4954;['Leroy Merlin' 'Unilever' 'Employerland'];"['Lottomatica' 'Decathlon' 'Ferrovie dello Stato Italiane' 'Wind Tre'
 'Bricocenter Italia']"
4957;['Employerland'];"['Goldenpoint' ""Victoria's secret - Percassi "" 'SMOOTH HOTELS'
 'YOOX NET-A-PORTER GROUP' 'Gi Group']"
4958;['Unilever' 'Employerland Demo' 'Employerland'];"['Findus' 'Philip Morris Italia' 'Roche UK'
 ""Victoria's secret - Percassi "" 'Pirelli']"
4962;['Employerland Demo' 'Leroy Merlin' 'Bricoman Italia' 'Tech Data'];"['Goldenpoint' 'YOOX NET-A-PORTER GROUP' 'Lottomatica' 'Calzedonia'
 'Findus']"
4965;['Employerland'];['Angelini' 'MSD Italia' 'Bristol-Myers Squibb' 'Chiesi Group' 'Roche']
4967;['Leroy Merlin' 'Unilever' 'Lottomatica' 'Aeroporti di Roma'];"['Pirelli' 'Philip Morris Italia' 'Ferrovie dello Stato Italiane' 'Findus'
 'Salini Impregilo']"
4968;['Employerland'];['Goldenpoint' 'Calzedonia' 'YOOX NET-A-PORTER GROUP' 'Accenture' 'Elica']
4969;['Leroy Merlin'];"[""Victoria's secret - Percassi "" 'Roche UK' 'Gi Group' 'SMOOTH HOTELS'
 'EVERIS']"
4970;['Employerland'];['MSD Italia' 'Angelini' 'Bristol-Myers Squibb' 'Open Fiber' 'Findus']
4972;['Employerland'];"['Ferrovie dello Stato Italiane' 'Salini Impregilo' 'Snam' 'Siram'
 'Pirelli']"
4973;['Employerland Demo' 'Unilever'];['Accenture' 'Kpmg' 'Deloitte' 'Goldenpoint' 'YOOX NET-A-PORTER GROUP']
4977;['Leroy Merlin' 'Unilever'];['Goldenpoint' 'Calzedonia' 'YOOX NET-A-PORTER GROUP' 'Accenture' 'Elica']
4978;['Employerland'];['Sanofi SpA' 'Chiesi Group' 'Roche' 'Angelini' 'Bristol-Myers Squibb']
4982;['Unilever' 'Employerland Demo'];"['Goldenpoint' ""Victoria's secret - Percassi "" 'MOOD HOTELS' 'Cerved'
 'SMOOTH HOTELS']"
4983;['Leroy Merlin' 'Employerland'];['Goldenpoint' 'Calzedonia' 'YOOX NET-A-PORTER GROUP' 'Accenture' 'Elica']
4987;['Unilever' 'Employerland'];"['Sanofi SpA' 'Chiesi Group' 'Decathlon' 'Bricocenter Italia'
 'Johnson & Johnson']"
4989;"['EY' 'Unilever' 'Employerland' 'Microsoft' 'Employerland Demo'
 'Leroy Merlin' 'Tech Data']";"['Goldenpoint' ""Victoria's secret - Percassi "" 'YOOX NET-A-PORTER GROUP'
 'Johnson & Johnson' 'Calzedonia']"
4990;['Employerland'];"['Decathlon' 'Bricocenter Italia' 'Antica Focacceria San Francesco'
 'Roche UK' 'EVERIS']"
4991;['Unilever'];"['Goldenpoint' 'Calzedonia' 'YOOX NET-A-PORTER GROUP'
 ""Victoria's secret - Percassi "" 'Cerved']"
4995;['Leroy Merlin' 'Employerland'];"['Angelini' 'MSD Italia' 'Bristol-Myers Squibb' 'Decathlon'
 'Bricocenter Italia']"
4996;['Unilever' 'Employerland'];"['Goldenpoint' 'Cerved' ""Victoria's secret - Percassi "" 'INDRA'
 'Decathlon']"
4997;['Leroy Merlin'];"['Goldenpoint' 'Calzedonia' 'YOOX NET-A-PORTER GROUP' 'Decathlon'
 'Bricocenter Italia']"
4998;"['Unilever' 'Leroy Merlin' 'Employerland' 'Employerland Demo'
 'Bricoman Italia']";"[""Victoria's secret - Percassi "" 'Roche UK' 'Cellularline' 'FRONERI'
 'EVERIS']"
5000;['Employerland'];"[""Victoria's secret - Percassi "" 'Roche UK' 'EVERIS' 'Gi Group' 'Angelini']"
5002;['Unilever' 'Employerland'];"['Goldenpoint' 'YOOX NET-A-PORTER GROUP' 'Calzedonia' 'Accenture'
 'Mars Italia']"
5004;"['Bricoman Italia' 'Leroy Merlin' 'Unilever' 'Employerland Demo'
 'Employerland']";"['Decathlon' 'Bricocenter Italia' 'Goldenpoint' 'YOOX NET-A-PORTER GROUP'
 'Lidl Italia']"
5006;['Unilever' 'Employerland'];"['Ferrovie dello Stato Italiane' 'Open Fiber' 'Salini Impregilo'
 'MOOD HOTELS' 'SMOOTH HOTELS']"
5007;['Unilever'];['Vente-Privee - Privalia' 'Mars Italia' 'Cerved' 'Capgemini' 'Rinascente']
5008;['Employerland'];"['Employerland Demo' 'Johnson & Johnson' ""Victoria's secret - Percassi ""
 'Roche UK' 'Gi Group']"
5009;['Leroy Merlin'];"['Goldenpoint' 'YOOX NET-A-PORTER GROUP' 'Decathlon' 'Bricocenter Italia'
 'Accenture']"
5010;['Employerland Demo' 'Leroy Merlin'];['Chiesi Group' 'Angelini' 'Bristol-Myers Squibb' 'MSD Italia' 'Roche']
5013;['Unilever'];"[""Victoria's secret - Percassi "" 'Roche UK' 'Gi Group' 'EVERIS'
 'Antica Focacceria San Francesco']"
5014;['Leroy Merlin' 'Employerland' 'Unilever' 'Bosch' 'Employerland Demo'];"['Lottomatica' ""Victoria's secret - Percassi "" 'Johnson & Johnson'
 'Open Fiber' 'Cellularline']"
5016;['Employerland'];"['Goldenpoint' 'Unilever' 'Employerland Demo' 'YOOX NET-A-PORTER GROUP'
 'Calzedonia']"
5018;['Employerland' 'Leroy Merlin'];['Employerland Demo' 'Unilever' 'Johnson & Johnson' 'RAI' 'Microsoft']
5022;['Leroy Merlin' 'Bricoman Italia'];['Sanofi SpA' 'Chiesi Group' 'Roche' 'Angelini' 'Bristol-Myers Squibb']
5024;['Employerland'];"['Decathlon' 'Bricocenter Italia' 'Roche UK' 'Cellularline'
 ""Victoria's secret - Percassi ""]"
5026;['Employerland'];['Angelini' 'MSD Italia' 'Bristol-Myers Squibb' 'Chiesi Group' 'Roche']
5029;"['Leroy Merlin' 'Unilever' 'Microsoft' 'RAI' 'Aeroporti di Roma'
 'Calzedonia' 'Lidl Italia' 'Lottomatica' 'EY' 'Bosch']";['Deloitte' 'Kpmg' 'Accenture' 'Università Europea di Roma' 'Capgemini']
5031;['Bosch' 'Employerland Demo'];"[""Victoria's secret - Percassi "" 'Roche UK' 'Goldenpoint' 'EVERIS'
 'Open Fiber']"
5034;['Leroy Merlin' 'Employerland'];['Salini Impregilo' 'Snam' 'Ferrovie dello Stato Italiane' 'Siram' 'PwC']
5035;['Leroy Merlin' 'Employerland' 'EY'];['Deloitte' 'Kpmg' 'Capgemini' 'Accenture' 'EVERIS']
5038;['Leroy Merlin'];['Decathlon' 'Bricocenter Italia' 'Lottomatica' 'Findus' 'Goldenpoint']
5041;['Leroy Merlin' 'Unilever' 'Bosch'];"[""Victoria's secret - Percassi "" 'Roche UK' 'EVERIS' 'Gi Group'
 'Antica Focacceria San Francesco']"
5043;['Bricoman Italia'];['Goldenpoint' 'Calzedonia' 'YOOX NET-A-PORTER GROUP' 'Accenture' 'Elica']
5044;['Employerland'];"[""Victoria's secret - Percassi "" 'Roche UK' 'EVERIS' 'Gi Group'
 'Antica Focacceria San Francesco']"
5045;"['Unilever' 'Leroy Merlin' 'Bricoman Italia' 'Lottomatica' 'EY' 'Elica'
 'Angelini' 'Microsoft' 'RAI' 'Aeroporti di Roma' 'Johnson & Johnson'
 'Carrefour Italia']";"['Salini Impregilo' 'Snam' 'Siram' 'Ferrovie dello Stato Italiane'
 'AST - ThyssenKrupp']"
5047;['Unilever' 'Employerland'];['Angelini' 'MSD Italia' 'Bristol-Myers Squibb' 'Roche' 'Chiesi Group']
5048;['Leroy Merlin'];['Kpmg' 'Deloitte' 'Accenture' 'Calzedonia' 'Lidl Italia']
5049;['Unilever' 'Employerland'];"['Roche UK' 'Gi Group' 'EVERIS' 'Antica Focacceria San Francesco'
 ""Victoria's secret - Percassi ""]"
5050;"['Unilever' 'Bricoman Italia' 'Employerland Demo' 'Leroy Merlin' 'Bosch'
 'Employerland']";"[""Victoria's secret - Percassi "" 'Roche UK' 'SMOOTH HOTELS' 'Gi Group'
 'EVERIS']"
5053;['Employerland Demo' 'Unilever' 'Employerland'];['Goldenpoint' 'YOOX NET-A-PORTER GROUP' 'Calzedonia' 'Accenture' 'Elica']
5054;['EY' 'Unilever' 'Employerland Demo' 'Employerland'];['Goldenpoint' 'Calzedonia' 'YOOX NET-A-PORTER GROUP' 'Accenture' 'Elica']
5055;['EY'];['Accenture' 'Kpmg' 'Deloitte' 'Goldenpoint' 'YOOX NET-A-PORTER GROUP']
5059;['Unilever' 'Employerland Demo' 'Leroy Merlin'];"['Decathlon' 'Bricocenter Italia' 'Lidl Italia' 'Lottomatica'
 'Ferrovie dello Stato Italiane']"
5060;['Unilever' 'Bosch' 'Employerland'];['Goldenpoint' 'Calzedonia' 'YOOX NET-A-PORTER GROUP' 'Elica' 'Accenture']
5061;['Employerland Demo' 'Leroy Merlin'];"[""Victoria's secret - Percassi "" 'Roche UK' 'EVERIS' 'Gi Group'
 'Antica Focacceria San Francesco']"
5063;['EY' 'Employerland' 'Whirlpool'];"[""Victoria's secret - Percassi "" 'Roche UK' 'EVERIS' 'Gi Group'
 'Antica Focacceria San Francesco']"
5065;['Unilever'];['Open Fiber' 'Wind Tre' 'Bosch' 'Ferrovie dello Stato Italiane' 'FRONERI']
5067;['Unilever' 'Employerland'];"['Goldenpoint' 'YOOX NET-A-PORTER GROUP' 'Calzedonia' 'Accenture'
 ""Victoria's secret - Percassi ""]"
5070;['Bosch'];"['Ferrovie dello Stato Italiane' 'Salini Impregilo' 'Open Fiber' 'Snam'
 'Decathlon']"
5077;['Employerland'];['Angelini' 'Chiesi Group' 'MSD Italia' 'Bristol-Myers Squibb' 'Roche']
5079;['Leroy Merlin'];"['Goldenpoint' 'Calzedonia' 'Decathlon' 'Bricocenter Italia'
 'YOOX NET-A-PORTER GROUP']"
5081;['Bosch'];"['Lego-Percassi' ""Victoria's secret - Percassi "" 'Roche UK' 'Gi Group'
 'FRONERI']"
5088;"['Unilever' 'Leroy Merlin' 'Elica' 'Microsoft' 'Employerland Demo' 'EY'
 'RAI' 'Lottomatica' 'Roche' 'Bricoman Italia' 'Whirlpool'
 'Aeroporti di Roma']";['MSD Italia' 'Angelini' 'Bristol-Myers Squibb' 'Chiesi Group' 'Findus']
5089;['Unilever'];"[""Victoria's secret - Percassi "" 'EVERIS' 'Roche UK'
 'Antica Focacceria San Francesco' 'Lego-Percassi']"
5092;['Unilever' 'Employerland' 'Employerland Demo' 'Leroy Merlin'];"['Goldenpoint' 'Calzedonia' ""Victoria's secret - Percassi ""
 'YOOX NET-A-PORTER GROUP' 'Cerved']"
5095;['Unilever' 'Employerland'];"['Goldenpoint' 'Elica' ""Victoria's secret - Percassi "" 'MOOD HOTELS'
 'Cerved']"
5097;['Bosch' 'Employerland Demo' 'Leroy Merlin'];"['Goldenpoint' 'Calzedonia' 'YOOX NET-A-PORTER GROUP'
 ""Victoria's secret - Percassi "" 'Accenture']"
5099;['Bricoman Italia' 'Leroy Merlin'];['PwC' 'Deloitte' 'Kpmg' 'Capgemini' 'Eurobet Italia']
5106;['Bosch' 'Lidl Italia' 'EY' 'Leroy Merlin' 'Accenture'];"['Bricoman Italia' 'EVERIS' ""Victoria's secret - Percassi "" 'Roche UK'
 'Antica Focacceria San Francesco']"
5111;['Leroy Merlin'];"['Bricoman Italia' 'RAI' 'Bricocenter Italia' 'Decathlon'
 'Aeroporti di Roma']"
5113;['Leroy Merlin' 'RAI' 'EY' 'Employerland Demo' 'Unilever' 'Employerland'];['Johnson & Johnson' 'Philip Morris Italia' 'Microsoft' 'Findus' 'Pirelli']
5114;['Bricoman Italia' 'Leroy Merlin'];['Chiesi Group' 'Sanofi SpA' 'Roche' 'Angelini' 'Bristol-Myers Squibb']
5125;['Bosch' 'Employerland' 'Unilever'];['Goldenpoint' 'Calzedonia' 'YOOX NET-A-PORTER GROUP' 'Accenture' 'Elica']
5127;['Employerland'];"[""Victoria's secret - Percassi "" 'Roche UK' 'Gi Group' 'Dmail-Percassi'
 'Antica Focacceria San Francesco']"
5128;['Employerland Demo'];['Kpmg' 'Deloitte' 'Accenture' 'Findus' 'Lidl Italia']
5133;['Bosch'];"[""Victoria's secret - Percassi "" 'Cellularline' 'Roche UK' 'Open Fiber'
 'EVERIS']"
5137;['Bricoman Italia' 'Leroy Merlin' 'Unilever' 'Employerland Demo' 'Bosch'];['MSD Italia' 'Angelini' 'Bristol-Myers Squibb' 'Roche' 'Chiesi Group']
5138;['Employerland'];"['Cerved' 'Capgemini' ""Victoria's secret - Percassi "" 'Roche UK'
 'Gi Group']"
5142;['Leroy Merlin'];"['Kpmg' 'Deloitte' 'Accenture' 'EVERIS' ""Victoria's secret - Percassi ""]"
5154;['Employerland'];['Kpmg' 'Deloitte' 'Accenture' 'Calzedonia' 'Lidl Italia']
5158;['Employerland'];"['Cerved' 'Capgemini' ""Victoria's secret - Percassi "" 'Roche UK'
 'Antica Focacceria San Francesco']"
5161;['Bricoman Italia' 'Unilever' 'Employerland'];"['Goldenpoint' 'Calzedonia' ""Victoria's secret - Percassi ""
 'YOOX NET-A-PORTER GROUP' 'Cerved']"
5162;['Employerland'];"['Calzedonia' 'Goldenpoint' 'YOOX NET-A-PORTER GROUP' 'Elica'
 'Università Europea di Roma']"
5166;['Employerland'];"['Lottomatica' 'Decathlon' 'Ferrovie dello Stato Italiane' 'Open Fiber'
 ""Victoria's secret - Percassi ""]"
5167;['Employerland'];"[""Victoria's secret - Percassi "" 'EVERIS' 'Roche UK' 'SMOOTH HOTELS'
 'Gi Group']"
5182;['Leroy Merlin' 'Employerland'];"['Decathlon' 'Bricocenter Italia' 'Lottomatica' 'Lidl Italia'
 'Bricoman Italia']"
5192;['Bricoman Italia'];['Angelini' 'Bristol-Myers Squibb' 'MSD Italia' 'Chiesi Group' 'Roche']
5193;['Employerland'];"[""Victoria's secret - Percassi "" 'Roche UK' 'SMOOTH HOTELS' 'Gi Group'
 'EVERIS']"
5194;['Employerland'];['Open Fiber' 'Goldenpoint' 'Wind Tre' 'FRONERI' 'Lottomatica']
5196;['Unilever' 'Employerland Demo' 'Bricoman Italia'];['Goldenpoint' 'Decathlon' 'Calzedonia' 'Lottomatica' 'Lidl Italia']
5197;['Employerland'];['Open Fiber' 'FRONERI' 'Wind Tre' 'Siemens' 'Luxottica']
5200;['Employerland'];['Employerland Demo' 'Unilever' 'Johnson & Johnson' 'Microsoft' 'RAI']
5201;['Employerland'];"['Open Fiber' ""Victoria's secret - Percassi "" 'Roche UK' 'EVERIS'
 'Gi Group']"
5202;['Unilever' 'Employerland'];['Siemens' 'Pirelli' 'Cellularline' 'AST - ThyssenKrupp' 'FRONERI']
5205;['Unilever' 'Employerland'];"['Eurobet Italia' 'Bricocenter Italia' 'Decathlon' 'PwC'
 'Carrefour Italia']"
5212;['Employerland'];['Philip Morris Italia' 'Pirelli' 'Siemens' 'NTT DATA Italia' 'Luxottica']
5213;['Employerland'];['Unilever' 'Employerland Demo' 'Johnson & Johnson' 'Findus' 'Lottomatica']
5214;['Employerland'];['Sanofi SpA' 'Chiesi Group' 'Roche' 'Angelini' 'Bristol-Myers Squibb']
5216;['Unilever' 'Bosch' 'Employerland' 'Leroy Merlin'];"['Calzedonia' 'Goldenpoint' 'YOOX NET-A-PORTER GROUP' 'Elica'
 'Università Europea di Roma']"
5217;['Bricoman Italia' 'Leroy Merlin' 'Employerland Demo' 'Unilever'];"['Ferrovie dello Stato Italiane' 'Goldenpoint' 'Open Fiber' 'Lottomatica'
 'MOOD HOTELS']"
5219;['Employerland Demo' 'Bricoman Italia' 'Unilever' 'Leroy Merlin'];"['Goldenpoint' ""Victoria's secret - Percassi "" 'SMOOTH HOTELS' 'Gi Group'
 'Roche UK']"
5222;['Bricoman Italia'];"['Ferrovie dello Stato Italiane' 'Salini Impregilo' 'Open Fiber' 'Pirelli'
 'Snam']"
5224;['Bosch' 'Leroy Merlin'];"['Decathlon' 'Bricocenter Italia' 'Lottomatica' 'Wind Tre'
 'Ferrovie dello Stato Italiane']"
5226;['Bosch' 'Employerland' 'Lidl Italia'];"[""Victoria's secret - Percassi "" 'Roche UK' 'Gi Group' 'Lego-Percassi'
 'EVERIS']"
5227;['Employerland'];"['Calzedonia' 'Goldenpoint' 'YOOX NET-A-PORTER GROUP' 'Elica'
 'Università Europea di Roma']"
5228;['Leroy Merlin' 'Bricoman Italia'];"['Goldenpoint' 'YOOX NET-A-PORTER GROUP' 'Accenture' 'Calzedonia'
 'Wind Tre']"
5229;['Employerland'];['Findus' 'Pirelli' 'Philip Morris Italia' 'Kpmg' 'Lottomatica']
5230;['Unilever' 'Employerland'];"[""Victoria's secret - Percassi "" 'Roche UK' 'SMOOTH HOTELS' 'Gi Group'
 'EVERIS']"
5233;['Unilever' 'Employerland'];['Deloitte' 'PwC' 'Kpmg' 'Accenture' 'Capgemini']
5234;['Unilever' 'Employerland' 'Bosch'];['Sanofi SpA' 'Chiesi Group' 'Roche' 'Angelini' 'Bristol-Myers Squibb']
5239;['Leroy Merlin' 'Employerland'];"[""Victoria's secret - Percassi "" 'Roche UK' 'EVERIS' 'Gi Group'
 'Antica Focacceria San Francesco']"
5240;['Unilever' 'Employerland Demo' 'Bosch' 'Employerland'];"['Wind Tre' 'Open Fiber' 'Ferrovie dello Stato Italiane' 'Lottomatica'
 'Luxottica']"
5246;['Leroy Merlin' 'Bosch' 'Unilever' 'Bricoman Italia'];"['Decathlon' 'Bricocenter Italia' 'Lottomatica'
 'Ferrovie dello Stato Italiane' 'Lidl Italia']"
5250;['Employerland' 'Employerland Demo' 'Leroy Merlin'];"['Goldenpoint' 'YOOX NET-A-PORTER GROUP' 'Calzedonia' 'Mars Italia'
 'Accenture']"
5252;['Bricoman Italia' 'Leroy Merlin' 'Unilever'];"[""Victoria's secret - Percassi "" 'Roche UK' 'EVERIS' 'Gi Group'
 'Antica Focacceria San Francesco']"
5256;['Bricoman Italia' 'Unilever' 'Leroy Merlin'];['Goldenpoint' 'Calzedonia' 'YOOX NET-A-PORTER GROUP' 'Accenture' 'Elica']
5258;['Leroy Merlin'];"['EVERIS' ""Victoria's secret - Percassi "" 'Roche UK' 'Capgemini'
 'Gi Group']"
5259;['Bricoman Italia'];"['Calzedonia' 'Goldenpoint' 'YOOX NET-A-PORTER GROUP' 'Employerland'
 'Elica']"
5261;['Bosch' 'Employerland'];"['Ferrovie dello Stato Italiane' 'Salini Impregilo' 'Open Fiber'
 'Lottomatica' 'Pirelli']"
5262;"['Bricoman Italia' 'Employerland Demo' 'Bosch' 'Employerland'
 'Lottomatica' 'Calzedonia']";"['Goldenpoint' ""Victoria's secret - Percassi "" 'NTT DATA Italia'
 'Roche UK' 'SMOOTH HOTELS']"
5266;['Employerland'];['Chiesi Group' 'Sanofi SpA' 'Roche' 'Angelini' 'Bristol-Myers Squibb']
5269;['Employerland'];['PwC' 'Deloitte' 'Kpmg' 'Accenture' 'Capgemini']
5273;['Employerland Demo' 'Bricoman Italia' 'Leroy Merlin' 'Unilever'];"['Salini Impregilo' 'Snam' 'Siram' 'Ferrovie dello Stato Italiane'
 'AST - ThyssenKrupp']"
5274;['Unilever' 'Calzedonia' 'Lidl Italia' 'Employerland'];"['Salini Impregilo' 'Snam' 'Siram' 'Ferrovie dello Stato Italiane'
 'AST - ThyssenKrupp']"
5275;"['Unilever' 'Roche' 'Employerland Demo' 'EY' 'Employerland' 'Leroy Merlin'
 'Whirlpool' 'Tech Data' 'Aeroporti di Roma']";"['Goldenpoint' ""Victoria's secret - Percassi "" 'SMOOTH HOTELS' 'Cerved'
 'Calzedonia']"
5276;['Leroy Merlin' 'EY' 'Employerland'];"['Ferrovie dello Stato Italiane' 'Salini Impregilo' 'Open Fiber' 'Pirelli'
 'Snam']"
5283;['Bricoman Italia'];"['Open Fiber' 'Wind Tre' 'Lottomatica' 'Ferrovie dello Stato Italiane'
 'FRONERI']"
5288;"['Bricoman Italia' 'Leroy Merlin' 'Aeroporti di Roma' 'RAI' 'Elica'
 'Microsoft' 'Whirlpool' 'EY' 'Lottomatica' 'Unilever' 'Lidl Italia'
 'Sanofi SpA' 'Bosch' 'Roche' 'Pirelli' 'Employerland Demo' 'Datalogic'
 'Johnson & Johnson' 'Employerland']";"['Goldenpoint' 'Calzedonia' ""Victoria's secret - Percassi ""
 'YOOX NET-A-PORTER GROUP' 'Lego-Percassi']"
5291;['Unilever' 'Leroy Merlin' 'Bosch' 'Employerland' 'Employerland Demo'];"['Pirelli' 'Lottomatica' 'Decathlon' 'Wind Tre'
 'Ferrovie dello Stato Italiane']"
5297;['Unilever'];"['YOOX NET-A-PORTER GROUP' 'Goldenpoint' 'Calzedonia' 'Accenture'
 'Leroy Merlin']"
5300;"['Bricoman Italia' 'Lottomatica' 'EY' 'Employerland' 'Leroy Merlin'
 'Employerland Demo']";"[""Victoria's secret - Percassi "" 'Open Fiber' 'Roche UK' 'EVERIS'
 'Cellularline']"
5301;['Bricoman Italia' 'Unilever'];"[""Victoria's secret - Percassi "" 'EVERIS' 'Roche UK' 'Gi Group'
 'Open Fiber']"
5306;['Unilever' 'Leroy Merlin' 'RAI' 'EY' 'Employerland' 'Bosch'];"['Ferrovie dello Stato Italiane' 'Salini Impregilo' 'Lottomatica'
 'Open Fiber' 'Pirelli']"
5309;['Leroy Merlin' 'Bricoman Italia' 'Employerland Demo' 'Bosch' 'Unilever'];['Deloitte' 'Kpmg' 'Pirelli' 'Philip Morris Italia' 'Accenture']
5310;['Employerland Demo' 'Employerland'];"['Decathlon' 'Bricocenter Italia' 'Open Fiber'
 ""Victoria's secret - Percassi "" 'Cellularline']"
5324;['Employerland'];"['Goldenpoint' 'YOOX NET-A-PORTER GROUP' 'Wind Tre' 'Chiesi Group'
 'Calzedonia']"
5326;['Employerland'];"['NTT DATA Italia' ""Victoria's secret - Percassi "" 'Roche UK' 'Gi Group'
 'Siemens']"
5329;['Leroy Merlin'];['Accenture' 'Kpmg' 'Deloitte' 'Goldenpoint' 'YOOX NET-A-PORTER GROUP']
5330;['Employerland Demo' 'Unilever'];"[""Victoria's secret - Percassi "" 'Roche UK' 'EVERIS' 'Gi Group'
 'Antica Focacceria San Francesco']"
5332;['Unilever' 'Leroy Merlin' 'Employerland' 'Bosch' 'Employerland Demo'];['PwC' 'Deloitte' 'Accenture' 'Kpmg' 'EY']
5333;['Bricoman Italia'];"['Ferrovie dello Stato Italiane' 'Salini Impregilo' 'Snam' 'Siram'
 'Pirelli']"
5335;['Leroy Merlin' 'Bosch' 'Bricoman Italia' 'Employerland Demo'];"['Johnson & Johnson' ""Victoria's secret - Percassi "" 'Roche UK' 'Gi Group'
 'SMOOTH HOTELS']"
5340;['Unilever' 'Employerland'];"['NTT DATA Italia' ""Victoria's secret - Percassi "" 'Roche UK' 'Gi Group'
 'SMOOTH HOTELS']"
5344;['Employerland Demo' 'Unilever' 'Employerland'];['Angelini' 'Chiesi Group' 'Bristol-Myers Squibb' 'MSD Italia' 'Roche']
5346;['Unilever' 'Employerland'];['MSD Italia' 'Angelini' 'Bristol-Myers Squibb' 'Roche' 'Chiesi Group']
5347;['Unilever' 'Employerland' 'Employerland Demo'];['Pirelli' 'Philip Morris Italia' 'Findus' 'Siemens' 'Luxottica']
5348;['Employerland Demo' 'Bosch'];"['Lidl Italia' 'Decathlon' 'Bricocenter Italia'
 'Ferrovie dello Stato Italiane' 'Findus']"
5350;['Unilever' 'Bricoman Italia'];['Pirelli' 'Philip Morris Italia' 'Siemens' 'NTT DATA Italia' 'Luxottica']
5351;['Employerland'];['Bristol-Myers Squibb' 'Angelini' 'MSD Italia' 'Roche' 'Chiesi Group']
5354;['Leroy Merlin' 'Employerland Demo'];"['Ferrovie dello Stato Italiane' 'Salini Impregilo' 'Open Fiber'
 'Lottomatica' 'Pirelli']"
5358;"['Bricoman Italia' 'Elica' 'Microsoft' 'Employerland Demo' 'Leroy Merlin'
 'Whirlpool' 'EY' 'Bosch' 'Employerland' 'Tech Data' 'UniCredit'
 'Calzedonia' 'PwC' 'Unilever']";"['NTT DATA Italia' ""Victoria's secret - Percassi "" 'EVERIS' 'Roche UK'
 'Gi Group']"
5360;['Unilever' 'Bricoman Italia'];"['Lottomatica' 'Lidl Italia' 'Decathlon' 'Bricocenter Italia'
 'Ferrovie dello Stato Italiane']"
5361;['Unilever' 'Employerland'];"['Pirelli' 'Philip Morris Italia' 'Ferrovie dello Stato Italiane' 'Findus'
 'Salini Impregilo']"
5363;['Employerland'];"['Lottomatica' 'Ferrovie dello Stato Italiane' 'Decathlon' 'Wind Tre'
 'Bricocenter Italia']"
5364;['Employerland Demo' 'Bosch' 'Unilever'];"['Pirelli' 'Decathlon' 'Bricocenter Italia' 'Philip Morris Italia'
 'Findus']"
5365;['Employerland'];['Kpmg' 'Lidl Italia' 'Findus' 'Deloitte' 'Bristol-Myers Squibb']
5367;['Leroy Merlin' 'Unilever'];"['Goldenpoint' 'Bristol-Myers Squibb' 'Angelini' 'MSD Italia'
 ""Victoria's secret - Percassi ""]"
5369;['Employerland'];"['Lottomatica' 'Decathlon' 'Wind Tre' 'Ferrovie dello Stato Italiane'
 'Open Fiber']"
5370;['Unilever' 'Employerland Demo' 'Bosch' 'Employerland'];['Goldenpoint' 'Calzedonia' 'YOOX NET-A-PORTER GROUP' 'Accenture' 'Elica']
5372;['Employerland Demo' 'Leroy Merlin' 'Employerland'];['MSD Italia' 'Angelini' 'Bristol-Myers Squibb' 'Roche' 'Findus']
5374;['Unilever' 'Employerland Demo' 'Employerland'];"['Decathlon' 'Bricocenter Italia' 'Lidl Italia' 'Lottomatica'
 'Leroy Merlin']"
5377;['Employerland' 'Leroy Merlin'];['Bosch' 'Johnson & Johnson' 'Bricoman Italia' 'Pirelli' 'Elica']
5378;['Employerland Demo' 'Unilever'];['Chiesi Group' 'Sanofi SpA' 'Roche' 'Angelini' 'Bristol-Myers Squibb']
5379;['Leroy Merlin'];"['Goldenpoint' 'YOOX NET-A-PORTER GROUP' 'Accenture' 'Deloitte'
 'Calzedonia']"
5380;['Leroy Merlin' 'Bosch' 'Unilever'];"['Open Fiber' ""Victoria's secret - Percassi "" 'Roche UK' 'Cellularline'
 'EVERIS']"
5381;['Bosch' 'Employerland'];"['Decathlon' 'Bricocenter Italia' 'Lottomatica'
 'Ferrovie dello Stato Italiane' 'Wind Tre']"
5382;['Lottomatica' 'Elica' 'EY' 'Employerland' 'Leroy Merlin'];['Deloitte' 'Kpmg' 'PwC' 'Accenture' 'Capgemini']
5383;['Employerland Demo' 'Unilever'];"['Pirelli' 'Ferrovie dello Stato Italiane' 'Philip Morris Italia'
 'Luxottica' 'Findus']"
5384;['Employerland Demo' 'Bricoman Italia' 'Unilever' 'Employerland'];"[""Victoria's secret - Percassi "" 'EVERIS' 'Roche UK' 'Gi Group' 'Cerved']"
5385;['Leroy Merlin' 'Employerland Demo' 'Employerland'];"['Kpmg' ""Victoria's secret - Percassi "" 'Roche UK' 'EVERIS' 'FRONERI']"
5387;['Bricoman Italia'];"['Decathlon' 'Bricocenter Italia' 'Ferrovie dello Stato Italiane'
 'Lottomatica' 'Leroy Merlin']"
5390;['Leroy Merlin' 'Bosch'];"['Università Europea di Roma' 'Roche UK' 'Cerved'
 ""Victoria's secret - Percassi "" 'Antica Focacceria San Francesco']"
5391;['Bosch' 'Unilever' 'Employerland Demo' 'Leroy Merlin' 'Employerland'];"['Lottomatica' 'Decathlon' 'Cellularline' ""Victoria's secret - Percassi ""
 'Open Fiber']"
5392;['Employerland'];"['Ferrovie dello Stato Italiane' 'Salini Impregilo' 'Open Fiber' 'Pirelli'
 'Snam']"
5395;['Employerland'];"['Bristol-Myers Squibb' 'Angelini' 'MSD Italia' 'Johnson & Johnson'
 ""Victoria's secret - Percassi ""]"
5396;['Unilever' 'Employerland Demo'];"['Ferrovie dello Stato Italiane' 'Salini Impregilo' 'Lottomatica'
 'Open Fiber' 'Pirelli']"
5397;"['Leroy Merlin' 'Unilever' 'Employerland' 'Bricoman Italia'
 'Employerland Demo']";['Lottomatica' 'Decathlon' 'Lidl Italia' 'Wind Tre' 'Bricocenter Italia']
5399;['Employerland'];"['Decathlon' 'Bricocenter Italia' 'Lottomatica' 'Lidl Italia'
 'Leroy Merlin']"
5401;['Employerland'];"['Findus' 'Bristol-Myers Squibb' 'Philip Morris Italia' 'Pirelli'
 'MSD Italia']"
5402;['Bosch'];['Lidl Italia' 'Rinascente' 'Decathlon' 'Würth Srl ' 'Lego-Percassi']
5405;['Unilever' 'Employerland'];"['Ferrovie dello Stato Italiane' 'Salini Impregilo' 'Snam' 'Pirelli'
 'Siram']"
5406;['Leroy Merlin' 'Bricoman Italia' 'Unilever'];"['Calzedonia' 'Goldenpoint' 'Employerland' 'YOOX NET-A-PORTER GROUP'
 'Elica']"
5408;['Bricoman Italia'];"['Bosch' ""Victoria's secret - Percassi "" 'Johnson & Johnson' 'EVERIS'
 'Gi Group']"
5412;['Leroy Merlin'];['Findus' 'Pirelli' 'Philip Morris Italia' 'Kpmg' 'Lottomatica']
5413;['Bricoman Italia' 'Employerland Demo'];"['Pirelli' 'Findus' 'Philip Morris Italia' 'Lottomatica'
 'Ferrovie dello Stato Italiane']"
5415;['Bricoman Italia' 'Leroy Merlin' 'Aeroporti di Roma'];['Findus' 'Lottomatica' 'Pirelli' 'Kpmg' 'Ferrovie dello Stato Italiane']
5418;['Employerland' 'Leroy Merlin'];"['Ferrovie dello Stato Italiane' 'Lottomatica' 'Wind Tre' 'Decathlon'
 'Open Fiber']"
5422;['Unilever'];"['Goldenpoint' 'YOOX NET-A-PORTER GROUP' 'Accenture' 'SMOOTH HOTELS'
 'Calzedonia']"
5423;['Bricoman Italia' 'Leroy Merlin'];"['Decathlon' 'Bricocenter Italia' 'Goldenpoint' 'Calzedonia'
 'YOOX NET-A-PORTER GROUP']"
5424;['Unilever' 'Employerland'];['Deloitte' 'Accenture' 'Kpmg' 'Capgemini' 'PwC']
5426;['Bricoman Italia' 'Leroy Merlin'];['Decathlon' 'Bricocenter Italia' 'Lidl Italia' 'INDRA' 'Lottomatica']
5431;"['Unilever' 'Employerland Demo' 'Deloitte' 'Kpmg' 'RAI' 'Leroy Merlin'
 'PwC']";['Elica' 'Bosch' 'Siemens' 'Goldenpoint' 'Whirlpool']
5439;"['Bosch' 'Employerland Demo' 'Unilever' 'Leroy Merlin' 'Bricoman Italia'
 'Employerland']";"['Goldenpoint' 'Calzedonia' 'YOOX NET-A-PORTER GROUP'
 ""Victoria's secret - Percassi "" 'Cerved']"
5440;['Bricoman Italia' 'Leroy Merlin' 'Unilever' 'Bosch' 'Employerland'];"['NTT DATA Italia' ""Victoria's secret - Percassi "" 'Roche UK' 'Gi Group'
 'SMOOTH HOTELS']"
5443;['Employerland'];['Angelini' 'Bristol-Myers Squibb' 'MSD Italia' 'Chiesi Group' 'Roche']
5445;['Bosch'];['MSD Italia' 'Angelini' 'Bristol-Myers Squibb' 'Roche' 'Chiesi Group']
5447;['Bosch' 'Employerland'];['Lidl Italia' 'Decathlon' 'Rinascente' 'Bricocenter Italia' 'Würth Srl ']
5448;['Bosch' 'Employerland'];['Philip Morris Italia' 'Kpmg' 'Pirelli' 'Unilever' 'Findus']
5449;['Bosch'];['Kpmg' 'Elica' 'Accenture' 'Deloitte' 'Whirlpool']
5450;['Employerland Demo' 'Unilever'];"['EVERIS' ""Victoria's secret - Percassi "" 'Roche UK' 'Gi Group'
 'Antica Focacceria San Francesco']"
5451;['Employerland Demo' 'Bosch'];['Unilever' 'Philip Morris Italia' 'Pirelli' 'Johnson & Johnson' 'Findus']
5452;"['Employerland Demo' 'Unilever' 'RAI' 'Leroy Merlin' 'Bricoman Italia'
 'Employerland']";['Angelini' 'MSD Italia' 'Bristol-Myers Squibb' 'Chiesi Group' 'Roche']
5453;['Employerland Demo' 'Unilever' 'Leroy Merlin' 'Employerland' 'Bosch'];['Angelini' 'MSD Italia' 'Bristol-Myers Squibb' 'Chiesi Group' 'Roche']
5454;['Employerland Demo' 'Unilever'];"['Johnson & Johnson' 'Philip Morris Italia' 'NTT DATA Italia' 'Pirelli'
 'Siemens']"
5455;['Employerland Demo' 'Employerland'];['Findus' 'Pirelli' 'Philip Morris Italia' 'Kpmg' 'Lottomatica']
5456;['Employerland Demo' 'Calzedonia' 'Unilever'];"['Goldenpoint' 'YOOX NET-A-PORTER GROUP' 'Employerland' 'Elica'
 'Università Europea di Roma']"
5458;['Employerland Demo' 'Unilever' 'Employerland'];"['Johnson & Johnson' ""Victoria's secret - Percassi "" 'Roche UK' 'Gi Group'
 'SMOOTH HOTELS']"
5459;['Employerland Demo' 'Employerland' 'Unilever'];"['Bosch' 'Johnson & Johnson' 'Bricoman Italia'
 ""Victoria's secret - Percassi "" 'Dmail-Percassi']"
5465;"['Unilever' 'Employerland Demo' 'Microsoft' 'Employerland'
 'Bricoman Italia' 'Leroy Merlin']";['Open Fiber' 'Wind Tre' 'FRONERI' 'Lottomatica' 'Siemens']
5466;['Unilever' 'Employerland Demo'];['Findus' 'Pirelli' 'Philip Morris Italia' 'Kpmg' 'Bristol-Myers Squibb']
5468;['Bricoman Italia' 'Unilever' 'Leroy Merlin' 'Bosch'];['Open Fiber' 'Wind Tre' 'FRONERI' 'Siemens' 'Luxottica']
5469;['Employerland'];"['Roche UK' ""Victoria's secret - Percassi "" 'Gi Group'
 'Antica Focacceria San Francesco' 'EVERIS']"
5470;['Unilever'];"['Roche UK' 'Gi Group' ""Victoria's secret - Percassi ""
 'Antica Focacceria San Francesco' 'SMOOTH HOTELS']"
5473;['Bosch' 'Unilever' 'Employerland Demo' 'Employerland'];"['Cerved' 'Capgemini' ""Victoria's secret - Percassi "" 'Roche UK'
 'Dmail-Percassi']"
5474;['Employerland Demo'];['Goldenpoint' 'Calzedonia' 'YOOX NET-A-PORTER GROUP' 'Accenture' 'Elica']
5475;['Employerland'];"['Pirelli' 'Ferrovie dello Stato Italiane' 'Philip Morris Italia'
 'Salini Impregilo' 'Findus']"
5476;['Employerland Demo'];['Salini Impregilo' 'Snam' 'Ferrovie dello Stato Italiane' 'Siram' 'PwC']
5477;['Employerland Demo'];"['Calzedonia' 'Goldenpoint' 'YOOX NET-A-PORTER GROUP' 'Employerland'
 'Elica']"
5479;['Bosch' 'Unilever'];"['Decathlon' 'Bricocenter Italia' 'Lottomatica'
 'Ferrovie dello Stato Italiane' 'Findus']"
5480;['Unilever' 'Bricoman Italia' 'Leroy Merlin' 'Bosch'];"['Ferrovie dello Stato Italiane' 'Salini Impregilo' 'Pirelli' 'Snam'
 'Philip Morris Italia']"
5482;['Employerland Demo' 'Employerland'];['Deloitte' 'Capgemini' 'PwC' 'Kpmg' 'Accenture']
5486;['Employerland Demo' 'Leroy Merlin' 'Employerland'];['Pirelli' 'Philip Morris Italia' 'Siemens' 'NTT DATA Italia' 'Luxottica']
5487;['Unilever' 'Employerland Demo' 'Employerland'];"['Bricoman Italia' 'EVERIS' ""Victoria's secret - Percassi "" 'Roche UK'
 'NTT DATA Italia']"
5488;['Employerland'];"['Pirelli' 'Philip Morris Italia' 'Findus' 'Siemens'
 'Ferrovie dello Stato Italiane']"
5489;['Employerland Demo'];['Decathlon' 'Bricocenter Italia' 'Lottomatica' 'Open Fiber' 'Wind Tre']
5491;['Bosch'];"['Goldenpoint' 'Calzedonia' 'YOOX NET-A-PORTER GROUP' 'Accenture'
 ""Victoria's secret - Percassi ""]"
5493;['Unilever' 'Bricoman Italia' 'Bosch' 'Employerland'];"['Lidl Italia' 'Lottomatica' 'Decathlon' 'Ferrovie dello Stato Italiane'
 'Bricocenter Italia']"
5494;['Employerland'];['Kpmg' 'Deloitte' 'Accenture' 'EY' 'Findus']
5495;['Bosch' 'Employerland'];['Decathlon' 'Bricocenter Italia' 'Leroy Merlin' 'Findus' 'Lottomatica']
5497;"['Bosch' 'Bricoman Italia' 'Leroy Merlin' 'Employerland Demo'
 'Employerland']";['Unilever' 'Findus' 'Philip Morris Italia' 'Johnson & Johnson' 'Pirelli']
5499;['Leroy Merlin'];"['Lottomatica' 'Decathlon' 'Goldenpoint' ""Victoria's secret - Percassi ""
 'Cerved']"
5500;['Bosch'];['Deloitte' 'Kpmg' 'Capgemini' 'Accenture' 'EVERIS']
5502;['Unilever' 'Leroy Merlin' 'Bosch'];"['Goldenpoint' 'Calzedonia' 'YOOX NET-A-PORTER GROUP'
 ""Victoria's secret - Percassi "" 'Cerved']"
5503;['Leroy Merlin' 'Unilever'];"['Chiesi Group' 'Sanofi SpA' ""Victoria's secret - Percassi "" 'Roche UK'
 'EVERIS']"
5504;['Bricoman Italia'];['Goldenpoint' 'Calzedonia' 'YOOX NET-A-PORTER GROUP' 'Accenture' 'Elica']
5505;"['Bosch' 'Bricoman Italia' 'Employerland Demo' 'Leroy Merlin'
 'Employerland']";"['Open Fiber' 'Wind Tre' 'Ferrovie dello Stato Italiane' 'Lottomatica'
 'FRONERI']"
5506;"['Leroy Merlin' 'Bricoman Italia' 'Wind Tre' 'Tech Data' 'Lottomatica'
 'Bosch' 'Lidl Italia' 'Employerland Demo' 'EY']";['Goldenpoint' 'Calzedonia' 'YOOX NET-A-PORTER GROUP' 'Accenture' 'Elica']
5507;"['Bricoman Italia' 'Employerland' 'Leroy Merlin' 'Aeroporti di Roma'
 'Bosch']";['Kpmg' 'Deloitte' 'Accenture' 'EY' 'PwC']
5509;"['Bricoman Italia' 'Leroy Merlin' 'Calzedonia' 'Lidl Italia' 'Goldenpoint'
 'Unilever' 'Johnson & Johnson' 'Employerland' 'Employerland Demo'
 'Accenture']";['Eurobet Italia' 'Cerved' 'PwC' 'Elica' 'Philip Morris Italia']
5510;['Employerland'];"['Pirelli' 'Findus' 'Lottomatica' 'Wind Tre'
 'Ferrovie dello Stato Italiane']"
5511;['Employerland'];"['Goldenpoint' 'Calzedonia' ""Victoria's secret - Percassi ""
 'YOOX NET-A-PORTER GROUP' 'Cellularline']"
5513;['Unilever'];"['Ferrovie dello Stato Italiane' 'Salini Impregilo' 'Lottomatica'
 'Open Fiber' 'Pirelli']"
5514;['Aeroporti di Roma' 'Unilever' 'RAI' 'Employerland' 'Microsoft'];"['Goldenpoint' ""Victoria's secret - Percassi "" 'Calzedonia'
 'YOOX NET-A-PORTER GROUP' 'Cerved']"
5515;['Employerland' 'Employerland Demo' 'Unilever'];['Angelini' 'MSD Italia' 'Bristol-Myers Squibb' 'Chiesi Group' 'Roche']
5520;['Employerland'];"['Goldenpoint' 'Calzedonia' ""Victoria's secret - Percassi ""
 'YOOX NET-A-PORTER GROUP' 'Cerved']"
5528;['Bricoman Italia' 'Leroy Merlin'];"['Open Fiber' 'Wind Tre' 'Lottomatica' 'Ferrovie dello Stato Italiane'
 'FRONERI']"
5530;['Employerland'];"['Cerved' 'Capgemini' ""Victoria's secret - Percassi "" 'Roche UK'
 'Gi Group']"
5533;['Employerland'];"['Decathlon' 'Bricocenter Italia' 'Lottomatica' 'Lidl Italia'
 'Leroy Merlin']"
5536;['Employerland'];['PwC' 'Deloitte' 'EY' 'Capgemini' 'Eurobet Italia']
5537;['Employerland'];['Cerved' 'PwC' 'Capgemini' 'Open Fiber' 'Eurobet Italia']
5540;['Whirlpool'];"['Lottomatica' 'Decathlon' 'Leroy Merlin' 'Bricocenter Italia'
 'Ferrovie dello Stato Italiane']"
5541;['Leroy Merlin'];"[""Victoria's secret - Percassi "" 'Roche UK' 'Gi Group' 'SMOOTH HOTELS'
 'Dmail-Percassi']"
5542;['Employerland'];"['Goldenpoint' 'YOOX NET-A-PORTER GROUP' 'Lottomatica' 'Calzedonia'
 'Wind Tre']"
5543;['Employerland'];"['Calzedonia' 'Goldenpoint' 'Accenture' 'YOOX NET-A-PORTER GROUP'
 'Deloitte']"
5544;['Employerland Demo' 'Unilever'];['Angelini' 'MSD Italia' 'Bristol-Myers Squibb' 'Chiesi Group' 'Roche']
5547;['Employerland'];"['Bricocenter Italia' 'Decathlon' 'Lidl Italia' 'Leroy Merlin'
 'Lottomatica']"
5549;['Bricoman Italia'];"['Bricocenter Italia' 'Decathlon' 'Employerland' 'Lidl Italia'
 'Leroy Merlin']"
5550;['Bricoman Italia'];"['Decathlon' 'Lottomatica' 'Bricocenter Italia' 'Findus'
 'Ferrovie dello Stato Italiane']"
5551;['Employerland Demo'];"['NTT DATA Italia' ""Victoria's secret - Percassi "" 'Siemens' 'Roche UK'
 'Gi Group']"
5554;"['Bosch' 'Calzedonia' 'Pirelli' 'Unilever' 'Johnson & Johnson' 'Elica'
 'Salini Impregilo' 'Philip Morris Italia' 'Ferrovie dello Stato Italiane'
 'MSD Italia' 'Accenture' 'Findus' 'Bristol-Myers Squibb' 'Angelini'
 'Lidl Italia' 'Chiesi Group' 'Goldenpoint' 'Roche' 'Lottomatica'
 'YOOX NET-A-PORTER GROUP']";"['Sanofi SpA' ""Victoria's secret - Percassi "" 'Roche UK' 'Gi Group'
 'EVERIS']"
5556;['Employerland Demo'];"['Siram' ""Victoria's secret - Percassi "" 'Roche UK' 'Gi Group'
 'MOOD HOTELS']"
5558;['Employerland Demo' 'Unilever' 'Bricoman Italia' 'Leroy Merlin'];"['Decathlon' 'Bricocenter Italia' 'Lottomatica' 'Lidl Italia'
 'Ferrovie dello Stato Italiane']"
5561;['Bricoman Italia'];['Chiesi Group' 'Sanofi SpA' 'Roche' 'Angelini' 'Bristol-Myers Squibb']
5562;['Unilever'];"[""Victoria's secret - Percassi "" 'EVERIS' 'Roche UK' 'Gi Group'
 'Open Fiber']"
5564;['Unilever' 'Bricoman Italia' 'Employerland'];['Angelini' 'MSD Italia' 'Bristol-Myers Squibb' 'Chiesi Group' 'Roche']
5565;['Employerland Demo'];"[""Victoria's secret - Percassi "" 'Roche UK' 'SMOOTH HOTELS' 'Gi Group'
 'EVERIS']"
5566;['Employerland Demo'];"['Open Fiber' 'YOOX NET-A-PORTER GROUP' 'Goldenpoint' 'Wind Tre'
 'Decathlon']"
5567;['Employerland Demo' 'Bosch' 'Employerland' 'Leroy Merlin'];"['Johnson & Johnson' 'Roche UK' ""Victoria's secret - Percassi "" 'Gi Group'
 'Unilever']"
5568;['Employerland Demo'];"[""Victoria's secret - Percassi "" 'Cellularline' 'Roche UK' 'Open Fiber'
 'EVERIS']"
5569;['Bricoman Italia' 'Employerland'];"['Siram' 'Salini Impregilo' 'MOOD HOTELS' ""Victoria's secret - Percassi ""
 'Snam']"
5570;['Employerland Demo'];"[""Victoria's secret - Percassi "" 'Roche UK' 'EVERIS' 'Gi Group'
 'Antica Focacceria San Francesco']"
5576;['Leroy Merlin' 'Employerland'];"['Pirelli' 'Ferrovie dello Stato Italiane' 'Findus' 'Lottomatica'
 'Decathlon']"
5577;['Bricoman Italia' 'Employerland'];"['Philip Morris Italia' 'Pirelli' 'Findus' 'Ferrovie dello Stato Italiane'
 'Unilever']"
5578;['Unilever' 'Employerland Demo' 'Employerland'];"['Open Fiber' ""Victoria's secret - Percassi "" 'SMOOTH HOTELS' 'Gi Group'
 'Roche UK']"
5579;['Bricoman Italia' 'Employerland' 'Leroy Merlin'];"['Ferrovie dello Stato Italiane' 'Salini Impregilo' 'Pirelli' 'Open Fiber'
 'MOOD HOTELS']"
5580;['Bricoman Italia' 'Bosch' 'Employerland' 'Leroy Merlin'];['Decathlon' 'RAI' 'Bricocenter Italia' 'Aeroporti di Roma' 'Microsoft']
5581;['Employerland Demo'];"['Ferrovie dello Stato Italiane' 'Open Fiber' 'Salini Impregilo' 'SAP'
 'MOOD HOTELS']"
5582;['Employerland Demo'];"['Ferrovie dello Stato Italiane' 'Salini Impregilo' 'Lottomatica'
 'Open Fiber' 'Pirelli']"
5584;['Bricoman Italia' 'Leroy Merlin' 'Employerland Demo'];"['Ferrovie dello Stato Italiane' 'Salini Impregilo' 'Open Fiber'
 'Lottomatica' 'Pirelli']"
5586;['Employerland Demo'];"['Open Fiber' ""Victoria's secret - Percassi "" 'SMOOTH HOTELS' 'Roche UK'
 'Gi Group']"
5588;['Employerland' 'Employerland Demo'];"[""Victoria's secret - Percassi "" 'Roche UK' 'Gi Group' 'SMOOTH HOTELS'
 'Dmail-Percassi']"
5590;['Employerland Demo' 'Leroy Merlin' 'Bricoman Italia' 'Employerland'];"[""Victoria's secret - Percassi "" 'Goldenpoint' 'Roche UK' 'Cellularline'
 'Open Fiber']"
5593;['Bricoman Italia' 'Leroy Merlin'];"['Pirelli' 'Philip Morris Italia' 'Ferrovie dello Stato Italiane' 'Findus'
 'Salini Impregilo']"
5595;['Employerland'];['Decathlon' 'Bricocenter Italia' 'Lottomatica' 'Findus' 'Pirelli']
5599;['Bricoman Italia' 'Unilever' 'Employerland' 'Employerland Demo'];"[""Victoria's secret - Percassi "" 'Roche UK' 'EVERIS' 'Gi Group'
 'Antica Focacceria San Francesco']"
5601;['Employerland' 'Leroy Merlin'];"['Decathlon' 'Bricocenter Italia' 'Roche UK' 'Dmail-Percassi'
 ""Victoria's secret - Percassi ""]"
5605;['Employerland Demo'];['Pirelli' 'Philip Morris Italia' 'Siemens' 'Findus' 'Luxottica']
5608;['Employerland Demo'];"['Bricoman Italia' 'Leroy Merlin' 'Decathlon' 'EVERIS'
 'Bricocenter Italia']"
5610;['Employerland'];['Kpmg' 'Philip Morris Italia' 'Findus' 'Pirelli' 'Accenture']
5611;['Employerland Demo'];['Leroy Merlin' 'Bricoman Italia' 'Decathlon' 'Bricocenter Italia' 'RAI']
5615;['Bricoman Italia' 'Employerland'];"[""Victoria's secret - Percassi "" 'Roche UK' 'EVERIS' 'Gi Group'
 'Antica Focacceria San Francesco']"
5616;['Employerland'];"['Lottomatica' 'Decathlon' 'Wind Tre' 'Ferrovie dello Stato Italiane'
 'Open Fiber']"
5619;['Leroy Merlin'];"['Ferrovie dello Stato Italiane' 'Salini Impregilo' 'Lottomatica'
 'Pirelli' 'Decathlon']"
5620;['Bricoman Italia'];"['Ferrovie dello Stato Italiane' 'Open Fiber' 'Salini Impregilo'
 'MOOD HOTELS' 'SAP']"
5628;['Employerland Demo' 'Bosch' 'Bricoman Italia' 'Leroy Merlin'];['Bristol-Myers Squibb' 'Angelini' 'MSD Italia' 'Cerved' 'MOOD HOTELS']
5633;['Employerland'];"[""Victoria's secret - Percassi "" 'Roche UK' 'Gi Group' 'SMOOTH HOTELS'
 'Dmail-Percassi']"
5634;['Bosch' 'Employerland Demo'];['Goldenpoint' 'Calzedonia' 'YOOX NET-A-PORTER GROUP' 'Accenture' 'Elica']
5638;['Employerland Demo' 'Employerland'];['PwC' 'Deloitte' 'Kpmg' 'Accenture' 'EY']
5644;['Employerland'];['Deloitte' 'Kpmg' 'EY' 'PwC' 'Accenture']
5651;['Employerland'];"['Open Fiber' 'Ferrovie dello Stato Italiane'
 ""Victoria's secret - Percassi "" 'SMOOTH HOTELS' 'Roche UK']"
5652;['Bosch'];"[""Victoria's secret - Percassi "" 'Roche UK' 'Gi Group' 'SMOOTH HOTELS'
 'EVERIS']"
5657;['Employerland'];"['PwC' 'Cerved' 'Capgemini' 'NTT DATA Italia'
 ""Victoria's secret - Percassi ""]"
5658;['Employerland'];"['Siram' ""Victoria's secret - Percassi "" 'Roche UK' 'Gi Group'
 'MOOD HOTELS']"
5659;['Employerland Demo' 'Employerland'];"['Ferrovie dello Stato Italiane' 'Salini Impregilo' 'Lottomatica'
 'Open Fiber' 'Pirelli']"
5662;['Bricoman Italia'];"['Ferrovie dello Stato Italiane' 'Salini Impregilo' 'Lottomatica'
 'Open Fiber' 'Pirelli']"
5663;['Bosch' 'Employerland Demo'];"['Ferrovie dello Stato Italiane' ""Victoria's secret - Percassi ""
 'SMOOTH HOTELS' 'Open Fiber' 'Gi Group']"
5664;['Employerland'];"[""Victoria's secret - Percassi "" 'Roche UK' 'Gi Group' 'SMOOTH HOTELS'
 'Dmail-Percassi']"
5665;"['Employerland Demo' 'Leroy Merlin' 'EY' 'PwC' 'Bosch' 'Employerland'
 'Bricoman Italia' 'Chiesi Group']";['Decathlon' 'Bricocenter Italia' 'Pirelli' 'Lottomatica' 'Findus']
5666;['Employerland'];"[""Victoria's secret - Percassi "" 'Goldenpoint' 'Roche UK' 'Cellularline'
 'Cerved']"
5669;['Bricoman Italia' 'Employerland'];['Kpmg' 'Deloitte' 'MSD Italia' 'Bristol-Myers Squibb' 'Accenture']
5671;['Employerland'];['Bosch' 'Pirelli' 'Philip Morris Italia' 'Siemens' 'NTT DATA Italia']
5673;['Leroy Merlin'];"['Ferrovie dello Stato Italiane' 'Salini Impregilo' 'Open Fiber' 'Siram'
 'Snam']"
5676;['Employerland Demo'];['Kpmg' 'Deloitte' 'Accenture' 'Findus' 'Lidl Italia']
5677;['Bricoman Italia' 'Employerland Demo'];"['Ferrovie dello Stato Italiane' 'Salini Impregilo' 'Open Fiber' 'Snam'
 'Pirelli']"
5678;['Lidl Italia' 'Lottomatica' 'Bosch' 'Employerland'];"['Salini Impregilo' 'Snam' 'Ferrovie dello Stato Italiane' 'Siram'
 'Pirelli']"
5680;['Employerland Demo'];"[""Victoria's secret - Percassi "" 'Roche UK' 'Gi Group' 'Dmail-Percassi'
 'SMOOTH HOTELS']"
5685;['Employerland Demo' 'Bricoman Italia' 'Employerland' 'Bosch'];"['Ferrovie dello Stato Italiane' 'Salini Impregilo' 'Open Fiber'
 'Lottomatica' 'Pirelli']"
5686;['Employerland Demo' 'Employerland' 'Bricoman Italia' 'Leroy Merlin'];"[""Victoria's secret - Percassi "" 'Roche UK' 'SMOOTH HOTELS' 'Open Fiber'
 'Gi Group']"
5688;['Leroy Merlin' 'Bosch' 'Employerland'];"['Ferrovie dello Stato Italiane' 'Salini Impregilo' 'UniCredit'
 'Lottomatica' 'Snam']"
5694;['Employerland'];"['Salini Impregilo' 'Snam' 'Ferrovie dello Stato Italiane' 'Siram'
 'Pirelli']"
5702;['Leroy Merlin'];"['Open Fiber' 'Wind Tre' 'Lottomatica' 'Ferrovie dello Stato Italiane'
 'FRONERI']"
5715;['Employerland'];"['Ferrovie dello Stato Italiane' 'Università Europea di Roma'
 'Salini Impregilo' 'UniCredit' 'EY']"
5716;['Whirlpool' 'Ferrovie dello Stato Italiane'];['Angelini' 'Chiesi Group' 'Bristol-Myers Squibb' 'MSD Italia' 'Roche']
5724;['Employerland Demo' 'Bricoman Italia' 'Employerland'];['Decathlon' 'Bricocenter Italia' 'Lidl Italia' 'Findus' 'Lottomatica']
5726;['Leroy Merlin' 'Employerland Demo' 'Bricoman Italia'];"['Johnson & Johnson' 'Bristol-Myers Squibb' 'MSD Italia' 'Angelini'
 'Open Fiber']"
5727;['Employerland Demo' 'Employerland'];"['Cerved' 'Capgemini' ""Victoria's secret - Percassi "" 'Roche UK'
 'Gi Group']"
5731;['Bricoman Italia'];['Pirelli' 'Philip Morris Italia' 'Siemens' 'Findus' 'NTT DATA Italia']
5733;['Leroy Merlin' 'Employerland' 'Bosch' 'Employerland Demo'];['Angelini' 'MSD Italia' 'Bristol-Myers Squibb' 'Chiesi Group' 'Roche']
5738;['Employerland Demo'];"['Open Fiber' 'Wind Tre' 'Lottomatica' 'Goldenpoint'
 'YOOX NET-A-PORTER GROUP']"
5743;['Employerland'];['Goldenpoint' 'Calzedonia' 'YOOX NET-A-PORTER GROUP' 'Elica' 'Accenture']
5744;['Employerland Demo' 'Employerland' 'Bosch'];"['Open Fiber' 'Ferrovie dello Stato Italiane'
 ""Victoria's secret - Percassi "" 'SMOOTH HOTELS' 'Roche UK']"
5749;['Employerland'];['Snam' 'Salini Impregilo' 'Siram' 'Elica' 'Ferrovie dello Stato Italiane']
5750;['Employerland'];"['Pirelli' 'Philip Morris Italia' 'Findus' 'Siemens'
 'Ferrovie dello Stato Italiane']"
5751;['Employerland'];"['Ferrovie dello Stato Italiane' 'Salini Impregilo' 'UniCredit' 'PwC'
 'Lottomatica']"
5752;['Bosch' 'Bricoman Italia' 'Leroy Merlin' 'Employerland Demo'];"['Ferrovie dello Stato Italiane' 'Salini Impregilo' 'Lottomatica'
 'Open Fiber' 'Pirelli']"
5753;['Leroy Merlin' 'Bosch'];['Deloitte' 'Capgemini' 'EVERIS' 'Kpmg' 'PwC']
5755;['EY' 'Employerland Demo' 'Employerland' 'Bosch' 'Leroy Merlin'];"['Salini Impregilo' 'Snam' 'Siram' 'Ferrovie dello Stato Italiane'
 'AST - ThyssenKrupp']"
5758;['Bosch' 'Employerland Demo'];"['Goldenpoint' 'YOOX NET-A-PORTER GROUP' 'Accenture' 'Calzedonia'
 ""Victoria's secret - Percassi ""]"
5766;['Employerland'];"['Wind Tre' 'Open Fiber' 'Lottomatica' 'Ferrovie dello Stato Italiane'
 'FRONERI']"
5770;['Bricoman Italia' 'Bosch' 'Leroy Merlin' 'Employerland'];['Angelini' 'MSD Italia' 'Bristol-Myers Squibb' 'Roche' 'Chiesi Group']
5773;['Employerland'];['Accenture' 'Kpmg' 'Deloitte' 'Goldenpoint' 'YOOX NET-A-PORTER GROUP']
5776;['Employerland'];"['Philip Morris Italia' 'Pirelli' 'Findus' 'Kpmg'
 'Ferrovie dello Stato Italiane']"
5783;['Employerland' 'Leroy Merlin'];['Open Fiber' 'Wind Tre' 'FRONERI' 'Siemens' 'EVERIS']
5785;['Employerland' 'Leroy Merlin'];['Unilever' 'Pirelli' 'Philip Morris Italia' 'Employerland Demo' 'Findus']
5788;['Leroy Merlin' 'Employerland'];"[""Victoria's secret - Percassi "" 'Roche UK' 'EVERIS' 'Gi Group'
 'Antica Focacceria San Francesco']"
5789;['Leroy Merlin' 'Employerland'];"[""Victoria's secret - Percassi "" 'Roche UK' 'EVERIS' 'Kpmg' 'Siram']"
5793;['Bricoman Italia' 'Leroy Merlin'];['Elica' 'Siemens' 'Whirlpool' 'Aeroporti di Roma' 'Goldenpoint']
5795;['Bricoman Italia' 'Bosch'];"[""Victoria's secret - Percassi "" 'Roche UK' 'EVERIS' 'Cerved' 'Gi Group']"
5797;"['Leroy Merlin' 'Roche' 'Lidl Italia' 'Calzedonia' 'Bosch'
 'Aeroporti di Roma' 'Whirlpool' 'RAI' 'Employerland' 'MSD Italia'
 'Bricoman Italia' 'Datalogic' 'Tech Data' 'Accenture' 'Angelini'
 'Decathlon']";['Università Europea di Roma' 'EY' 'PwC' 'Deloitte' 'Kpmg']
5800;['Leroy Merlin'];"[""Victoria's secret - Percassi "" 'Roche UK' 'Cellularline' 'EVERIS'
 'Gi Group']"
5804;['Employerland'];"['Lottomatica' ""Victoria's secret - Percassi "" 'Cellularline' 'Open Fiber'
 'Decathlon']"
5806;['Bosch' 'Leroy Merlin'];['Chiesi Group' 'Sanofi SpA' 'Roche' 'Angelini' 'Bristol-Myers Squibb']
5813;['Employerland' 'Bricoman Italia'];['Pirelli' 'Philip Morris Italia' 'Findus' 'Decathlon' 'Siemens']
5814;['Leroy Merlin' 'Employerland'];['Lidl Italia' 'Decathlon' 'Bricocenter Italia' 'Rinascente' 'Würth Srl ']
5816;['Leroy Merlin' 'Employerland'];['Pirelli' 'Philip Morris Italia' 'Siemens' 'NTT DATA Italia' 'Luxottica']
5818;"['Employerland Demo' 'Bosch' 'Leroy Merlin' 'Bricoman Italia'
 'Employerland']";"['Goldenpoint' 'YOOX NET-A-PORTER GROUP' 'Calzedonia' 'Decathlon'
 'Accenture']"
5821;['Employerland'];"['Decathlon' 'Bricocenter Italia' 'Leroy Merlin' 'Lidl Italia'
 'Bricoman Italia']"
5827;['Employerland'];['Pirelli' 'Findus' 'Kpmg' 'Philip Morris Italia' 'Lidl Italia']
5831;['Employerland'];"['Philip Morris Italia' ""Victoria's secret - Percassi "" 'Dmail-Percassi'
 'EVERIS' 'Roche UK']"
5846;['Employerland'];"['Goldenpoint' ""Victoria's secret - Percassi "" 'YOOX NET-A-PORTER GROUP'
 'Calzedonia' 'Accenture']"
5850;['Bricoman Italia' 'Employerland Demo' 'Roche' 'Leroy Merlin'];['Kpmg' 'Deloitte' 'Philip Morris Italia' 'Accenture' 'Findus']
5856;['Employerland' 'Leroy Merlin'];"['Decathlon' 'Bricocenter Italia' 'Lidl Italia' 'Lego-Percassi'
 'Antica Focacceria San Francesco']"
5858;['Employerland'];"['Goldenpoint' 'Calzedonia' ""Victoria's secret - Percassi ""
 'YOOX NET-A-PORTER GROUP' 'Decathlon']"
5859;['Employerland'];['Goldenpoint' 'Bristol-Myers Squibb' 'Angelini' 'Accenture' 'MSD Italia']
5865;['Bosch' 'Employerland Demo'];['Deloitte' 'Kpmg' 'Capgemini' 'EVERIS' 'Accenture']
5867;['Employerland Demo' 'Employerland'];"[""Victoria's secret - Percassi "" 'Roche UK' 'Cerved' 'Gi Group'
 'NTT DATA Italia']"
5869;['Employerland' 'Leroy Merlin'];"['Lidl Italia' 'Decathlon' 'Bricocenter Italia' 'Carrefour Italia'
 'Würth Srl ']"
5879;['Employerland'];"[""Victoria's secret - Percassi "" 'Roche UK' 'EVERIS' 'Gi Group'
 'SMOOTH HOTELS']"
5888;['Employerland'];['Findus' 'Pirelli' 'FRONERI' 'Philip Morris Italia' 'Open Fiber']
5903;['Bricoman Italia'];['Goldenpoint' 'Calzedonia' 'YOOX NET-A-PORTER GROUP' 'Accenture' 'Elica']
5908;"['Employerland Demo' 'Bricoman Italia' 'Bosch' 'Leroy Merlin'
 'Employerland']";"[""Victoria's secret - Percassi "" 'Roche UK' 'SMOOTH HOTELS' 'Gi Group'
 'EVERIS']"
5920;['Unilever' 'Microsoft' 'Employerland Demo' 'EY'];['Salini Impregilo' 'Siram' 'Snam' 'MOOD HOTELS' 'AST - ThyssenKrupp']
5924;['Employerland'];"['MSD Italia' 'Bristol-Myers Squibb' 'Angelini' 'Philip Morris Italia'
 'Findus']"
5925;['Employerland Demo' 'Bosch' 'Employerland' 'Bricoman Italia'];"['Decathlon' 'Bricocenter Italia' 'Ferrovie dello Stato Italiane'
 'Dmail-Percassi' 'Roche UK']"
5928;['Employerland'];['Deloitte' 'Kpmg' 'Accenture' 'Capgemini' 'PwC']
5931;['Bosch'];"['Siram' ""Victoria's secret - Percassi "" 'Roche UK' 'Gi Group'
 'MOOD HOTELS']"
5936;['Leroy Merlin' 'Bosch' 'Employerland' 'Employerland Demo'];"['Goldenpoint' 'Calzedonia' 'YOOX NET-A-PORTER GROUP' 'Accenture'
 'Unilever']"
5946;['Leroy Merlin'];"['MSD Italia' 'Philip Morris Italia' 'Bristol-Myers Squibb' 'Angelini'
 'Pirelli']"
5950;['Employerland'];['Findus' 'Pirelli' 'Philip Morris Italia' 'Kpmg' 'Lottomatica']
5951;['Bricoman Italia' 'Employerland Demo' 'Bosch'];['Chiesi Group' 'Sanofi SpA' 'Roche' 'Angelini' 'Bristol-Myers Squibb']
5957;['Employerland'];['Sanofi SpA' 'Chiesi Group' 'Roche' 'Johnson & Johnson' 'Angelini']
5962;['Employerland'];"[""Victoria's secret - Percassi "" 'Roche UK' 'SMOOTH HOTELS' 'Gi Group'
 'EVERIS']"
5967;['Employerland Demo'];"['Salini Impregilo' 'Snam' 'Siram' 'Ferrovie dello Stato Italiane'
 'AST - ThyssenKrupp']"
5973;['Employerland'];"['Open Fiber' 'Wind Tre' 'Lottomatica' 'Ferrovie dello Stato Italiane'
 'FRONERI']"
5978;['Employerland'];['Pirelli' 'Philip Morris Italia' 'Siemens' 'NTT DATA Italia' 'Luxottica']
5979;['Employerland'];"['Bristol-Myers Squibb' 'Angelini' 'MSD Italia' 'Cerved'
 ""Victoria's secret - Percassi ""]"
5982;['Employerland'];['Chiesi Group' 'Sanofi SpA' 'Roche' 'Angelini' 'Bristol-Myers Squibb']
5983;['Employerland'];"['Decathlon' 'Bricocenter Italia' 'Leroy Merlin' 'Bricoman Italia'
 'Lidl Italia']"
5986;['Employerland Demo' 'Bricoman Italia'];"['Decathlon' 'Bricocenter Italia' 'Lottomatica' 'Goldenpoint'
 'YOOX NET-A-PORTER GROUP']"
5992;['Bricoman Italia'];"['Goldenpoint' 'Calzedonia' 'YOOX NET-A-PORTER GROUP'
 ""Victoria's secret - Percassi "" 'Elica']"
5993;['Employerland'];"[""Victoria's secret - Percassi "" 'Roche UK' 'Gi Group' 'SMOOTH HOTELS'
 'EVERIS']"
5995;['Employerland Demo' 'Employerland'];"['NTT DATA Italia' ""Victoria's secret - Percassi "" 'Gi Group' 'Roche UK'
 'Siemens']"
5998;['Employerland Demo' 'Bricoman Italia'];"[""Victoria's secret - Percassi "" 'Roche UK' 'EVERIS' 'Gi Group'
 'Antica Focacceria San Francesco']"
6002;['Employerland'];"['Open Fiber' 'Wind Tre' 'Lottomatica' 'Ferrovie dello Stato Italiane'
 'FRONERI']"
6003;['Employerland'];"['Ferrovie dello Stato Italiane' 'Bosch' 'Salini Impregilo' 'Pirelli'
 'Open Fiber']"
6014;['Employerland'];['Kpmg' 'Deloitte' 'Accenture' 'EY' 'PwC']
6016;['Employerland'];"['Decathlon' 'Bricocenter Italia' 'Leroy Merlin' 'Bricoman Italia'
 'Lottomatica']"
6017;"['Leroy Merlin' 'EY' 'Employerland Demo' 'Tech Data' 'Bricoman Italia'
 'Lidl Italia' 'Luxottica' 'Employerland' 'Bosch' 'Unilever' 'Lottomatica'
 'Datalogic' 'Whirlpool']";"['Ferrovie dello Stato Italiane' 'Decathlon' 'Bricocenter Italia'
 'Open Fiber' 'Salini Impregilo']"
6019;['Bosch'];"['Bricoman Italia' 'EVERIS' ""Victoria's secret - Percassi "" 'Roche UK'
 'Gi Group']"
6028;['Employerland' 'Leroy Merlin'];['Findus' 'Pirelli' 'Philip Morris Italia' 'Kpmg' 'Decathlon']
6037;['Employerland'];"['Ferrovie dello Stato Italiane' 'Salini Impregilo' 'Open Fiber'
 'Lottomatica' 'Pirelli']"
6039;['Employerland'];"['Lidl Italia' 'Leroy Merlin' 'Decathlon' 'Bricocenter Italia'
 'Bricoman Italia']"
6042;['EY'];['Pirelli' 'Findus' 'Kpmg' 'Philip Morris Italia' 'Deloitte']
6044;['Employerland'];"['Goldenpoint' 'Calzedonia' 'YOOX NET-A-PORTER GROUP'
 ""Victoria's secret - Percassi "" 'Cerved']"
6045;"['Bricoman Italia' 'Bosch' 'Employerland' 'Employerland Demo'
 'Leroy Merlin']";['Pirelli' 'Philip Morris Italia' 'NTT DATA Italia' 'Findus' 'Siemens']
6052;['Employerland'];"['Ferrovie dello Stato Italiane' 'Open Fiber' 'SMOOTH HOTELS'
 'MOOD HOTELS' 'Salini Impregilo']"
6054;['Employerland Demo' 'Bosch' 'Employerland'];"['Philip Morris Italia' 'Pirelli' 'Findus' 'Unilever'
 'Ferrovie dello Stato Italiane']"
6057;['Employerland'];"['Decathlon' 'Bricocenter Italia' 'Lottomatica' 'Lidl Italia'
 'Leroy Merlin']"
6058;['Bosch' 'Employerland'];"['Ferrovie dello Stato Italiane' 'Salini Impregilo' 'Open Fiber'
 'Lottomatica' 'Pirelli']"
6065;['Bricoman Italia' 'Leroy Merlin' 'EY' 'Employerland' 'RAI'];"['Lottomatica' 'Goldenpoint' 'Open Fiber' ""Victoria's secret - Percassi ""
 'Angelini']"
6068;['Employerland Demo'];['Angelini' 'Bristol-Myers Squibb' 'MSD Italia' 'Chiesi Group' 'Decathlon']
6072;"['Ferrovie dello Stato Italiane' 'Goldenpoint' 'Unilever' 'Microsoft' 'EY'
 'RAI' 'Aeroporti di Roma' 'Elica' 'Bricoman Italia' 'Salini Impregilo'
 'Employerland Demo' 'Leroy Merlin' 'Findus' 'Calzedonia' 'Kpmg'
 'Wind Tre']";"['Decathlon' 'Bricocenter Italia' 'Lottomatica' 'Lidl Italia'
 'YOOX NET-A-PORTER GROUP']"
6075;['Employerland Demo'];['Findus' 'Philip Morris Italia' 'Bristol-Myers Squibb' 'Pirelli' 'Cerved']
6079;['Bosch'];['Pirelli' 'Philip Morris Italia' 'Siemens' 'NTT DATA Italia' 'Findus']
6082;['Bosch'];"['Open Fiber' 'Wind Tre' 'Lottomatica' 'Ferrovie dello Stato Italiane'
 'FRONERI']"
6088;['Bosch'];['Goldenpoint' 'Calzedonia' 'YOOX NET-A-PORTER GROUP' 'Elica' 'Accenture']
6089;['Bricoman Italia' 'Bosch'];"['Philip Morris Italia' 'Pirelli' 'Findus' 'NTT DATA Italia'
 'Bristol-Myers Squibb']"
6092;['Employerland'];"['Decathlon' 'Bricocenter Italia' 'Roche UK'
 'Antica Focacceria San Francesco' 'EVERIS']"
6101;['Employerland'];"['Philip Morris Italia' 'Dmail-Percassi' ""Victoria's secret - Percassi ""
 'EVERIS' 'Roche UK']"
6110;['Bricoman Italia' 'Employerland'];"[""Victoria's secret - Percassi "" 'Roche UK' 'EVERIS' 'Gi Group'
 'Antica Focacceria San Francesco']"
6125;['Employerland Demo'];"['Siram' ""Victoria's secret - Percassi "" 'Roche UK' 'Gi Group'
 'MOOD HOTELS']"
6130;['Bosch'];"['Philip Morris Italia' 'Pirelli' 'Dmail-Percassi'
 ""Victoria's secret - Percassi "" 'EVERIS']"
6132;['Bosch'];['Calzedonia' 'Goldenpoint' 'Siram' 'AST - ThyssenKrupp' 'MOOD HOTELS']
6145;['Employerland'];['Pirelli' 'Philip Morris Italia' 'Siemens' 'NTT DATA Italia' 'Luxottica']
6147;['Employerland Demo' 'Employerland'];"['Salini Impregilo' 'Snam' 'Siram' 'Ferrovie dello Stato Italiane'
 'AST - ThyssenKrupp']"
6148;['Employerland' 'Bricoman Italia'];"['Ferrovie dello Stato Italiane' 'Open Fiber' 'Salini Impregilo'
 ""Victoria's secret - Percassi "" 'MOOD HOTELS']"
6151;['Employerland'];['Leroy Merlin' 'Bricoman Italia' 'Decathlon' 'Bricocenter Italia' 'RAI']
6155;['Bosch' 'Employerland'];['Chiesi Group' 'Sanofi SpA' 'Roche' 'Angelini' 'Bristol-Myers Squibb']
6156;['Employerland'];['Angelini' 'Chiesi Group' 'MSD Italia' 'Bristol-Myers Squibb' 'Roche']
6159;['Employerland Demo' 'Bosch'];"['Philip Morris Italia' 'Pirelli' 'Findus' 'Employerland'
 'Bricocenter Italia']"
6161;['Bricoman Italia' 'Employerland Demo' 'Employerland'];"[""Victoria's secret - Percassi "" 'Roche UK' 'EVERIS' 'Gi Group'
 'Antica Focacceria San Francesco']"
6162;['Bosch' 'Employerland'];"[""Victoria's secret - Percassi "" 'Roche UK' 'Gi Group' 'Dmail-Percassi'
 'Antica Focacceria San Francesco']"
6167;['Bricoman Italia'];"['NTT DATA Italia' ""Victoria's secret - Percassi "" 'Roche UK' 'Gi Group'
 'Antica Focacceria San Francesco']"
6171;['Employerland'];['Open Fiber' 'Wind Tre' 'FRONERI' 'Siemens' 'Luxottica']
6174;['Bosch'];['Angelini' 'MSD Italia' 'Bristol-Myers Squibb' 'Chiesi Group' 'Roche']
6176;['Employerland Demo'];['Philip Morris Italia' 'Pirelli' 'Findus' 'Employerland' 'Kpmg']
6177;['Employerland Demo'];['Bosch' 'Bricoman Italia' 'Johnson & Johnson' 'Siemens' 'Elica']
6179;['Employerland Demo' 'Employerland'];"['Bricocenter Italia' 'Decathlon' 'Lidl Italia' 'Leroy Merlin'
 'Lottomatica']"
6180;['Employerland'];['Kpmg' 'Deloitte' 'Pirelli' 'Accenture' 'Philip Morris Italia']
6182;['Employerland Demo'];['Lidl Italia' 'Decathlon' 'Bricocenter Italia' 'Rinascente' 'Würth Srl ']
6184;['Employerland'];['NTT DATA Italia' 'Siemens' 'Philip Morris Italia' 'Pirelli' 'Luxottica']
6197;['Employerland'];"['Open Fiber' 'Ferrovie dello Stato Italiane'
 ""Victoria's secret - Percassi "" 'SMOOTH HOTELS' 'Roche UK']"
6199;['Bricoman Italia'];"['Salini Impregilo' 'Snam' 'Siram' 'Ferrovie dello Stato Italiane'
 'MOOD HOTELS']"
6202;['Employerland Demo' 'Employerland' 'EY' 'Bosch' 'Bricoman Italia'];"['Pirelli' 'Goldenpoint' 'Siemens' 'YOOX NET-A-PORTER GROUP'
 'Philip Morris Italia']"
6204;['Bricoman Italia' 'Leroy Merlin' 'Aeroporti di Roma' 'Unilever' 'RAI'];['Chiesi Group' 'Sanofi SpA' 'Roche' 'Angelini' 'Bristol-Myers Squibb']
6209;['Bricoman Italia'];['Angelini' 'MSD Italia' 'Bristol-Myers Squibb' 'Chiesi Group' 'Roche']
6216;['Bosch'];"['Decathlon' 'Bricocenter Italia' 'Lottomatica' 'Lidl Italia'
 'Leroy Merlin']"
6219;['Bricoman Italia' 'Employerland' 'Employerland Demo'];"[""Victoria's secret - Percassi "" 'Philip Morris Italia' 'Roche UK'
 'Dmail-Percassi' 'EVERIS']"
6222;['Bosch' 'Employerland Demo'];"['Philip Morris Italia' 'Pirelli' ""Victoria's secret - Percassi ""
 'Bricoman Italia' 'Findus']"
6229;['Bricoman Italia' 'Employerland Demo' 'Employerland'];['Accenture' 'Kpmg' 'Deloitte' 'Goldenpoint' 'YOOX NET-A-PORTER GROUP']
6234;['Bricoman Italia' 'Employerland'];['Angelini' 'MSD Italia' 'Bristol-Myers Squibb' 'Chiesi Group' 'Roche']
6236;['Employerland Demo' 'Bricoman Italia'];['Pirelli' 'Philip Morris Italia' 'Siemens' 'NTT DATA Italia' 'Luxottica']
6239;['Bosch' 'Bricoman Italia'];"['Ferrovie dello Stato Italiane' 'Open Fiber' 'Salini Impregilo'
 'MOOD HOTELS' 'SMOOTH HOTELS']"
6241;['Employerland Demo' 'Employerland'];['Findus' 'Pirelli' 'Philip Morris Italia' 'Kpmg' 'Decathlon']
6245;['Employerland'];"['Goldenpoint' 'Calzedonia' 'YOOX NET-A-PORTER GROUP'
 ""Victoria's secret - Percassi "" 'Accenture']"
6246;['Bricoman Italia' 'Employerland Demo'];['Pirelli' 'Philip Morris Italia' 'Siemens' 'NTT DATA Italia' 'Luxottica']
6247;"['Employerland Demo' 'EY' 'Aeroporti di Roma' 'Tech Data' 'RAI'
 'Employerland']";"['Lottomatica' 'Decathlon' 'Wind Tre' 'Ferrovie dello Stato Italiane'
 'Open Fiber']"
6248;['Employerland' 'Bricoman Italia' 'Employerland Demo'];['Findus' 'Philip Morris Italia' 'Pirelli' 'Kpmg' 'Bristol-Myers Squibb']
6255;['Employerland'];['EY' 'Università Europea di Roma' 'PwC' 'Deloitte' 'Eurobet Italia']
6256;['Bricoman Italia'];"['Pirelli' 'Philip Morris Italia' 'Bricocenter Italia' 'Decathlon'
 'Findus']"
6261;['Bricoman Italia' 'Employerland' 'Employerland Demo'];['Pirelli' 'Siemens' 'Findus' 'Lidl Italia' 'Philip Morris Italia']
6268;['Employerland'];"['Findus' 'Goldenpoint' 'Johnson & Johnson' 'Pirelli'
 'Philip Morris Italia']"
6270;['Bricoman Italia' 'Employerland Demo' 'Bosch'];"[""Victoria's secret - Percassi "" 'Roche UK' 'Gi Group' 'SMOOTH HOTELS'
 'Bristol-Myers Squibb']"
6273;['Employerland Demo' 'Bosch' 'Employerland'];"['Decathlon' 'Bricocenter Italia' 'Lidl Italia' 'Lottomatica'
 'Leroy Merlin']"
6277;['Employerland Demo' 'Employerland'];"[""Victoria's secret - Percassi "" 'Roche UK' 'SMOOTH HOTELS' 'Open Fiber'
 'Gi Group']"
6281;['Employerland'];"[""Victoria's secret - Percassi "" 'Cellularline' 'Roche UK' 'Open Fiber'
 'EVERIS']"
6291;['Bricoman Italia'];['Angelini' 'MSD Italia' 'Bristol-Myers Squibb' 'Chiesi Group' 'Roche']
6293;['Employerland'];"['NTT DATA Italia' 'Johnson & Johnson' 'Roche UK'
 ""Victoria's secret - Percassi "" 'Gi Group']"
6298;['Employerland' 'Employerland Demo'];['Lidl Italia' 'Decathlon' 'Würth Srl ' 'Rinascente' 'Bricocenter Italia']
6305;['Employerland Demo' 'Employerland'];['Philip Morris Italia' 'Pirelli' 'Findus' 'Dmail-Percassi' 'EVERIS']
6310;['Employerland'];['Philip Morris Italia' 'Pirelli' 'NTT DATA Italia' 'Siemens' 'Kpmg']
6313;['Employerland'];"['Goldenpoint' 'Accenture' 'YOOX NET-A-PORTER GROUP' 'Calzedonia'
 'Bricocenter Italia']"
6319;['Employerland'];['Accenture' 'Kpmg' 'Deloitte' 'Goldenpoint' 'NTT DATA Italia']
6331;['Employerland'];"['Bricocenter Italia' 'Decathlon' 'Leroy Merlin' 'Lidl Italia'
 'Philip Morris Italia']"
6332;['Employerland Demo' 'Bricoman Italia'];"[""Victoria's secret - Percassi "" 'Roche UK' 'Sanofi SpA' 'Gi Group'
 'EVERIS']"
6333;['Employerland'];['Philip Morris Italia' 'Pirelli' 'Findus' 'Kpmg' 'Unilever']
6336;['Bricoman Italia'];"['Philip Morris Italia' 'Pirelli' 'Dmail-Percassi' 'Findus'
 ""Victoria's secret - Percassi ""]"
6337;['Employerland Demo'];['Philip Morris Italia' 'Pirelli' 'Findus' 'Employerland' 'Kpmg']
6339;['Bricoman Italia' 'Employerland'];['Philip Morris Italia' 'Pirelli' 'Findus' 'Dmail-Percassi' 'Kpmg']
6342;['Roche'];"['Philip Morris Italia' 'Pirelli' 'Dmail-Percassi' 'Findus'
 ""Victoria's secret - Percassi ""]"
6343;['Bosch' 'Pirelli'];['Philip Morris Italia' 'Findus' 'Employerland' 'Kpmg' 'Salini Impregilo']
6347;['EY' 'Università Europea di Roma'];['NTT DATA Italia' 'Amplifon' 'Luxottica' 'INDRA' 'QiBit']
6354;['Employerland'];"[""Victoria's secret - Percassi "" 'Roche UK' 'EVERIS' 'Gi Group'
 'Antica Focacceria San Francesco']"
6355;['Employerland Demo' 'Bricoman Italia' 'Employerland'];"['Philip Morris Italia' ""Victoria's secret - Percassi "" 'Dmail-Percassi'
 'EVERIS' 'Roche UK']"
6357;['Employerland Demo' 'Bricoman Italia' 'Employerland'];"[""Victoria's secret - Percassi "" 'Roche UK' 'EVERIS' 'Gi Group'
 'Antica Focacceria San Francesco']"
6359;['Bricoman Italia'];"[""Victoria's secret - Percassi "" 'Roche UK' 'EVERIS' 'Gi Group'
 'Antica Focacceria San Francesco']"
6363;['Employerland'];"['Bricocenter Italia' 'Decathlon' 'Antica Focacceria San Francesco'
 'Roche UK' 'EVERIS']"
6369;"['Unilever' 'Leroy Merlin' 'Calzedonia' 'Lottomatica' 'Aeroporti di Roma'
 'Bricoman Italia' 'Eurobet Italia' 'EY' 'Employerland Demo' 'Bosch'
 'Microsoft' 'Università Europea di Roma' 'RAI']";"[""Victoria's secret - Percassi "" 'Roche UK' 'Sanofi SpA' 'Gi Group'
 'EVERIS']"
6377;['Bricoman Italia' 'Employerland'];"[""Victoria's secret - Percassi "" 'Roche UK' 'SMOOTH HOTELS' 'Open Fiber'
 'Gi Group']"
6380;['Employerland'];"['EVERIS' 'Cellularline' ""Victoria's secret - Percassi "" 'Roche UK'
 'Eurobet Italia']"
6384;"['Leroy Merlin' 'Whirlpool' 'EY' 'RAI' 'Aeroporti di Roma' 'Roche'
 'Lottomatica' 'Employerland' 'Bricoman Italia' 'Employerland Demo']";['Accenture' 'Kpmg' 'Deloitte' 'Goldenpoint' 'NTT DATA Italia']
6387;['Employerland'];"['Bricocenter Italia' 'Decathlon' 'Lidl Italia' 'Leroy Merlin'
 'Lottomatica']"
6388;['Employerland'];['Sanofi SpA' 'Chiesi Group' 'Roche' 'Angelini' 'Bristol-Myers Squibb']
6389;['Employerland'];"['Sanofi SpA' 'Chiesi Group' ""Victoria's secret - Percassi "" 'Roche UK'
 'Gi Group']"
6393;['Employerland'];"['Sanofi SpA' ""Victoria's secret - Percassi "" 'Roche UK' 'Chiesi Group'
 'Antica Focacceria San Francesco']"
6395;['Employerland'];['Sanofi SpA' 'Chiesi Group' 'Roche' 'Angelini' 'Bristol-Myers Squibb']
6401;['Bricoman Italia' 'Employerland' 'Employerland Demo'];['Sanofi SpA' 'Chiesi Group' 'Roche' 'Angelini' 'Bristol-Myers Squibb']
6404;['Bricoman Italia'];['Sanofi SpA' 'Chiesi Group' 'Roche' 'Angelini' 'Bristol-Myers Squibb']
6405;['Employerland'];"[""Victoria's secret - Percassi "" 'EVERIS' 'Roche UK' 'Gi Group'
 'Open Fiber']"
6406;['Employerland'];"['Sanofi SpA' ""Victoria's secret - Percassi "" 'Roche UK' 'Chiesi Group'
 'Antica Focacceria San Francesco']"
6409;['Employerland'];"['Sanofi SpA' 'Chiesi Group' 'Roche' ""Victoria's secret - Percassi ""
 'Angelini']"
6412;['Employerland'];"[""Victoria's secret - Percassi "" 'Roche UK' 'EVERIS'
 'Antica Focacceria San Francesco' 'Gi Group']"
6413;['Bosch' 'Università Europea di Roma' 'Employerland'];"['Bricocenter Italia' 'Decathlon' 'Sanofi SpA' 'Chiesi Group'
 'Lidl Italia']"
6415;['Employerland'];"['Bricocenter Italia' 'Decathlon' 'Lidl Italia' 'Gi Group Horeca'
 'Antica Focacceria San Francesco']"
6417;['Elica' 'Employerland Demo' 'Bricoman Italia'];"['Bricocenter Italia' 'Decathlon' 'Lidl Italia' 'Employerland'
 'Leroy Merlin']"
6419;['Employerland Demo' 'Employerland'];"['Sanofi SpA' 'Chiesi Group' ""Victoria's secret - Percassi "" 'Roche'
 'Roche UK']"
6421;['Bricoman Italia' 'Employerland'];"[""Victoria's secret - Percassi "" 'Roche UK' 'EVERIS' 'Gi Group'
 'Antica Focacceria San Francesco']"
6424;['Employerland'];"['Bricocenter Italia' 'Decathlon' 'Lidl Italia' 'Leroy Merlin'
 'Lottomatica']"
6426;['Bricoman Italia'];['PwC' 'Eurobet Italia' 'EY' 'Deloitte' 'Cerved']
6429;['Bricoman Italia' 'Lottomatica'];"['Bricocenter Italia' 'Decathlon' 'Sanofi SpA' 'Chiesi Group'
 'Antica Focacceria San Francesco']"
6430;['Employerland'];"[""Victoria's secret - Percassi "" 'Roche UK' 'EVERIS' 'Gi Group'
 'Antica Focacceria San Francesco']"
6431;['Employerland'];['Decathlon' 'Bricocenter Italia' 'Sanofi SpA' 'Chiesi Group' 'Roche UK']
6436;['Employerland'];"['Bricocenter Italia' 'Decathlon' 'Lidl Italia' 'Leroy Merlin'
 'Gi Group Horeca']"
6446;['Tech Data'];"['Roche UK' ""Victoria's secret - Percassi "" 'EVERIS'
 'Antica Focacceria San Francesco' 'Dmail-Percassi']"
6447;['Employerland'];"['Calzedonia' 'Rinascente' 'Luxottica' 'Eurobet Italia'
 'Philip Morris Italia']"
6450;['Bricoman Italia'];['RED' 'Antica Focacceria San Francesco' 'Cellularline' 'EVERIS' 'Siemens']
6452;['Bricoman Italia'];['Employerland' 'Calzedonia' 'Eurobet Italia' 'Rinascente' 'Luxottica']
6454;['Bricoman Italia'];['Employerland' 'EVERIS' 'Roche UK' 'Luxottica' 'Dmail-Percassi']
6456;['Employerland'];['Chiesi Group' 'Sanofi SpA' 'Roche' 'Angelini' 'Bristol-Myers Squibb']
6459;['Employerland'];"['Roche UK' ""Victoria's secret - Percassi "" 'EVERIS'
 'Antica Focacceria San Francesco' 'Dmail-Percassi']"
6463;"['Calzedonia' 'Employerland' 'Elica' 'Lidl Italia' 'Lottomatica'
 'Aeroporti di Roma']";"['Eurobet Italia' 'Rinascente' 'Luxottica' 'Philip Morris Italia'
 'Bricocenter Italia']"
6466;['Employerland'];"['Calzedonia' 'Rinascente' 'Eurobet Italia' 'Luxottica'
 'Philip Morris Italia']"
6467;['Employerland'];"['Roche UK' ""Victoria's secret - Percassi "" 'EVERIS'
 'Antica Focacceria San Francesco' 'Dmail-Percassi']"
6469;['Lidl Italia'];"[""Victoria's secret - Percassi "" 'Roche UK' 'Gi Group' 'SMOOTH HOTELS'
 'Dmail-Percassi']"
6476;['Whirlpool'];['Employerland' 'Calzedonia' 'Eurobet Italia' 'Rinascente' 'Luxottica']
6480;"['EY' 'Whirlpool' 'Unilever' 'Elica' 'Employerland' 'Roche'
 'Aeroporti di Roma']";"['Roche UK' ""Victoria's secret - Percassi "" 'EVERIS'
 'Antica Focacceria San Francesco' 'Dmail-Percassi']"
6482;['RAI' 'Microsoft' 'Unilever' 'Employerland' 'Roche' 'Lottomatica'];"[""Victoria's secret - Percassi "" 'Roche UK' 'SMOOTH HOTELS' 'Open Fiber'
 'Gi Group']"
6486;['Employerland'];"['Amplifon' 'NTT DATA Italia' 'Siemens' 'Carrefour Italia'
 'Eurobet Italia']"
6488;['Employerland'];"['Amplifon' 'Carrefour Italia' 'NTT DATA Italia' 'Vente-Privee - Privalia'
 'Rinascente']"
6491;['Employerland'];['Sanofi SpA' 'UniCredit' 'Chiesi Group' 'SAP' 'Luxottica']
6492;['Employerland'];"['Ferrovie dello Stato Italiane' 'SAP' 'Salini Impregilo' 'Snam'
 'Wind Tre']"
6494;['Employerland'];['Sanofi SpA' 'Chiesi Group' 'Roche' 'Mars Italia' 'Angelini']
6496;['Employerland'];['PwC' 'UniCredit' 'Deloitte' 'Eurobet Italia' 'Capgemini']
6500;['Employerland'];['Vente-Privee - Privalia' 'INDRA' 'Mars Italia' 'Amplifon' 'QiBit']
6507;['Employerland'];"['Amplifon' 'Carrefour Italia' 'NTT DATA Italia' 'Rinascente'
 ""Victoria's secret - Percassi ""]"
6508;['Employerland'];['Carrefour Italia' 'Amplifon' 'Deloitte' 'UniCredit' 'Capgemini']
6512;['Employerland'];['Capgemini' 'Siemens' 'AST - ThyssenKrupp' 'INDRA' 'Cellularline']
6515;['Employerland'];['PwC' 'Eurobet Italia' 'Cerved' 'Capgemini' 'Deloitte']
6516;['Bosch' 'EY' 'Employerland' 'Università Europea di Roma'];['Sanofi SpA' 'Chiesi Group' 'Roche' 'Mars Italia' 'Snam']
6518;['Employerland'];"['Luxottica' 'Mars Italia' 'UniCredit' 'Vente-Privee - Privalia'
 'Wind Tre']"
6519;['Employerland'];"['Vente-Privee - Privalia' 'Carrefour Italia' 'Mars Italia' 'Capgemini'
 'Amplifon']"
6520;['Employerland'];"[""Victoria's secret - Percassi "" 'Roche UK' 'EVERIS' 'Gi Group'
 'Antica Focacceria San Francesco']"
6523;['Employerland'];['MAG HOTELS' 'Gi Group Horeca' 'SMOOTH HOTELS' 'FRONERI' 'MOOD HOTELS']
6526;['Employerland'];['SAP' 'QiBit' 'INDRA' 'Rinascente' 'Würth Srl ']
6530;['Employerland'];['PwC' 'Deloitte' 'UniCredit' 'Capgemini' 'EY']
6535;['Employerland'];"['Wind Tre' 'Lottomatica' 'Open Fiber' 'Ferrovie dello Stato Italiane'
 'Deloitte']"
6537;"['Microsoft' 'Leroy Merlin' 'RAI' 'Aeroporti di Roma' 'Unilever'
 'Employerland' 'Elica' 'EY' 'Roche' 'Lottomatica' 'Tech Data']";"['NTT DATA Italia' 'Amplifon' 'Carrefour Italia' 'UniCredit'
 'Vente-Privee - Privalia']"
6538;['Employerland'];['Johnson & Johnson' 'Bosch' 'Roche UK' 'EVERIS' 'Würth Srl ']
6540;['Employerland'];"['Antica Focacceria San Francesco' 'RED' 'MOOD HOTELS' 'FRONERI'
 'SMOOTH HOTELS']"
6541;['EY' 'Datalogic'];['Università Europea di Roma' 'Tech Data' 'Cerved' 'FRONERI' 'Roche UK']
6548;['Employerland'];"[""Victoria's secret - Percassi "" 'Johnson & Johnson' 'Roche UK' 'EVERIS'
 'Gi Group']"
6553;['Employerland'];['Siemens' 'Vente-Privee - Privalia' 'Rinascente' 'Mars Italia' 'FRONERI']
6556;['Employerland'];['Luxottica' 'NTT DATA Italia' 'Open Fiber' 'Würth Srl ' 'UniCredit']
6561;['Employerland'];"['Amplifon' 'NTT DATA Italia' 'Carrefour Italia' 'Vente-Privee - Privalia'
 'INDRA']"
6563;['Employerland'];['Università Europea di Roma' 'EY' 'PwC' 'Deloitte' 'Tech Data']
6564;['EY'];"['Johnson & Johnson' ""Victoria's secret - Percassi "" 'Roche UK' 'EVERIS'
 'Gi Group']"
6566;['Employerland'];"[""Victoria's secret - Percassi "" 'Roche UK' 'Cellularline' 'EVERIS'
 'Gi Group']"
6567;['Elica' 'Employerland' 'EY' 'Whirlpool' 'Tech Data'];['Università Europea di Roma' 'PwC' 'Deloitte' 'Kpmg' 'FRONERI']
6581;['Employerland'];['Luxottica' 'NTT DATA Italia' 'UniCredit' 'Würth Srl ' 'EVERIS']
6585;['Unilever' 'Lottomatica'];"['Amplifon' 'NTT DATA Italia' 'Carrefour Italia' 'Vente-Privee - Privalia'
 'INDRA']"
6595;['Employerland'];"['Amplifon' 'INDRA' 'NTT DATA Italia' 'Vente-Privee - Privalia'
 'Capgemini']"
6596;['Employerland'];"['Ferrovie dello Stato Italiane' 'Luxottica' 'UniCredit' 'Pirelli'
 'Open Fiber']"
6604;['Employerland'];"[""Victoria's secret - Percassi "" 'NTT DATA Italia' 'Roche UK'
 'Cellularline' 'Open Fiber']"
6606;['Employerland'];['PwC' 'Eurobet Italia' 'Capgemini' 'Cerved' 'Deloitte']
6610;['EY' 'Microsoft' 'Lottomatica' 'Unilever' 'Employerland' 'Elica'];"['Luxottica' 'Mars Italia' 'Vente-Privee - Privalia' 'UniCredit'
 'Würth Srl ']"
6612;['Employerland'];['UniCredit' 'Carrefour Italia' 'Luxottica' 'NTT DATA Italia' 'Würth Srl ']
6613;"['Unilever' 'Microsoft' 'RAI' 'Aeroporti di Roma' 'Lottomatica'
 'Employerland' 'Roche' 'EY' 'Università Europea di Roma']";"['Mars Italia' 'Vente-Privee - Privalia' 'Luxottica' 'Capgemini'
 'Sanofi SpA']"
6614;['Employerland'];"['Rinascente' 'Vente-Privee - Privalia' 'Luxottica' 'Mars Italia'
 'Carrefour Italia']"
6616;['Employerland' 'EY'];"['Mars Italia' 'Luxottica' 'Vente-Privee - Privalia'
 'Ferrovie dello Stato Italiane' 'Wind Tre']"
6617;['Employerland'];"['Ferrovie dello Stato Italiane' 'Salini Impregilo' 'Lottomatica'
 'Open Fiber' 'Pirelli']"
6620;['Employerland'];"['Carrefour Italia' 'Vente-Privee - Privalia' 'Rinascente' 'Mars Italia'
 'Amplifon']"
6628;"['Whirlpool' 'Leroy Merlin' 'Unilever' 'Aeroporti di Roma' 'Microsoft'
 'Roche' 'Tech Data' 'RAI']";['Sanofi SpA' 'Chiesi Group' 'Mars Italia' 'Siemens' 'NTT DATA Italia']
6630;['Employerland'];['INDRA' 'Capgemini' 'Sanofi SpA' 'Mars Italia' 'Amplifon']
6633;['Employerland'];"['Mars Italia' 'Vente-Privee - Privalia' 'Rinascente' 'Capgemini'
 'Sanofi SpA']"
6634;['Employerland'];"['Pirelli' 'Luxottica' 'Mars Italia' 'Philip Morris Italia'
 'Vente-Privee - Privalia']"
6637;['Employerland'];"['Ferrovie dello Stato Italiane' 'Salini Impregilo' 'Lottomatica'
 'Open Fiber' 'Pirelli']"
6638;['Microsoft' 'Elica' 'Employerland' 'Aeroporti di Roma'];"['Vente-Privee - Privalia' 'Amplifon' 'Mars Italia' 'Rinascente'
 'Carrefour Italia']"
6641;['Employerland'];"['Luxottica' 'UniCredit' 'Würth Srl ' 'NTT DATA Italia'
 'Vente-Privee - Privalia']"
6646;['Employerland'];"[""Victoria's secret - Percassi "" 'EVERIS' 'Roche UK' 'Gi Group'
 'Open Fiber']"
6655;['Employerland'];['PwC' 'Deloitte' 'Capgemini' 'Kpmg' 'UniCredit']
6665;['Employerland'];"['NTT DATA Italia' ""Victoria's secret - Percassi "" 'Roche UK' 'Gi Group'
 'Siemens']"
6667;['Employerland'];['AST - ThyssenKrupp' 'Siemens' 'Würth Srl ' 'Capgemini' 'Pirelli']
6668;['Employerland'];"['Salini Impregilo' 'Snam' 'Siram' 'AST - ThyssenKrupp'
 'Ferrovie dello Stato Italiane']"
6669;['Employerland'];"[""Victoria's secret - Percassi "" 'Roche UK' 'Gi Group' 'Lego-Percassi'
 'EVERIS']"
6670;['Aeroporti di Roma' 'EY' 'Employerland' 'RAI'];"['Mars Italia' 'Luxottica' 'Vente-Privee - Privalia' 'Capgemini'
 'UniCredit']"
6671;['Employerland'];['Mars Italia' 'Vente-Privee - Privalia' 'Rinascente' 'Capgemini' 'Cerved']
6672;['Employerland'];"[""Victoria's secret - Percassi "" 'Roche UK' 'Gi Group' 'Dmail-Percassi'
 'Antica Focacceria San Francesco']"
6682;['Employerland'];"['Amplifon' 'NTT DATA Italia' 'Carrefour Italia' 'Vente-Privee - Privalia'
 'INDRA']"
6683;['Elica' 'Leroy Merlin' 'Aeroporti di Roma'];"['Amplifon' 'NTT DATA Italia' 'Carrefour Italia' 'UniCredit'
 'Vente-Privee - Privalia']"
6687;['Employerland'];['Sanofi SpA' 'Chiesi Group' 'Roche' 'Mars Italia' 'Johnson & Johnson']
6689;"['Datalogic' 'Elica' 'Aeroporti di Roma' 'Bosch' 'EY' 'RAI' 'Employerland'
 'Leroy Merlin' 'Würth Srl ']";['Siemens' 'QiBit' 'Cellularline' 'Pirelli' 'Capgemini']
6692;['Employerland'];['Luxottica' 'NTT DATA Italia' 'UniCredit' 'Würth Srl ' 'Pirelli']
6693;['Employerland'];"['NTT DATA Italia' 'UniCredit' 'Luxottica' 'SMOOTH HOTELS'
 ""Victoria's secret - Percassi ""]"
6695;['Employerland'];['UniCredit' 'Luxottica' 'NTT DATA Italia' 'Carrefour Italia' 'Würth Srl ']
6700;['Employerland'];"['Cerved' 'Capgemini' ""Victoria's secret - Percassi "" 'Roche UK'
 'Dmail-Percassi']"
6707;['Aeroporti di Roma' 'Tech Data' 'Microsoft' 'Roche' 'EY'];['Università Europea di Roma' 'PwC' 'Kpmg' 'Deloitte' 'Whirlpool']
6712;['Employerland'];['Sanofi SpA' 'AST - ThyssenKrupp' 'Chiesi Group' 'Roche' 'Mars Italia']
6716;['Employerland'];['UniCredit' 'Luxottica' 'Carrefour Italia' 'Würth Srl ' 'NTT DATA Italia']
6724;['Employerland'];"['Vente-Privee - Privalia' 'Mars Italia' 'Rinascente' 'Amplifon'
 'Carrefour Italia']"
6728;['Employerland'];['Pirelli' 'Philip Morris Italia' 'Siemens' 'Findus' 'NTT DATA Italia']
6730;['Employerland'];['Sanofi SpA' 'Chiesi Group' 'Roche' 'Mars Italia' 'Snam']
6732;['Employerland'];['SAP' 'UniCredit' 'QiBit' 'NTT DATA Italia' 'INDRA']
6740;['Unilever' 'Employerland' 'EY' 'RAI' 'Aeroporti di Roma'];"[""Victoria's secret - Percassi "" 'Roche UK' 'EVERIS' 'Gi Group'
 'Antica Focacceria San Francesco']"
6745;['Employerland' 'EY'];['Sanofi SpA' 'Chiesi Group' 'Roche' 'Mars Italia' 'Luxottica']
6748;['Elica' 'EY'];"['Johnson & Johnson' 'Roche UK' ""Victoria's secret - Percassi "" 'Gi Group'
 'EVERIS']"
6751;['Employerland'];['Sanofi SpA' 'Chiesi Group' 'Roche' 'Mars Italia' 'Johnson & Johnson']
6759;['EY' 'Lottomatica'];['Rinascente' 'Carrefour Italia' 'Salini Impregilo' 'UniCredit' 'Snam']
6767;['Employerland'];['Sanofi SpA' 'Chiesi Group' 'Mars Italia' 'Roche' 'NTT DATA Italia']
6775;['Roche'];"['Roche UK' 'EVERIS' ""Victoria's secret - Percassi "" 'FRONERI' 'Gi Group']"
6778;['Università Europea di Roma' 'Roche' 'EY'];['UniCredit' 'Luxottica' 'NTT DATA Italia' 'Carrefour Italia' 'Würth Srl ']
6786;['Employerland'];"['Würth Srl ' 'AST - ThyssenKrupp' 'Luxottica' 'UniCredit'
 'Johnson & Johnson']"
6789;['Employerland'];"['Würth Srl ' 'UniCredit' 'Luxottica' 'AST - ThyssenKrupp'
 'Carrefour Italia']"
6808;['Employerland'];['UniCredit' 'Deloitte' 'PwC' 'Luxottica' 'Würth Srl ']
6812;['Employerland'];['Snam' 'Siram' 'Salini Impregilo' 'MOOD HOTELS' 'EVERIS']
6813;['Bosch' 'Employerland' 'EY'];['Capgemini' 'INDRA' 'Amplifon' 'AST - ThyssenKrupp' 'PwC']
6818;['Employerland'];"['Lego-Percassi' ""Victoria's secret - Percassi "" 'Roche UK' 'Gi Group'
 'FRONERI']"
6821;['RAI' 'Unilever' 'Employerland'];['Würth Srl ' 'AST - ThyssenKrupp' 'Luxottica' 'UniCredit' 'Lidl Italia']
6832;['Employerland'];"[""Victoria's secret - Percassi "" 'Roche UK' 'EVERIS' 'Gi Group'
 'Antica Focacceria San Francesco']"
6833;['Employerland' 'Leroy Merlin'];['Sanofi SpA' 'Mars Italia' 'Chiesi Group' 'Snam' 'Salini Impregilo']
6841;['RAI' 'Aeroporti di Roma' 'Employerland'];['Snam' 'Siram' 'Salini Impregilo' 'Ferrovie dello Stato Italiane' 'SAP']
6844;['Employerland'];['UniCredit' 'Carrefour Italia' 'NTT DATA Italia' 'Capgemini' 'PwC']
6862;['Employerland'];['Lidl Italia' 'Bricocenter Italia' 'Decathlon' 'Kpmg' 'Würth Srl ']
6864;['Leroy Merlin' 'Aeroporti di Roma'];['INDRA' 'Capgemini' 'Vente-Privee - Privalia' 'Mars Italia' 'Amplifon']
6868;['Employerland'];['Sanofi SpA' 'Chiesi Group' 'Roche' 'Mars Italia' 'Johnson & Johnson']
6869;['Employerland'];"['Mars Italia' 'Vente-Privee - Privalia' 'Sanofi SpA' 'Rinascente'
 'Capgemini']"
6876;['RAI' 'Lottomatica' 'Employerland'];['Snam' 'Siram' 'Salini Impregilo' 'SAP' 'MOOD HOTELS']
6879;['Employerland'];"['Luxottica' 'Würth Srl ' 'Vente-Privee - Privalia' 'UniCredit'
 'AST - ThyssenKrupp']"
6885;['Whirlpool' 'Elica' 'Roche' 'EY' 'Aeroporti di Roma'];"['Vente-Privee - Privalia' 'Deloitte' 'Mars Italia' 'Luxottica'
 'Rinascente']"
6888;['Employerland'];['UniCredit' 'Carrefour Italia' 'Luxottica' 'Würth Srl ' 'NTT DATA Italia']
6893;['RAI' 'Leroy Merlin' 'EY' 'Employerland' 'Microsoft'];"[""Victoria's secret - Percassi "" 'Roche UK' 'Gi Group' 'Lego-Percassi'
 'EVERIS']"
6894;['Aeroporti di Roma' 'Unilever' 'Employerland' 'Lottomatica'];['Snam' 'Lidl Italia' 'Eurobet Italia' 'Carrefour Italia' 'Rinascente']
6897;['Employerland'];['Sanofi SpA' 'Chiesi Group' 'Roche' 'Mars Italia' 'Snam']
6904;['Employerland'];"['Vente-Privee - Privalia' 'Amplifon' 'Rinascente' 'Carrefour Italia'
 'Mars Italia']"
6908;['Employerland'];"['Vente-Privee - Privalia' 'Mars Italia' 'Rinascente' 'Amplifon'
 'Carrefour Italia']"
6913;['Employerland'];"['Mars Italia' 'Vente-Privee - Privalia' 'Sanofi SpA' 'Capgemini'
 'Rinascente']"
6915;['Lottomatica' 'RAI' 'Microsoft' 'Employerland'];['Sanofi SpA' 'Lidl Italia' 'Chiesi Group' 'Siemens' 'Bricocenter Italia']
6917;['Whirlpool'];['Luxottica' 'UniCredit' 'NTT DATA Italia' 'Würth Srl ' 'Carrefour Italia']
6918;['Whirlpool'];['SMOOTH HOTELS' 'MAG HOTELS' 'Gi Group Horeca' 'MOOD HOTELS' 'FRONERI']
6922;['Unilever' 'EY' 'RAI' 'Microsoft' 'Elica' 'Aeroporti di Roma'];['Snam' 'Siram' 'Salini Impregilo' 'Ferrovie dello Stato Italiane' 'SAP']
6931;['Employerland'];['Sanofi SpA' 'Chiesi Group' 'Snam' 'Salini Impregilo' 'Roche']
6938;['RAI' 'Lottomatica' 'Aeroporti di Roma'];['Snam' 'Siram' 'Sanofi SpA' 'Salini Impregilo' 'EVERIS']
6944;['Employerland'];['Snam' 'Salini Impregilo' 'Siram' 'Ferrovie dello Stato Italiane' 'SAP']
6945;['Employerland'];['NTT DATA Italia' 'Amplifon' 'Luxottica' 'QiBit' 'INDRA']
6956;['Bosch' 'EY' 'Aeroporti di Roma'];['AST - ThyssenKrupp' 'Siram' 'Snam' 'Salini Impregilo' 'Sanofi SpA']
6961;['Aeroporti di Roma' 'RAI' 'Elica' 'Employerland'];['Snam' 'Siram' 'Salini Impregilo' 'SAP' 'MOOD HOTELS']
6967;['Employerland'];['Capgemini' 'INDRA' 'AST - ThyssenKrupp' 'Siemens' 'Mars Italia']
6972;['Employerland'];['QiBit' 'SAP' 'INDRA' 'NTT DATA Italia' 'Rinascente']
6975;"['Elica' 'Lottomatica' 'Aeroporti di Roma' 'Microsoft' 'RAI' 'Bosch'
 'Employerland' 'Roche']";['INDRA' 'QiBit' 'Capgemini' 'Amplifon' 'SAP']
6982;['Aeroporti di Roma' 'RAI' 'Employerland'];"['Mars Italia' 'Vente-Privee - Privalia' 'Capgemini' 'Rinascente'
 'Sanofi SpA']"
6996;['Employerland'];['Siemens' 'Cellularline' 'Capgemini' 'FRONERI' 'AST - ThyssenKrupp']
6998;"['Unilever' 'Lottomatica' 'EY' 'Elica' 'Whirlpool' 'Bosch' 'Roche'
 'Employerland' 'Aeroporti di Roma']";"['NTT DATA Italia' ""Victoria's secret - Percassi "" 'Roche UK' 'Gi Group'
 'Siemens']"
6999;['Employerland'];['Sanofi SpA' 'Chiesi Group' 'Roche' 'Angelini' 'Mars Italia']
7001;['Employerland'];['Deloitte' 'Kpmg' 'Accenture' 'Capgemini' 'PwC']
7003;"['Microsoft' 'EY' 'Lottomatica' 'Lidl Italia' 'PwC' 'Cerved'
 'Gi Group Horeca' 'Employerland' 'Roche' 'Elica' 'Wind Tre']";"['Amplifon' 'Carrefour Italia' 'NTT DATA Italia' 'Eurobet Italia'
 'Vente-Privee - Privalia']"
7005;['Lottomatica'];['Lidl Italia' 'Rinascente' 'Lego-Percassi' 'FRONERI' 'Nike-Percassi']
7006;['Employerland'];['Siemens' 'Pirelli' 'Sanofi SpA' 'AST - ThyssenKrupp' 'Salini Impregilo']
7008;['Lottomatica' 'Employerland' 'EY'];['Sanofi SpA' 'Chiesi Group' 'Roche' 'Mars Italia' 'Snam']
7012;['Employerland'];['SAP' 'QiBit' 'INDRA' 'Snam' 'Rinascente']
7014;['Employerland' 'Roche'];"['UniCredit' 'Luxottica' 'NTT DATA Italia' 'Carrefour Italia'
 'MOOD HOTELS']"
7015;['Aeroporti di Roma' 'RAI'];['INDRA' 'QiBit' 'AST - ThyssenKrupp' 'SAP' 'Capgemini']
7018;['Employerland'];['Siemens' 'Eurobet Italia' 'Cellularline' 'FRONERI' 'Pirelli']
7026;['EY' 'Lottomatica' 'Employerland'];"['Ferrovie dello Stato Italiane' 'Salini Impregilo' 'Open Fiber' 'Pirelli'
 'Wind Tre']"
7031;['Pirelli'];['NTT DATA Italia' 'Amplifon' 'Luxottica' 'INDRA' 'QiBit']
7034;['Employerland'];['Snam' 'Siram' 'Salini Impregilo' 'Ferrovie dello Stato Italiane' 'SAP']
7035;['Employerland'];"['Pirelli' 'Philip Morris Italia' 'Salini Impregilo' 'Siemens'
 'Ferrovie dello Stato Italiane']"
7044;['Employerland'];['Snam' 'Salini Impregilo' 'Siram' 'Ferrovie dello Stato Italiane' 'SAP']
7054;['Employerland'];"['Würth Srl ' 'Ferrovie dello Stato Italiane' 'UniCredit'
 'Salini Impregilo' 'Luxottica']"
7056;['Employerland'];['QiBit' 'SAP' 'INDRA' 'Rinascente' 'Würth Srl ']
7065;['Employerland' 'Lottomatica'];['Capgemini' 'INDRA' 'Luxottica' 'AST - ThyssenKrupp' 'UniCredit']
7068;['Employerland'];['SAP' 'QiBit' 'Siemens' 'INDRA' 'Cellularline']
7073;['Employerland'];['NTT DATA Italia' 'Siemens' 'Philip Morris Italia' 'Pirelli' 'Luxottica']
7076;['Calzedonia' 'Lidl Italia'];"[""Victoria's secret - Percassi "" 'Roche UK' 'Gi Group' 'Lego-Percassi'
 'EVERIS']"
7080;['EY'];['Capgemini' 'INDRA' 'SAP' 'PwC' 'Deloitte']
7088;"['Bosch' 'Elica' 'Johnson & Johnson' 'RAI' 'Calzedonia'
 'Aeroporti di Roma' 'Lottomatica' 'EY' 'Leroy Merlin' 'Microsoft'
 'Ferrovie dello Stato Italiane' 'Whirlpool' 'Unilever' 'Angelini'
 'Accenture' 'Employerland' 'Deloitte' 'Roche' 'MSD Italia' 'Chiesi Group'
 'Kpmg' 'Bristol-Myers Squibb']";"[""Victoria's secret - Percassi "" 'Roche UK' 'EVERIS' 'Gi Group'
 'Antica Focacceria San Francesco']"
7090;['EY' 'Whirlpool' 'Unilever' 'Aeroporti di Roma'];['NTT DATA Italia' 'Amplifon' 'Carrefour Italia' 'Luxottica' 'UniCredit']
7092;['Lottomatica'];"['Siram' ""Victoria's secret - Percassi "" 'Roche UK' 'Gi Group'
 'MOOD HOTELS']"
7093;['Lottomatica' 'Employerland' 'Lidl Italia'];"['Amplifon' 'NTT DATA Italia' 'Carrefour Italia' 'Vente-Privee - Privalia'
 'INDRA']"
7094;"['EY' 'Bosch' 'Elica' 'Microsoft' 'Calzedonia' 'Lottomatica'
 'Aeroporti di Roma' 'Datalogic' 'RAI' 'YOOX NET-A-PORTER GROUP'
 'Lidl Italia' 'Università Europea di Roma' 'Roche']";['Vente-Privee - Privalia' 'INDRA' 'Mars Italia' 'Amplifon' 'Capgemini']
7100;['Employerland'];['Luxottica' 'NTT DATA Italia' 'UniCredit' 'Würth Srl ' 'EVERIS']
7101;['Leroy Merlin' 'EY' 'Lottomatica'];['QiBit' 'SAP' 'INDRA' 'Rinascente' 'Vente-Privee - Privalia']
7102;['EY' 'Microsoft' 'Datalogic' 'Tech Data'];['Mars Italia' 'Luxottica' 'Vente-Privee - Privalia' 'Cerved' 'Sanofi SpA']
7104;"['Bosch' 'EY' 'RAI' 'Lottomatica' 'Roche' 'Università Europea di Roma'
 'Aeroporti di Roma']";['Rinascente' 'Mars Italia' 'Vente-Privee - Privalia' 'PwC' 'QiBit']
7105;['Lidl Italia'];['Capgemini' 'Deloitte' 'PwC' 'UniCredit' 'INDRA']
7107;['RAI' 'Microsoft' 'Aeroporti di Roma' 'Employerland' 'Roche'];['Sanofi SpA' 'Chiesi Group' 'Mars Italia' 'Johnson & Johnson' 'Snam']
7108;['Employerland'];['Snam' 'Siram' 'Salini Impregilo' 'SAP' 'Ferrovie dello Stato Italiane']
7111;['Employerland'];"['Johnson & Johnson' 'Roche UK' 'Bosch' 'EVERIS'
 ""Victoria's secret - Percassi ""]"
7122;['Employerland'];['Eurobet Italia' 'PwC' 'Snam' 'Cellularline' 'Siemens']
7125;['Aeroporti di Roma' 'Lottomatica' 'Employerland'];"['Rinascente' 'Vente-Privee - Privalia' 'Carrefour Italia' 'Mars Italia'
 'Würth Srl ']"
7126;"['Employerland' 'Whirlpool' 'Roche' 'Leroy Merlin' 'Datalogic'
 'Aeroporti di Roma']";['Deloitte' 'Capgemini' 'Kpmg' 'EVERIS' 'Cellularline']
7131;['Employerland'];"['Sanofi SpA' ""Victoria's secret - Percassi "" 'Roche UK' 'NTT DATA Italia'
 'Gi Group']"
7140;['EY' 'Unilever' 'RAI' 'Aeroporti di Roma'];['Snam' 'Salini Impregilo' 'Siram' 'Ferrovie dello Stato Italiane' 'SAP']
7141;['Whirlpool'];['Sanofi SpA' 'Chiesi Group' 'Roche' 'Angelini' 'Bristol-Myers Squibb']
7144;['Lottomatica' 'Employerland'];['SAP' 'QiBit' 'Rinascente' 'Snam' 'Salini Impregilo']
7146;['Johnson & Johnson'];"['Cerved' 'Capgemini' ""Victoria's secret - Percassi "" 'Roche UK'
 'Gi Group']"
7154;['Bosch' 'Employerland'];"['Rinascente' 'Vente-Privee - Privalia' ""Victoria's secret - Percassi ""
 'QiBit' 'Roche UK']"
7162;['Employerland'];['Sanofi SpA' 'Chiesi Group' 'Roche' 'Johnson & Johnson' 'Angelini']
7165;['Aeroporti di Roma' 'Employerland'];['INDRA' 'Capgemini' 'QiBit' 'AST - ThyssenKrupp' 'SAP']
7166;['Employerland'];"['Salini Impregilo' 'Snam' 'Ferrovie dello Stato Italiane' 'Siram'
 'Pirelli']"
7168;['Employerland'];"['Sanofi SpA' 'Chiesi Group' 'Mars Italia' ""Victoria's secret - Percassi ""
 'NTT DATA Italia']"
7173;['Roche' 'Whirlpool'];['NTT DATA Italia' 'SAP' 'QiBit' 'Siemens' 'INDRA']
7191;"['Bosch' 'Ferrovie dello Stato Italiane' 'EY' 'Roche' 'Calzedonia'
 'Leroy Merlin' 'Lottomatica' 'RAI' 'Findus' 'Tech Data' 'Employerland'
 'Lidl Italia' 'Angelini' 'MSD Italia' 'Deloitte' 'Decathlon'
 'Bristol-Myers Squibb']";['Sanofi SpA' 'Chiesi Group' 'Mars Italia' 'Snam' 'Siemens']
7194;"['Elica' 'Aeroporti di Roma' 'Microsoft' 'Tech Data' 'Whirlpool'
 'Università Europea di Roma' 'Lottomatica' 'RAI']";"['Salini Impregilo' 'Snam' 'Siram' 'Ferrovie dello Stato Italiane'
 'AST - ThyssenKrupp']"
7196;['Whirlpool' 'Employerland'];"['Sanofi SpA' ""Victoria's secret - Percassi "" 'Roche UK' 'NTT DATA Italia'
 'Gi Group']"
7201;"['EY' 'Elica' 'Leroy Merlin' 'Whirlpool' 'Tech Data' 'RAI'
 'Aeroporti di Roma' 'Unilever' 'Employerland' 'Lidl Italia' 'Datalogic'
 'Roche' 'Microsoft' 'Università Europea di Roma' 'Bosch']";"['Salini Impregilo' 'Snam' 'Siram' 'Ferrovie dello Stato Italiane'
 'AST - ThyssenKrupp']"
7202;"['Siemens' 'Wind Tre' 'Bosch' 'Employerland' 'Elica' 'EY' 'Datalogic'
 'NTT DATA Italia' 'Accenture' 'PwC' 'Calzedonia' 'Cellularline' 'QiBit'
 'Cerved']";"['Salini Impregilo' 'Snam' 'Ferrovie dello Stato Italiane' 'Siram'
 'Pirelli']"
7203;['Employerland'];['Sanofi SpA' 'Chiesi Group' 'Roche' 'Mars Italia' 'Johnson & Johnson']
7213;['Employerland'];['Deloitte' 'PwC' 'Kpmg' 'EY' 'Capgemini']
7215;['Unilever' 'Employerland'];['UniCredit' 'Luxottica' 'Carrefour Italia' 'NTT DATA Italia' 'Würth Srl ']
7216;['RAI' 'Aeroporti di Roma' 'EY' 'Employerland' 'Elica'];"['Carrefour Italia' 'Eurobet Italia' 'MOOD HOTELS' 'Snam'
 'Salini Impregilo']"
7221;['EY' 'Unilever' 'Aeroporti di Roma' 'RAI' 'Leroy Merlin' 'Microsoft'];['QiBit' 'SAP' 'INDRA' 'NTT DATA Italia' 'EVERIS']
7226;['EY' 'Elica' 'Lottomatica'];"['Siram' ""Victoria's secret - Percassi "" 'Salini Impregilo'
 'NTT DATA Italia' 'Roche UK']"
7229;['Employerland'];['FRONERI' 'MAG HOTELS' 'Gi Group Horeca' 'Open Fiber' 'Siemens']
7233;['Employerland'];['PwC' 'EY' 'Eurobet Italia' 'SAP' 'UniCredit']
7234;['Employerland'];"['Rinascente' 'Vente-Privee - Privalia' 'Mars Italia' 'Carrefour Italia'
 'QiBit']"
7236;['Whirlpool' 'Microsoft' 'EY' 'Employerland' 'Roche'];['Snam' 'Siram' 'Salini Impregilo' 'Ferrovie dello Stato Italiane' 'SAP']
7237;['Employerland'];"['Ferrovie dello Stato Italiane' 'UniCredit' 'Salini Impregilo' 'Wind Tre'
 'Snam']"
7238;['Employerland' 'Elica' 'Lottomatica'];"['Ferrovie dello Stato Italiane' 'Salini Impregilo' 'Open Fiber' 'Pirelli'
 'Wind Tre']"
7240;['Elica' 'Employerland'];['PwC' 'Eurobet Italia' 'Capgemini' 'Cerved' 'Deloitte']
7241;"['Elica' 'Lottomatica' 'Aeroporti di Roma' 'EY' 'Whirlpool' 'Roche'
 'Datalogic']";['Sanofi SpA' 'Chiesi Group' 'Mars Italia' 'Snam' 'Johnson & Johnson']
7242;['Elica' 'EY'];['UniCredit' 'Luxottica' 'Carrefour Italia' 'Würth Srl ' 'NTT DATA Italia']
7246;['Employerland' 'RAI' 'Whirlpool'];['Sanofi SpA' 'Chiesi Group' 'Roche' 'Mars Italia' 'Snam']
7247;['Employerland'];['UniCredit' 'Luxottica' 'Carrefour Italia' 'NTT DATA Italia' 'Würth Srl ']
7249;"['RAI' 'Elica' 'Unilever' 'EY' 'Lottomatica' 'Roche' 'Leroy Merlin'
 'Microsoft']";"['Open Fiber' ""Victoria's secret - Percassi "" 'SMOOTH HOTELS' 'Roche UK'
 'Gi Group']"
7250;['Employerland'];"['Rinascente' 'Vente-Privee - Privalia' ""Victoria's secret - Percassi ""
 'QiBit' 'Roche UK']"
7251;['Employerland' 'Elica' 'Leroy Merlin' 'Lottomatica' 'Whirlpool'];"['Salini Impregilo' 'Snam' 'Ferrovie dello Stato Italiane' 'Siram'
 'Pirelli']"
7254;['Employerland'];['Luxottica' 'UniCredit' 'NTT DATA Italia' 'Würth Srl ' 'Carrefour Italia']
7256;['RAI' 'Aeroporti di Roma' 'Employerland' 'Università Europea di Roma'];['NTT DATA Italia' 'QiBit' 'Amplifon' 'INDRA' 'SAP']
7258;['Elica' 'Unilever'];"['Rinascente' 'Vente-Privee - Privalia' 'Carrefour Italia' 'Würth Srl '
 'Employerland']"
7259;['Elica' 'Microsoft' 'EY' 'Employerland' 'RAI'];"['Luxottica' 'NTT DATA Italia' 'UniCredit' 'Würth Srl '
 'Vente-Privee - Privalia']"
7260;['Lottomatica' 'Elica'];"['Ferrovie dello Stato Italiane' 'Salini Impregilo' 'Snam' 'UniCredit'
 'Pirelli']"
7262;['EY' 'Elica' 'Accenture' 'Employerland' 'Lottomatica'];"[""Victoria's secret - Percassi "" 'Roche UK'
 'Antica Focacceria San Francesco' 'Gi Group' 'EVERIS']"
7265;['Elica' 'EY'];"['Open Fiber' 'Wind Tre' 'Lottomatica' 'Ferrovie dello Stato Italiane'
 'FRONERI']"
7266;['Elica' 'EY' 'Unilever' 'Microsoft' 'Aeroporti di Roma' 'RAI'];"['Open Fiber' 'Wind Tre' 'Carrefour Italia' 'Rinascente'
 'Ferrovie dello Stato Italiane']"
7267;['EY' 'Lottomatica'];"['Sanofi SpA' 'Chiesi Group' 'Mars Italia' ""Victoria's secret - Percassi ""
 'NTT DATA Italia']"
7268;['Roche' 'EY'];"[""Victoria's secret - Percassi "" 'Roche UK' 'Gi Group' 'Lego-Percassi'
 'EVERIS']"
7271;['Elica' 'RAI' 'Unilever' 'EY' 'Datalogic' 'Aeroporti di Roma'];"['Rinascente' 'Würth Srl ' 'Salini Impregilo' 'Snam'
 'Vente-Privee - Privalia']"
7276;"['Elica' 'Microsoft' 'Roche' 'Leroy Merlin' 'EY' 'RAI' 'Aeroporti di Roma'
 'Lottomatica' 'Employerland']";['Eurobet Italia' 'PwC' 'Cellularline' 'Siemens' 'EVERIS']
7278;['Elica' 'Bosch' 'Lottomatica'];['UniCredit' 'Deloitte' 'PwC' 'Capgemini' 'Luxottica']
7279;"['Lottomatica' 'Unilever' 'Microsoft' 'Leroy Merlin' 'RAI' 'Roche'
 'Employerland']";"['Ferrovie dello Stato Italiane' 'Open Fiber' 'Salini Impregilo' 'SAP'
 'MOOD HOTELS']"
7280;"['Elica' 'Whirlpool' 'Aeroporti di Roma' 'Datalogic' 'Microsoft' 'EY'
 'Tech Data' 'Bosch' 'Employerland' 'Roche' 'Leroy Merlin' 'RAI']";"['NTT DATA Italia' 'UniCredit' 'Luxottica' 'SMOOTH HOTELS'
 ""Victoria's secret - Percassi ""]"
7281;['Lottomatica' 'Employerland' 'Aeroporti di Roma'];['Siemens' 'QiBit' 'SAP' 'Rinascente' 'Cellularline']
7283;['EY' 'Elica' 'Whirlpool' 'Calzedonia' 'Bosch' 'RAI'];"['Carrefour Italia' 'Amplifon' 'Rinascente' 'NTT DATA Italia'
 'Vente-Privee - Privalia']"
7284;['Employerland'];"['Snam' 'Salini Impregilo' 'Siram' 'Ferrovie dello Stato Italiane'
 'AST - ThyssenKrupp']"
7287;['Employerland'];['INDRA' 'QiBit' 'NTT DATA Italia' 'SAP' 'Amplifon']
7290;['Unilever' 'Employerland'];"['UniCredit' 'Ferrovie dello Stato Italiane' 'Luxottica' 'Würth Srl '
 'Carrefour Italia']"
7293;['Lottomatica'];['Lidl Italia' 'Decathlon' 'Würth Srl ' 'Rinascente' 'Bricocenter Italia']
7295;['RAI'];"['NTT DATA Italia' 'Luxottica' 'UniCredit' 'SMOOTH HOTELS'
 ""Victoria's secret - Percassi ""]"
7296;['Elica' 'RAI' 'Employerland'];['Pirelli' 'Philip Morris Italia' 'Siemens' 'Sanofi SpA' 'Chiesi Group']
7298;"['Elica' 'Carrefour Italia' 'Lottomatica' 'RAI' 'UniCredit' 'Microsoft'
 'Ferrovie dello Stato Italiane']";['Salini Impregilo' 'Snam' 'Siram' 'Pirelli' 'SAP']
7300;['Elica' 'Aeroporti di Roma'];"['Amplifon' 'NTT DATA Italia' 'Carrefour Italia' 'Vente-Privee - Privalia'
 'INDRA']"
7302;['Employerland'];['UniCredit' 'Luxottica' 'Carrefour Italia' 'Würth Srl ' 'NTT DATA Italia']
7303;['Elica' 'Unilever' 'Microsoft'];"[""Victoria's secret - Percassi "" 'Roche UK' 'EVERIS' 'Gi Group'
 'Antica Focacceria San Francesco']"
7304;['Elica' 'Whirlpool' 'Lottomatica'];"['Università Europea di Roma' 'Roche UK' ""Victoria's secret - Percassi ""
 'Antica Focacceria San Francesco' 'Cerved']"
7306;['Elica' 'Employerland'];['Luxottica' 'NTT DATA Italia' 'UniCredit' 'Würth Srl ' 'Pirelli']
7311;['EY' 'Elica' 'Whirlpool' 'Lottomatica' 'Datalogic'];['Rinascente' 'Vente-Privee - Privalia' 'SAP' 'Open Fiber' 'MOOD HOTELS']
7313;['Elica' 'EY' 'Datalogic' 'Whirlpool'];['Capgemini' 'INDRA' 'Deloitte' 'AST - ThyssenKrupp' 'PwC']
7314;['Elica' 'RAI' 'Whirlpool'];['Snam' 'Siram' 'Salini Impregilo' 'MOOD HOTELS' 'EVERIS']
7319;['Elica' 'RAI' 'EY'];"[""Victoria's secret - Percassi "" 'Roche UK' 'Gi Group' 'SMOOTH HOTELS'
 'Dmail-Percassi']"
7323;['EY' 'Salini Impregilo'];"['UniCredit' 'Luxottica' 'Würth Srl ' 'Carrefour Italia'
 'Ferrovie dello Stato Italiane']"
7336;['Elica' 'RAI' 'Aeroporti di Roma' 'Employerland'];['UniCredit' 'Luxottica' 'NTT DATA Italia' 'Carrefour Italia' 'Würth Srl ']
7341;"['Leroy Merlin' 'Elica' 'RAI' 'Unilever' 'Aeroporti di Roma' 'Roche'
 'Whirlpool' 'Microsoft' 'Tech Data']";"['Sanofi SpA' 'Chiesi Group' 'Mars Italia' ""Victoria's secret - Percassi ""
 'NTT DATA Italia']"
7342;['Bosch' 'Elica' 'Leroy Merlin'];['UniCredit' 'Snam' 'Carrefour Italia' 'Salini Impregilo' 'Würth Srl ']
7343;['RAI' 'EY' 'Unilever' 'Elica'];['Rinascente' 'Carrefour Italia' 'UniCredit' 'Lidl Italia' 'Würth Srl ']
7346;['Tech Data' 'Employerland'];['Sanofi SpA' 'Chiesi Group' 'Roche' 'Mars Italia' 'Snam']
7347;"['Elica' 'RAI' 'Aeroporti di Roma' 'Unilever' 'Microsoft' 'Roche'
 'Lidl Italia' 'Lottomatica' 'Employerland']";['QiBit' 'SAP' 'INDRA' 'Siemens' 'Rinascente']
7352;['Leroy Merlin'];['PwC' 'SAP' 'QiBit' 'INDRA' 'Eurobet Italia']
7353;['Employerland'];"['Rinascente' 'Vente-Privee - Privalia' 'Carrefour Italia' 'Lidl Italia'
 'QiBit']"
7355;['EY' 'Elica'];"['NTT DATA Italia' 'Luxottica' ""Victoria's secret - Percassi ""
 'SMOOTH HOTELS' 'UniCredit']"
7357;['Employerland'];"['UniCredit' 'Luxottica' 'Carrefour Italia' 'Würth Srl '
 'Ferrovie dello Stato Italiane']"
7358;['EY' 'Microsoft' 'Leroy Merlin'];"['SMOOTH HOTELS' 'Università Europea di Roma' 'MOOD HOTELS' 'MAG HOTELS'
 'Gi Group Horeca']"
7362;['RAI' 'Employerland'];['SAP' 'QiBit' 'Ferrovie dello Stato Italiane' 'Salini Impregilo' 'Snam']
7368;['Aeroporti di Roma'];['UniCredit' 'Luxottica' 'NTT DATA Italia' 'Würth Srl ' 'Carrefour Italia']
7369;['Unilever' 'Employerland' 'Microsoft' 'Leroy Merlin' 'RAI'];['Salini Impregilo' 'Siram' 'Snam' 'MOOD HOTELS' 'AST - ThyssenKrupp']
7373;['Elica' 'Employerland' 'Leroy Merlin'];['QiBit' 'SAP' 'INDRA' 'Snam' 'Salini Impregilo']
7376;['Lottomatica' 'Unilever' 'Employerland' 'Leroy Merlin'];"['Rinascente' 'Vente-Privee - Privalia' 'Carrefour Italia' 'Mars Italia'
 'SAP']"
7377;['EY'];['Sanofi SpA' 'Chiesi Group' 'Roche' 'Mars Italia' 'Snam']
7378;['Elica' 'Employerland' 'EY'];['Rinascente' 'SAP' 'QiBit' 'Würth Srl ' 'Ferrovie dello Stato Italiane']
7385;['Elica' 'Roche' 'Whirlpool' 'Leroy Merlin' 'Employerland'];['Gi Group Horeca' 'MAG HOTELS' 'FRONERI' 'SMOOTH HOTELS' 'Lidl Italia']
7386;['Elica' 'RAI' 'Whirlpool' 'Aeroporti di Roma'];['Sanofi SpA' 'Chiesi Group' 'Roche' 'Angelini' 'Bristol-Myers Squibb']
7387;['EY' 'Unilever' 'Aeroporti di Roma' 'Elica' 'Microsoft' 'Bosch' 'RAI'];"['Rinascente' 'Vente-Privee - Privalia' 'Carrefour Italia' 'Employerland'
 'Mars Italia']"
7388;['Unilever'];['Mars Italia' 'Vente-Privee - Privalia' 'Cerved' 'Capgemini' 'EVERIS']
7392;['Aeroporti di Roma' 'Lottomatica' 'Microsoft' 'RAI'];"['Rinascente' 'Vente-Privee - Privalia' 'QiBit' 'Mars Italia'
 'Carrefour Italia']"
7397;['Employerland'];"['Rinascente' 'Vente-Privee - Privalia' 'QiBit' 'Mars Italia'
 'Carrefour Italia']"
7398;['Elica' 'Employerland' 'Microsoft' 'Whirlpool'];"['Rinascente' 'Vente-Privee - Privalia' 'Carrefour Italia' 'Mars Italia'
 'QiBit']"
7399;['Elica' 'Leroy Merlin' 'Aeroporti di Roma' 'Microsoft' 'EY'];"['Cerved' 'Capgemini' ""Victoria's secret - Percassi "" 'Roche UK'
 'Gi Group']"
7400;['Elica' 'RAI' 'Aeroporti di Roma'];['Sanofi SpA' 'Chiesi Group' 'Roche' 'Mars Italia' 'Snam']
7406;"['Microsoft' 'Unilever' 'RAI' 'Bosch' 'Employerland' 'Leroy Merlin'
 'Aeroporti di Roma']";"['Luxottica' 'UniCredit' 'Würth Srl ' 'Carrefour Italia'
 'Vente-Privee - Privalia']"
7407;['Unilever'];"['Capgemini' 'NTT DATA Italia' ""Victoria's secret - Percassi ""
 'SMOOTH HOTELS' 'EVERIS']"
7410;['Unilever'];['Snam' 'Siram' 'Salini Impregilo' 'SAP' 'Ferrovie dello Stato Italiane']
7411;['Microsoft' 'Leroy Merlin' 'EY' 'RAI' 'Employerland'];"['UniCredit' 'Luxottica' 'Ferrovie dello Stato Italiane'
 'Carrefour Italia' 'Würth Srl ']"
7413;['Unilever' 'Employerland'];"['Rinascente' 'Vente-Privee - Privalia' 'QiBit' 'Mars Italia'
 'Carrefour Italia']"
7414;['Elica' 'Employerland'];['Vente-Privee - Privalia' 'Mars Italia' 'Rinascente' 'Amplifon' 'INDRA']
7415;['Microsoft'];"['Rinascente' 'Vente-Privee - Privalia' 'Carrefour Italia' 'Employerland'
 'Mars Italia']"
7417;['Microsoft' 'Employerland'];"['Rinascente' 'Carrefour Italia' 'Lidl Italia' 'Vente-Privee - Privalia'
 'Würth Srl ']"
7425;"['EY' 'Università Europea di Roma' 'Calzedonia' 'Unilever' 'Tech Data'
 'Wind Tre' 'Elica' 'Ferrovie dello Stato Italiane' 'Findus' 'Lidl Italia'
 'Accenture' 'Aeroporti di Roma' 'Kpmg' 'Deloitte' 'PwC' 'Goldenpoint'
 'Bosch' 'Lottomatica' 'Roche' 'Salini Impregilo' 'RAI' 'Leroy Merlin'
 'Johnson & Johnson' 'Employerland' 'Mars Italia' 'Sanofi SpA']";['Rinascente' 'Vente-Privee - Privalia' 'Carrefour Italia' 'QiBit' 'SAP']
7426;['Unilever' 'Elica' 'Whirlpool' 'RAI'];['Sanofi SpA' 'Chiesi Group' 'Roche' 'Mars Italia' 'Snam']
7427;['Unilever'];"[""Victoria's secret - Percassi "" 'Roche UK' 'Gi Group' 'SMOOTH HOTELS'
 'Dmail-Percassi']"
7428;['RAI'];['QiBit' 'SAP' 'INDRA' 'NTT DATA Italia' 'Rinascente']
7432;['Unilever' 'Lottomatica' 'Elica' 'Microsoft' 'Leroy Merlin' 'EY' 'RAI'];"[""Victoria's secret - Percassi "" 'Roche UK' 'EVERIS' 'Gi Group'
 'Antica Focacceria San Francesco']"
7436;['Unilever' 'EY' 'Whirlpool' 'RAI' 'Microsoft' 'Roche'];['Capgemini' 'INDRA' 'Deloitte' 'PwC' 'AST - ThyssenKrupp']
7437;['Unilever' 'Microsoft'];"['Rinascente' 'Vente-Privee - Privalia' 'Carrefour Italia' 'Employerland'
 'Mars Italia']"
7439;['Unilever'];"['Sanofi SpA' 'Chiesi Group' ""Victoria's secret - Percassi "" 'Roche UK'
 'Johnson & Johnson']"
7440;['Employerland'];"[""Victoria's secret - Percassi "" 'Roche UK' 'Gi Group' 'SMOOTH HOTELS'
 'Dmail-Percassi']"
7441;['Unilever' 'Aeroporti di Roma'];"['Vente-Privee - Privalia' 'Mars Italia' ""Victoria's secret - Percassi ""
 'Rinascente' 'EVERIS']"
7443;['Employerland' 'RAI'];['EY' 'Università Europea di Roma' 'PwC' 'Kpmg' 'Tech Data']
7447;['Unilever' 'RAI'];['UniCredit' 'EY' 'Università Europea di Roma' 'Deloitte' 'PwC']
7449;['Unilever' 'EY' 'Employerland'];"['Rinascente' 'Vente-Privee - Privalia' 'Carrefour Italia' 'QiBit'
 'Lidl Italia']"
7453;"['EY' 'Microsoft' 'RAI' 'Aeroporti di Roma' 'Unilever' 'Leroy Merlin'
 'Lottomatica' 'Employerland' 'Elica' 'Roche' 'Tech Data']";"['Rinascente' 'Vente-Privee - Privalia' 'Carrefour Italia' 'Mars Italia'
 'QiBit']"
7454;['Whirlpool'];['Sanofi SpA' 'Chiesi Group' 'Roche' 'Mars Italia' 'Snam']
7456;['Employerland'];['Amplifon' 'AST - ThyssenKrupp' 'NTT DATA Italia' 'INDRA' 'Siram']
7457;['Unilever'];['Luxottica' 'NTT DATA Italia' 'UniCredit' 'Würth Srl ' 'SMOOTH HOTELS']
7461;['Unilever' 'RAI' 'Microsoft' 'Aeroporti di Roma'];"['Amplifon' 'Rinascente' 'Vente-Privee - Privalia' 'NTT DATA Italia'
 'Carrefour Italia']"
7464;['Unilever'];"['Philip Morris Italia' 'Pirelli' 'NTT DATA Italia'
 'Università Europea di Roma' 'Luxottica']"
7465;['EY' 'Roche' 'Whirlpool'];['UniCredit' 'Carrefour Italia' 'PwC' 'Amplifon' 'Eurobet Italia']
7466;['Employerland'];['QiBit' 'Eurobet Italia' 'SAP' 'Lottomatica' 'INDRA']
7472;['Microsoft'];"['Ferrovie dello Stato Italiane' 'Salini Impregilo' 'UniCredit'
 'Lottomatica' 'Open Fiber']"
7473;['Aeroporti di Roma' 'EY' 'Employerland'];['Siram' 'Snam' 'Mars Italia' 'Salini Impregilo' 'Sanofi SpA']
7474;['Employerland'];['Vente-Privee - Privalia' 'Mars Italia' 'Rinascente' 'Amplifon' 'INDRA']
7475;"['Leroy Merlin' 'Microsoft' 'Employerland' 'Lottomatica' 'RAI'
 'Aeroporti di Roma']";"['Johnson & Johnson' ""Victoria's secret - Percassi "" 'Roche UK' 'EVERIS'
 'Gi Group']"
7476;['Employerland'];['EY' 'Università Europea di Roma' 'PwC' 'Cerved' 'Eurobet Italia']
7479;['Microsoft'];['Eurobet Italia' 'PwC' 'Employerland' 'Cellularline' 'Siemens']
7482;['Employerland'];"['NTT DATA Italia' ""Victoria's secret - Percassi "" 'Roche UK' 'Gi Group'
 'Lego-Percassi']"
7483;['RAI'];"['Amplifon' 'NTT DATA Italia' 'INDRA' 'Carrefour Italia'
 'Vente-Privee - Privalia']"
7485;['EY' 'Unilever'];['UniCredit' 'SAP' 'Luxottica' 'Würth Srl ' 'PwC']
7489;['Microsoft'];"['Rinascente' 'Vente-Privee - Privalia' 'Carrefour Italia' 'Amplifon'
 'Mars Italia']"
7490;['Tech Data' 'EY' 'Microsoft' 'Datalogic'];['PwC' 'Università Europea di Roma' 'Cerved' 'Eurobet Italia' 'Deloitte']
7492;['Employerland'];['Luxottica' 'NTT DATA Italia' 'UniCredit' 'Würth Srl ' 'EVERIS']
7497;['Microsoft' 'Employerland' 'Aeroporti di Roma'];"[""Victoria's secret - Percassi "" 'Roche UK' 'Gi Group' 'Lego-Percassi'
 'EVERIS']"
7498;['Employerland'];"['NTT DATA Italia' ""Victoria's secret - Percassi "" 'Roche UK' 'Gi Group'
 'SMOOTH HOTELS']"
7499;['Employerland'];['Mars Italia' 'Capgemini' 'Vente-Privee - Privalia' 'EVERIS' 'Cerved']
7504;['Elica' 'EY' 'Microsoft' 'Employerland' 'Whirlpool' 'Tech Data'];['Lidl Italia' 'QiBit' 'INDRA' 'Vente-Privee - Privalia' 'Rinascente']
7506;['Microsoft'];"['Rinascente' 'Vente-Privee - Privalia' 'Carrefour Italia'
 ""Victoria's secret - Percassi "" 'QiBit']"
7507;['Aeroporti di Roma' 'RAI' 'Elica' 'EY'];['Carrefour Italia' 'Amplifon' 'UniCredit' 'NTT DATA Italia' 'Rinascente']
7513;['Employerland'];"['Rinascente' 'Ferrovie dello Stato Italiane' 'Carrefour Italia'
 'Salini Impregilo' 'Vente-Privee - Privalia']"
7517;['Employerland'];['UniCredit' 'Carrefour Italia' 'Rinascente' 'Luxottica' 'Würth Srl ']
7519;['Elica' 'EY' 'Whirlpool' 'RAI' 'Microsoft'];"['NTT DATA Italia' ""Victoria's secret - Percassi "" 'Luxottica'
 'SMOOTH HOTELS' 'Roche UK']"
7520;['Employerland' 'RAI'];['SAP' 'QiBit' 'Siemens' 'INDRA' 'Rinascente']
7521;['Employerland'];"[""Victoria's secret - Percassi "" 'Roche UK' 'Gi Group' 'SMOOTH HOTELS'
 'EVERIS']"
7522;['Leroy Merlin' 'Microsoft'];['QiBit' 'SAP' 'NTT DATA Italia' 'INDRA' 'Siemens']
7526;['Elica' 'RAI' 'Microsoft' 'Whirlpool' 'Leroy Merlin' 'Aeroporti di Roma'];['Salini Impregilo' 'Ferrovie dello Stato Italiane' 'Snam' 'Siram' 'SAP']
7536;['Leroy Merlin' 'Unilever' 'RAI' 'Elica' 'Microsoft'];['PwC' 'Cerved' 'Capgemini' 'Eurobet Italia' 'INDRA']
7542;['Microsoft' 'Unilever' 'Roche' 'Aeroporti di Roma'];"['Cerved' 'Capgemini' ""Victoria's secret - Percassi "" 'Roche UK'
 'Gi Group']"
7543;['Aeroporti di Roma' 'Unilever' 'RAI' 'Microsoft'];['Eurobet Italia' 'PwC' 'EY' 'Employerland' 'UniCredit']
7550;['Unilever' 'Microsoft' 'Aeroporti di Roma' 'RAI' 'EY'];['PwC' 'Cerved' 'Capgemini' 'Eurobet Italia' 'INDRA']
7551;['Employerland'];['Eurobet Italia' 'PwC' 'Cellularline' 'Siemens' 'EVERIS']
7553;['Leroy Merlin' 'Microsoft'];['Università Europea di Roma' 'EY' 'Cerved' 'Tech Data' 'Roche UK']
7557;"['EY' 'Calzedonia' 'Unilever' 'Lidl Italia' 'RAI' 'Aeroporti di Roma'
 'Findus' 'Accenture' 'Bosch' 'Employerland' 'Johnson & Johnson'
 'Università Europea di Roma' 'Roche' 'Leroy Merlin'
 'Ferrovie dello Stato Italiane']";['Eurobet Italia' 'Cellularline' 'PwC' 'EVERIS' 'Siemens']
7558;['Employerland' 'RAI'];['Eurobet Italia' 'PwC' 'Cellularline' 'Siemens' 'Carrefour Italia']
7561;['Roche'];['Eurobet Italia' 'Cerved' 'PwC' 'Capgemini' 'EVERIS']
7566;['Unilever' 'EY'];['Eurobet Italia' 'EVERIS' 'Cellularline' 'Siemens' 'Roche UK']
7567;['Employerland'];['PwC' 'Eurobet Italia' 'EY' 'Deloitte' 'Cerved']
7570;['Microsoft'];['Eurobet Italia' 'PwC' 'Cellularline' 'Employerland' 'Siemens']
7571;['EY' 'Eurobet Italia' 'RAI'];['PwC' 'Employerland' 'Cellularline' 'Siemens' 'EVERIS']
7574;['Employerland'];['Eurobet Italia' 'PwC' 'Cellularline' 'Siemens' 'EVERIS']
7575;['Microsoft'];['Eurobet Italia' 'PwC' 'Cellularline' 'Employerland' 'Siemens']
7577;['EY' 'Microsoft' 'Aeroporti di Roma'];['Eurobet Italia' 'PwC' 'Employerland' 'Cellularline' 'Siemens']
7579;['Tech Data'];['Eurobet Italia' 'PwC' 'Cellularline' 'Siemens' 'EVERIS']
7585;['Microsoft' 'RAI'];['Eurobet Italia' 'PwC' 'Cellularline' 'Employerland' 'Siemens']
7589;['Microsoft' 'EY'];"['EVERIS' 'Cellularline' ""Victoria's secret - Percassi "" 'Roche UK'
 'Dmail-Percassi']"
7596;['Unilever' 'RAI' 'EY' 'Aeroporti di Roma' 'Employerland'];['PwC' 'Eurobet Italia' 'Cerved' 'Capgemini' 'UniCredit']
7599;['Aeroporti di Roma' 'EY' 'Employerland'];['Eurobet Italia' 'PwC' 'Cerved' 'UniCredit' 'Capgemini']
7604;['Aeroporti di Roma' 'Employerland'];['FRONERI' 'MAG HOTELS' 'Gi Group Horeca' 'Open Fiber' 'Siemens']
7605;['Employerland'];['Eurobet Italia' 'PwC' 'Cerved' 'Capgemini' 'Cellularline']
7606;['Microsoft' 'RAI'];['Eurobet Italia' 'PwC' 'Employerland' 'Cellularline' 'Siemens']
7607;['Employerland' 'RAI' 'Aeroporti di Roma'];"[""Victoria's secret - Percassi "" 'Roche UK' 'EVERIS' 'Gi Group'
 'Antica Focacceria San Francesco']"
7608;['Roche' 'Aeroporti di Roma'];['Eurobet Italia' 'PwC' 'Employerland' 'Cellularline' 'Siemens']
7609;['Elica' 'Employerland'];"['Starbucks-Percassi' 'Nike-Percassi' 'UNICOOP FIRENZE' 'Lego-Percassi'
 'Dmail-Percassi']"
7615;['RAI' 'Microsoft' 'Roche' 'Aeroporti di Roma' 'Employerland'];['Eurobet Italia' 'PwC' 'Cellularline' 'Siemens' 'EVERIS']
7617;['Employerland'];['Eurobet Italia' 'Università Europea di Roma' 'EY' 'PwC' 'Cellularline']
7626;['RAI' 'Aeroporti di Roma'];['PwC' 'Cerved' 'Capgemini' 'Eurobet Italia' 'INDRA']
7631;['Microsoft' 'Leroy Merlin' 'EY'];['MAG HOTELS' 'Gi Group Horeca' 'SMOOTH HOTELS' 'FRONERI' 'MOOD HOTELS']
7632;['Employerland'];['Eurobet Italia' 'Cerved' 'Capgemini' 'EVERIS' 'Roche UK']
7634;"['Bosch' 'Lidl Italia' 'Calzedonia' 'Whirlpool' 'Datalogic' 'Wind Tre'
 'Unilever' 'Tech Data' 'Università Europea di Roma' 'Lottomatica']";"['EVERIS' 'Cellularline' ""Victoria's secret - Percassi "" 'Roche UK'
 'Dmail-Percassi']"
7636;['RAI' 'Unilever'];['PwC' 'Eurobet Italia' 'Capgemini' 'Cerved' 'Deloitte']
7640;['Employerland' 'Microsoft' 'RAI' 'Aeroporti di Roma'];"[""Victoria's secret - Percassi "" 'Roche UK' 'EVERIS' 'Gi Group'
 'Antica Focacceria San Francesco']"
7641;['Aeroporti di Roma' 'Elica'];"[""Victoria's secret - Percassi "" 'EVERIS' 'Roche UK' 'Gi Group'
 'Open Fiber']"
7648;['Aeroporti di Roma' 'Elica'];['Eurobet Italia' 'PwC' 'Employerland' 'Cellularline' 'Siemens']
7650;['Employerland'];['Eurobet Italia' 'PwC' 'EY' 'UniCredit' 'Cerved']
7653;['Elica' 'Aeroporti di Roma'];['PwC' 'Eurobet Italia' 'Cerved' 'Capgemini' 'Deloitte']
7655;['Unilever' 'Employerland' 'Microsoft' 'Aeroporti di Roma' 'Leroy Merlin'];['EY' 'Università Europea di Roma' 'PwC' 'Eurobet Italia' 'Deloitte']
7661;['Employerland'];['Università Europea di Roma' 'EY' 'PwC' 'Deloitte' 'Kpmg']
7663;['Microsoft' 'EY' 'Elica'];"['EVERIS' 'Cellularline' ""Victoria's secret - Percassi "" 'Roche UK'
 'Dmail-Percassi']"
7664;['Microsoft' 'Aeroporti di Roma'];"['Starbucks-Percassi' 'Nike-Percassi' 'UNICOOP FIRENZE' 'Lego-Percassi'
 'Dmail-Percassi']"
7665;['Employerland'];['Eurobet Italia' 'Open Fiber' 'FRONERI' 'Cellularline' 'EVERIS']
7668;['Employerland' 'Microsoft'];"[""Victoria's secret - Percassi "" 'Roche UK' 'EVERIS' 'Gi Group'
 'Antica Focacceria San Francesco']"
7669;['Employerland'];"['Roche UK' ""Victoria's secret - Percassi "" 'EVERIS' 'Open Fiber'
 'Gi Group']"
7674;['Microsoft' 'Aeroporti di Roma' 'Leroy Merlin'];['Eurobet Italia' 'PwC' 'Open Fiber' 'Siemens' 'Wind Tre']
7675;['Aeroporti di Roma' 'Elica'];['Cerved' 'PwC' 'Eurobet Italia' 'EY' 'FRONERI']
7676;['Microsoft' 'EY' 'Tech Data' 'Employerland' 'Leroy Merlin'];"['Università Europea di Roma' 'PwC' 'Eurobet Italia' 'Open Fiber'
 'Wind Tre']"
7678;['RAI' 'Microsoft'];['Open Fiber' 'Wind Tre' 'FRONERI' 'Siemens' 'Luxottica']
7679;['RAI' 'Microsoft' 'Datalogic' 'Aeroporti di Roma' 'Employerland'];['PwC' 'Eurobet Italia' 'Capgemini' 'Cerved' 'Deloitte']
7686;['Employerland'];['Open Fiber' 'Eurobet Italia' 'FRONERI' 'Wind Tre' 'PwC']
7692;['Microsoft' 'EY' 'Whirlpool' 'Aeroporti di Roma'];['Eurobet Italia' 'PwC' 'Employerland' 'Cellularline' 'Siemens']
7693;['Aeroporti di Roma'];"[""Victoria's secret - Percassi "" 'Roche UK' 'EVERIS' 'Gi Group'
 'Antica Focacceria San Francesco']"
7696;['Employerland'];['Eurobet Italia' 'EVERIS' 'Cellularline' 'Siemens' 'Roche UK']
7703;['Aeroporti di Roma' 'EY'];"[""Victoria's secret - Percassi "" 'EVERIS' 'Roche UK' 'Gi Group'
 'Open Fiber']"
7709;['Leroy Merlin'];['Università Europea di Roma' 'EY' 'Tech Data' 'Cerved' 'FRONERI']
7716;['Employerland'];['MAG HOTELS' 'Gi Group Horeca' 'FRONERI' 'Eurobet Italia' 'SMOOTH HOTELS']
7717;['Employerland'];['Open Fiber' 'Wind Tre' 'FRONERI' 'Siemens' 'Luxottica']
7718;['Microsoft' 'RAI'];"[""Victoria's secret - Percassi "" 'Roche UK' 'EVERIS' 'Gi Group'
 'Antica Focacceria San Francesco']"
7724;['Unilever' 'Aeroporti di Roma' 'Elica'];['Università Europea di Roma' 'EY' 'Tech Data' 'Cerved' 'FRONERI']
7729;['Leroy Merlin' 'Employerland' 'Microsoft' 'RAI'];"[""Victoria's secret - Percassi "" 'Roche UK' 'EVERIS' 'Gi Group'
 'Antica Focacceria San Francesco']"
7731;['Employerland'];['Open Fiber' 'Wind Tre' 'FRONERI' 'Cerved' 'Università Europea di Roma']
7733;['Employerland' 'Elica' 'RAI'];"['Roche UK' ""Victoria's secret - Percassi "" 'EVERIS'
 'Antica Focacceria San Francesco' 'Dmail-Percassi']"
7735;['Employerland'];"['Università Europea di Roma' 'Roche UK' ""Victoria's secret - Percassi ""
 'Antica Focacceria San Francesco' 'Cerved']"
7736;"['Unilever' 'Microsoft' 'Leroy Merlin' 'Whirlpool' 'RAI'
 'Aeroporti di Roma' 'Employerland' 'Elica' 'EY' 'Roche' 'Datalogic']";['Cerved' 'FRONERI' 'Gi Group Horeca' 'Mars Italia' 'PwC']
7741;['Leroy Merlin' 'Employerland'];['FRONERI' 'MAG HOTELS' 'Gi Group Horeca' 'Cerved' 'SMOOTH HOTELS']
7745;['Employerland' 'EY'];['Cerved' 'FRONERI' 'Gi Group Horeca' 'Mars Italia' 'Siram']
7751;['Employerland'];['Cerved' 'PwC' 'Gi Group Horeca' 'EY' 'FRONERI']
7756;['Employerland'];['Cerved' 'PwC' 'FRONERI' 'Gi Group Horeca' 'Mars Italia']
7757;['Employerland'];['Cerved' 'PwC' 'FRONERI' 'Mars Italia' 'Gi Group Horeca']
7759;['Employerland'];['Cerved' 'PwC' 'FRONERI' 'Mars Italia' 'Gi Group Horeca']
7760;['EY'];['Cerved' 'PwC' 'FRONERI' 'Mars Italia' 'Gi Group Horeca']
7764;['Employerland'];['Cerved' 'PwC' 'FRONERI' 'Mars Italia' 'Gi Group Horeca']
7768;['Employerland'];['Cerved' 'PwC' 'FRONERI' 'Mars Italia' 'Gi Group Horeca']
7770;['Employerland'];['MAG HOTELS' 'Gi Group Horeca' 'SMOOTH HOTELS' 'FRONERI' 'MOOD HOTELS']
7773;['Aeroporti di Roma'];['Cerved' 'PwC' 'FRONERI' 'Mars Italia' 'Gi Group Horeca']
7775;['Employerland'];['Cerved' 'FRONERI' 'Gi Group Horeca' 'PwC' 'Mars Italia']
7780;['Elica' 'Microsoft' 'Aeroporti di Roma'];"['Roche UK' ""Victoria's secret - Percassi "" 'EVERIS'
 'Antica Focacceria San Francesco' 'Dmail-Percassi']"
7787;['Employerland'];['Cerved' 'PwC' 'FRONERI' 'Mars Italia' 'Gi Group Horeca']
7788;['Aeroporti di Roma' 'Leroy Merlin'];['Cerved' 'PwC' 'FRONERI' 'Mars Italia' 'Gi Group Horeca']
7790;['Employerland'];['SMOOTH HOTELS' 'MOOD HOTELS' 'MAG HOTELS' 'Gi Group Horeca' 'FRONERI']
7793;['EY' 'Aeroporti di Roma' 'Elica'];['Cerved' 'PwC' 'FRONERI' 'Mars Italia' 'Gi Group Horeca']
7796;['RAI'];"['Cerved' 'FRONERI' 'EVERIS' 'Gi Group Horeca'
 'Antica Focacceria San Francesco']"
7801;['Microsoft' 'Employerland'];['MAG HOTELS' 'Gi Group Horeca' 'SMOOTH HOTELS' 'FRONERI' 'Cerved']
7802;['Employerland' 'EY'];['Cerved' 'PwC' 'FRONERI' 'Mars Italia' 'Gi Group Horeca']
7804;['Employerland'];['Cerved' 'Gi Group Horeca' 'FRONERI' 'PwC' 'MAG HOTELS']
7807;"['Unilever' 'Whirlpool' 'RAI' 'EY' 'Leroy Merlin' 'Microsoft' 'Elica'
 'Datalogic']";['Cerved' 'FRONERI' 'PwC' 'Gi Group Horeca' 'Mars Italia']
7809;['RAI'];['Employerland' 'Luxottica' 'Rinascente' 'MAG HOTELS' 'Calzedonia']
7812;['Elica' 'Employerland'];['Gi Group Horeca' 'Cerved' 'MAG HOTELS' 'FRONERI' 'SMOOTH HOTELS']
7814;['Employerland'];['MAG HOTELS' 'Gi Group Horeca' 'SMOOTH HOTELS' 'FRONERI' 'Cerved']
7819;['Employerland'];['FRONERI' 'MAG HOTELS' 'Gi Group Horeca' 'Open Fiber' 'Siemens']
7823;['Microsoft'];['MAG HOTELS' 'Gi Group Horeca' 'SMOOTH HOTELS' 'FRONERI' 'MOOD HOTELS']
7831;['Elica' 'Whirlpool' 'Aeroporti di Roma'];['SMOOTH HOTELS' 'MOOD HOTELS' 'MAG HOTELS' 'Gi Group Horeca' 'RED']
7840;['Aeroporti di Roma'];['FRONERI' 'MAG HOTELS' 'Gi Group Horeca' 'Open Fiber' 'Siemens']
7843;['Employerland'];['Antica Focacceria San Francesco' 'RED' 'FRONERI' 'Siemens' 'Open Fiber']
7846;['Employerland'];"['RED' 'Antica Focacceria San Francesco' 'SMOOTH HOTELS' 'MOOD HOTELS'
 ""Victoria's secret - Percassi ""]"
7848;['RAI' 'Microsoft'];['SMOOTH HOTELS' 'MOOD HOTELS' 'MAG HOTELS' 'Gi Group Horeca' 'RED']
7849;['Aeroporti di Roma' 'Elica'];"['Antica Focacceria San Francesco' 'RED' 'FRONERI' 'SMOOTH HOTELS'
 'Gi Group Horeca']"
7850;"['Bosch' 'Leroy Merlin' 'Whirlpool' 'Aeroporti di Roma' 'EY'
 'Employerland' 'Elica' 'Datalogic' 'Tech Data' 'Unilever' 'Roche'
 'Lidl Italia' 'Accenture' 'Angelini']";"['MOOD HOTELS' 'SMOOTH HOTELS' 'RED' 'MAG HOTELS'
 'Antica Focacceria San Francesco']"
7859;['Employerland'];['MAG HOTELS' 'Gi Group Horeca' 'SMOOTH HOTELS' 'FRONERI' 'Cerved']
7860;['Elica' 'Microsoft'];"['RED' 'Antica Focacceria San Francesco' 'SMOOTH HOTELS' 'MOOD HOTELS'
 ""Victoria's secret - Percassi ""]"
7862;['Elica' 'Whirlpool'];"['RED' 'Antica Focacceria San Francesco' 'SMOOTH HOTELS' 'MAG HOTELS'
 'Gi Group Horeca']"
7864;['Employerland'];"['RED' 'Antica Focacceria San Francesco' 'SMOOTH HOTELS' 'MOOD HOTELS'
 'FRONERI']"
7868;['Microsoft' 'Unilever' 'Leroy Merlin' 'RAI' 'Aeroporti di Roma'];['Antica Focacceria San Francesco' 'RED' 'FRONERI' 'Cerved' 'MOOD HOTELS']
7875;['Datalogic'];['MAG HOTELS' 'Gi Group Horeca' 'SMOOTH HOTELS' 'FRONERI' 'MOOD HOTELS']
7879;['Aeroporti di Roma' 'Microsoft'];"['RED' 'Antica Focacceria San Francesco' 'SMOOTH HOTELS' 'MOOD HOTELS'
 ""Victoria's secret - Percassi ""]"
7880;['Employerland' 'RAI'];"['Università Europea di Roma' 'Roche UK' 'Cerved'
 ""Victoria's secret - Percassi "" 'Antica Focacceria San Francesco']"
7882;['Roche'];"[""Victoria's secret - Percassi "" 'Roche UK' 'Gi Group' 'Lego-Percassi'
 'Antica Focacceria San Francesco']"
7886;['Employerland'];"['Eurobet Italia' 'Goldenpoint' 'PwC' 'Calzedonia'
 'YOOX NET-A-PORTER GROUP']"
7887;['Elica' 'Unilever' 'Aeroporti di Roma' 'Roche' 'Employerland'];"['Nike-Percassi' 'Lego-Percassi' 'UNICOOP FIRENZE' 'Starbucks-Percassi'
 'Gi Group']"
7888;['Employerland'];"[""Victoria's secret - Percassi "" 'Roche UK' 'Gi Group' 'Dmail-Percassi'
 'Antica Focacceria San Francesco']"
7897;['Unilever' 'RAI' 'EY'];['MSD Italia' 'Angelini' 'Bristol-Myers Squibb' 'Chiesi Group' 'Roche']
7898;['Elica' 'Datalogic' 'Aeroporti di Roma'];['Open Fiber' 'FRONERI' 'Siram' 'EVERIS' 'Gi Group']
7900;['RAI' 'MSD Italia'];"['Open Fiber' ""Victoria's secret - Percassi "" 'Cellularline' 'Roche UK'
 'FRONERI']"
7901;['Roche'];"['Siram' 'Snam' 'Salini Impregilo' 'AST - ThyssenKrupp'
 'Ferrovie dello Stato Italiane']"
7908;['Datalogic' 'Leroy Merlin'];"[""Victoria's secret - Percassi "" 'EVERIS' 'Roche UK' 'Capgemini'
 'Cellularline']"
7909;['Microsoft' 'Leroy Merlin' 'RAI' 'Elica' 'Datalogic'];"['Ferrovie dello Stato Italiane' 'Salini Impregilo' 'Open Fiber'
 'Lottomatica' 'Pirelli']"
7910;"['Elica' 'Roche' 'Unilever' 'EY' 'Microsoft' 'RAI' 'Datalogic'
 'Aeroporti di Roma' 'Whirlpool']";"['Salini Impregilo' 'Snam' 'Siram' 'Ferrovie dello Stato Italiane'
 'AST - ThyssenKrupp']"
7911;['Datalogic'];['AST - ThyssenKrupp' 'Siram' 'Salini Impregilo' 'Würth Srl ' 'Snam']
7914;['Employerland'];"[""Victoria's secret - Percassi "" 'Roche UK' 'Gi Group' 'SMOOTH HOTELS'
 'EVERIS']"
7916;"['Aeroporti di Roma' 'Leroy Merlin' 'RAI' 'Roche' 'EY' 'Microsoft'
 'Whirlpool' 'Employerland' 'Elica' 'Datalogic' 'Tech Data']";"['Lottomatica' 'Decathlon' 'Ferrovie dello Stato Italiane' 'Open Fiber'
 'Wind Tre']"
7917;['Datalogic' 'Tech Data'];['AST - ThyssenKrupp' 'Capgemini' 'Siram' 'Siemens' 'Würth Srl ']
7919;['EY' 'Aeroporti di Roma'];"[""Victoria's secret - Percassi "" 'Roche UK' 'Cellularline' 'EVERIS'
 'Gi Group']"
7921;"['Datalogic' 'Whirlpool' 'RAI' 'Aeroporti di Roma' 'Unilever' 'Elica'
 'Microsoft' 'Roche' 'Leroy Merlin' 'EY']";"['Ferrovie dello Stato Italiane' 'Salini Impregilo' 'Open Fiber' 'Snam'
 'Pirelli']"
7922;['Elica' 'EY'];['MSD Italia' 'Angelini' 'Bristol-Myers Squibb' 'Roche' 'Chiesi Group']
7923;['Employerland'];['Snam' 'Salini Impregilo' 'Ferrovie dello Stato Italiane' 'Siram' 'SAP']
7924;['Aeroporti di Roma' 'Elica'];['Deloitte' 'Kpmg' 'Capgemini' 'PwC' 'EY']
7926;['RAI'];"['Open Fiber' ""Victoria's secret - Percassi "" 'EVERIS' 'Roche UK'
 'Gi Group']"
7931;['Whirlpool'];"[""Victoria's secret - Percassi "" 'Roche UK' 'Gi Group' 'SMOOTH HOTELS'
 'Dmail-Percassi']"
7938;['Datalogic'];"[""Victoria's secret - Percassi "" 'Roche UK' 'Gi Group' 'EVERIS'
 'SMOOTH HOTELS']"
7940;['Employerland' 'Elica'];['Deloitte' 'Kpmg' 'Capgemini' 'EVERIS' 'Accenture']
7943;['Whirlpool'];"['Würth Srl ' 'AST - ThyssenKrupp' 'Luxottica' 'UniCredit'
 'Johnson & Johnson']"
7949;['Elica' 'Whirlpool'];['QiBit' 'Lidl Italia' 'SAP' 'Rinascente' 'INDRA']
7951;['Whirlpool'];['MSD Italia' 'Angelini' 'Bristol-Myers Squibb' 'Open Fiber' 'EVERIS']
7954;['Whirlpool'];['Cellularline' 'EVERIS' 'Siemens' 'Deloitte' 'Lottomatica']
7960;['EY' 'Aeroporti di Roma' 'Tech Data' 'Datalogic' 'Roche'];"[""Victoria's secret - Percassi "" 'Roche UK' 'Gi Group' 'Dmail-Percassi'
 'SMOOTH HOTELS']"
8000;['RAI' 'Roche'];['Würth Srl ' 'Università Europea di Roma' 'UniCredit' 'SAP' 'EY']
8006;['Unilever' 'Roche' 'Aeroporti di Roma'];"['Ferrovie dello Stato Italiane' 'Open Fiber' 'SMOOTH HOTELS'
 ""Victoria's secret - Percassi "" 'MOOD HOTELS']"
8009;['Whirlpool' 'EY'];['Siram' 'AST - ThyssenKrupp' 'Snam' 'Salini Impregilo' 'Open Fiber']
8017;['Elica' 'Whirlpool'];['Open Fiber' 'FRONERI' 'Siram' 'Wind Tre' 'EVERIS']
8021;['EY' 'Elica' 'Datalogic' 'Bosch' 'Whirlpool'];['MSD Italia' 'Angelini' 'Bristol-Myers Squibb' 'Roche' 'Chiesi Group']
8022;['Elica' 'EY' 'Datalogic' 'Whirlpool'];['Deloitte' 'Kpmg' 'Capgemini' 'Accenture' 'EVERIS']
8023;['Leroy Merlin'];"['Nike-Percassi' 'Lego-Percassi' 'UNICOOP FIRENZE' 'Starbucks-Percassi'
 'Gi Group']"
8026;['Leroy Merlin'];['Lidl Italia' 'Decathlon' 'Würth Srl ' 'Rinascente' 'Bricocenter Italia']
8033;['EY'];"['Lottomatica' 'Decathlon' 'Ferrovie dello Stato Italiane' 'Wind Tre'
 'Open Fiber']"
8037;['Elica' 'Aeroporti di Roma'];['Angelini' 'Bristol-Myers Squibb' 'Chiesi Group' 'MSD Italia' 'Roche']
8038;['Employerland'];"['EVERIS' 'Capgemini' ""Victoria's secret - Percassi "" 'Roche UK'
 'Lego-Percassi']"
8040;['RAI'];['Siemens' 'Cellularline' 'FRONERI' 'Pirelli' 'AST - ThyssenKrupp']
8045;['EY'];['EVERIS' 'Cellularline' 'Siram' 'Open Fiber' 'SMOOTH HOTELS']
8046;['Microsoft' 'Whirlpool' 'RAI'];"['EVERIS' 'Capgemini' ""Victoria's secret - Percassi "" 'Roche UK'
 'Lego-Percassi']"
8047;['Unilever' 'Roche' 'RAI'];['MSD Italia' 'Angelini' 'Bristol-Myers Squibb' 'Siram' 'Open Fiber']
8048;['Elica' 'Leroy Merlin' 'Roche' 'RAI' 'Unilever' 'Whirlpool'];"['Ferrovie dello Stato Italiane' 'Open Fiber' 'Salini Impregilo'
 'MOOD HOTELS' 'SMOOTH HOTELS']"
8050;['Aeroporti di Roma'];"[""Victoria's secret - Percassi "" 'Roche UK' 'EVERIS' 'Gi Group'
 'Antica Focacceria San Francesco']"
8054;['Aeroporti di Roma'];['Open Fiber' 'Siram' 'Wind Tre' 'FRONERI' 'Ferrovie dello Stato Italiane']
8059;['Employerland'];['Lidl Italia' 'Siemens' 'FRONERI' 'Würth Srl ' 'Rinascente']
8061;['Lidl Italia'];"[""Victoria's secret - Percassi "" 'Roche UK' 'Gi Group' 'SMOOTH HOTELS'
 'EVERIS']"
8064;['Employerland' 'Elica'];"[""Victoria's secret - Percassi "" 'Roche UK' 'SMOOTH HOTELS' 'Gi Group'
 'EVERIS']"
8065;['RAI' 'Leroy Merlin' 'Unilever'];"[""Victoria's secret - Percassi "" 'Roche UK' 'Gi Group' 'SMOOTH HOTELS'
 'EVERIS']"
8067;['EY' 'Aeroporti di Roma' 'Datalogic'];"[""Victoria's secret - Percassi "" 'Roche UK' 'Gi Group' 'EVERIS'
 'SMOOTH HOTELS']"
8068;['Employerland'];"['Goldenpoint' ""Victoria's secret - Percassi "" 'Calzedonia' 'Cerved'
 'Università Europea di Roma']"
8070;"['Elica' 'Aeroporti di Roma' 'Whirlpool' 'RAI' 'Leroy Merlin' 'Unilever'
 'Roche' 'Employerland' 'EY' 'Tech Data']";"['Goldenpoint' ""Victoria's secret - Percassi "" 'Calzedonia'
 'Lego-Percassi' 'SMOOTH HOTELS']"
8073;"['Leroy Merlin' 'RAI' 'Aeroporti di Roma' 'Unilever' 'Elica' 'EY'
 'Whirlpool' 'Roche']";"['Salini Impregilo' 'Snam' 'Ferrovie dello Stato Italiane' 'Siram'
 'Pirelli']"
8074;['Aeroporti di Roma' 'Employerland'];['Deloitte' 'Kpmg' 'Accenture' 'Capgemini' 'PwC']
8077;['Microsoft' 'Elica'];['Siemens' 'Cellularline' 'FRONERI' 'Lego-Percassi' 'Capgemini']
8078;['Whirlpool'];"['Open Fiber' ""Victoria's secret - Percassi "" 'SMOOTH HOTELS' 'Roche UK'
 'Gi Group']"
8079;"['EY' 'Elica' 'Calzedonia' 'Roche' 'Whirlpool' 'Findus' 'Angelini'
 'Deloitte' 'Decathlon' 'Bosch' 'Pirelli' 'Accenture']";['EVERIS' 'Cellularline' 'Siram' 'Eurobet Italia' 'Open Fiber']
8084;['Roche' 'EY'];"['Cellularline' 'EVERIS' 'Siemens' ""Victoria's secret - Percassi ""
 'SMOOTH HOTELS']"
8085;['Whirlpool' 'Employerland'];"[""Victoria's secret - Percassi "" 'Roche UK' 'SMOOTH HOTELS' 'Gi Group'
 'EVERIS']"
8086;['Aeroporti di Roma' 'Elica' 'Whirlpool' 'RAI'];['Chiesi Group' 'Sanofi SpA' 'Roche' 'Angelini' 'Bristol-Myers Squibb']
8088;['Roche'];"['Ferrovie dello Stato Italiane' 'Salini Impregilo' 'Lottomatica'
 'Open Fiber' 'Pirelli']"
8089;['Employerland' 'EY' 'Bosch' 'Università Europea di Roma'];['Chiesi Group' 'Sanofi SpA' 'Roche' 'Angelini' 'Bristol-Myers Squibb']
8090;['Employerland'];"[""Victoria's secret - Percassi "" 'Roche UK' 'EVERIS' 'Gi Group'
 'Antica Focacceria San Francesco']"
8091;['Roche'];['Würth Srl ' 'AST - ThyssenKrupp' 'UniCredit' 'Luxottica' 'Lidl Italia']
8092;['Università Europea di Roma' 'EY' 'Elica' 'Employerland'];"[""Victoria's secret - Percassi "" 'Roche UK' 'EVERIS' 'Gi Group'
 'Antica Focacceria San Francesco']"
8093;"['Ferrovie dello Stato Italiane' 'Snam' 'Elica' 'Bosch' 'Unilever' 'EY'
 'Datalogic' 'Whirlpool' 'Aeroporti di Roma' 'INDRA' 'Lidl Italia' 'PwC'
 'Calzedonia']";"['Goldenpoint' ""Victoria's secret - Percassi "" 'Cerved' 'Roche UK'
 'SMOOTH HOTELS']"
8095;['Roche'];['Open Fiber' 'EVERIS' 'Wind Tre' 'Siram' 'Cellularline']
8097;['Roche' 'EY'];['Cellularline' 'EVERIS' 'Siemens' 'Open Fiber' 'Eurobet Italia']
8098;['Roche'];"['Angelini' 'MSD Italia' 'Bristol-Myers Squibb' 'EVERIS'
 ""Victoria's secret - Percassi ""]"
8103;['Employerland'];['Lidl Italia' 'FRONERI' 'Rinascente' 'Lego-Percassi' 'Nike-Percassi']
8106;"['Leroy Merlin' 'Unilever' 'Employerland' 'Roche' 'Aeroporti di Roma'
 'Elica' 'EY' 'Datalogic']";"['Chiesi Group' 'Sanofi SpA' ""Victoria's secret - Percassi "" 'Roche UK'
 'EVERIS']"
8108;"['Unilever' 'Elica' 'Leroy Merlin' 'Aeroporti di Roma' 'Bosch' 'EY'
 'Roche' 'Employerland']";"['Siram' 'Snam' 'EVERIS' ""Victoria's secret - Percassi "" 'MOOD HOTELS']"
8117;['Elica' 'RAI' 'EY'];"[""Victoria's secret - Percassi "" 'Roche UK' 'Gi Group' 'SMOOTH HOTELS'
 'EVERIS']"
8120;['Whirlpool'];['Goldenpoint' 'Calzedonia' 'YOOX NET-A-PORTER GROUP' 'Accenture' 'Elica']
8121;['Leroy Merlin'];"['Cellularline' 'Siemens' 'EVERIS' 'Goldenpoint'
 ""Victoria's secret - Percassi ""]"
8125;"['Microsoft' 'Leroy Merlin' 'Datalogic' 'RAI' 'Aeroporti di Roma'
 'Unilever' 'Tech Data' 'Elica' 'Roche' 'Whirlpool']";['Eurobet Italia' 'PwC' 'EY' 'Cellularline' 'Lottomatica']
8134;['Leroy Merlin' 'Aeroporti di Roma' 'Elica' 'Whirlpool'];['Siram' 'Snam' 'Salini Impregilo' 'AST - ThyssenKrupp' 'Open Fiber']
8135;['Whirlpool'];['Siemens' 'Cellularline' 'FRONERI' 'Pirelli' 'Elica']
8139;['Employerland'];['Siram' 'MSD Italia' 'Angelini' 'Bristol-Myers Squibb' 'Open Fiber']
8140;['Elica' 'Employerland'];"['Angelini' 'Ferrovie dello Stato Italiane' 'MSD Italia'
 'Bristol-Myers Squibb' 'UniCredit']"
8141;['Microsoft' 'Leroy Merlin' 'RAI' 'Aeroporti di Roma' 'Whirlpool'];"['Angelini' 'MSD Italia' 'Bristol-Myers Squibb' 'Open Fiber'
 'Università Europea di Roma']"
8142;"['Wind Tre' 'Deloitte' 'Unilever' 'EY' 'Lottomatica' 'Lidl Italia' 'Kpmg'
 'Calzedonia' 'Roche' 'Johnson & Johnson' 'Bosch' 'Aeroporti di Roma'
 'Goldenpoint' 'Leroy Merlin' 'Whirlpool' 'Microsoft' 'Salini Impregilo'
 'RAI' 'Findus' 'PwC']";['Cellularline' 'EVERIS' 'Siemens' 'Eurobet Italia' 'MOOD HOTELS']
8145;['Roche'];"['Università Europea di Roma' 'Roche UK' ""Victoria's secret - Percassi ""
 'Cerved' 'Antica Focacceria San Francesco']"
8146;['Roche'];"['Salini Impregilo' 'Deloitte' 'Snam' 'Kpmg'
 'Ferrovie dello Stato Italiane']"
8152;"['Roche' 'EY' 'Whirlpool' 'Microsoft' 'Unilever' 'Aeroporti di Roma' 'RAI'
 'Tech Data' 'Leroy Merlin']";"['MSD Italia' 'Angelini' 'Bristol-Myers Squibb' 'Chiesi Group'
 'Open Fiber']"
8153;['Leroy Merlin'];"['Salini Impregilo' 'Ferrovie dello Stato Italiane' 'Snam' 'Siram'
 'Pirelli']"
8154;['Employerland'];"[""Victoria's secret - Percassi "" 'Roche UK' 'EVERIS' 'Gi Group'
 'Antica Focacceria San Francesco']"
8156;['EY'];"['Würth Srl ' 'AST - ThyssenKrupp' 'Luxottica' 'UniCredit'
 'Johnson & Johnson']"
8157;['EY'];['Chiesi Group' 'Sanofi SpA' 'Roche' 'Angelini' 'Bristol-Myers Squibb']
8161;['Employerland' 'Tech Data'];['Chiesi Group' 'Sanofi SpA' 'Roche' 'Angelini' 'Bristol-Myers Squibb']
8163;"['EY' 'Elica' 'Aeroporti di Roma' 'Whirlpool' 'Università Europea di Roma'
 'Tech Data' 'Bosch' 'Roche' 'RAI']";"['Angelini' 'MSD Italia' 'Chiesi Group' 'Bristol-Myers Squibb'
 'Sanofi SpA']"
8164;['EY' 'Microsoft' 'Roche' 'Employerland' 'Leroy Merlin' 'Whirlpool'];"['Chiesi Group' 'Sanofi SpA' ""Victoria's secret - Percassi "" 'Roche UK'
 'EVERIS']"
8166;['Elica' 'Unilever' 'Whirlpool'];"['Cellularline' 'EVERIS' 'Siemens' 'Ferrovie dello Stato Italiane'
 'Lottomatica']"
8167;"['Leroy Merlin' 'Whirlpool' 'RAI' 'Aeroporti di Roma' 'Unilever'
 'Microsoft' 'Bosch' 'EY' 'Elica' 'Roche' 'Employerland' 'Datalogic']";"['Chiesi Group' 'Sanofi SpA' 'Angelini' 'Bristol-Myers Squibb'
 'MSD Italia']"
8170;['Aeroporti di Roma' 'Employerland' 'Elica'];['Chiesi Group' 'Sanofi SpA' 'Roche' 'Angelini' 'Bristol-Myers Squibb']
8171;['Elica' 'Whirlpool'];['Chiesi Group' 'Sanofi SpA' 'Roche' 'Angelini' 'Bristol-Myers Squibb']
8172;['RAI' 'Microsoft' 'EY'];"['Open Fiber' 'EVERIS' 'Roche UK' 'FRONERI'
 ""Victoria's secret - Percassi ""]"
8173;['Elica' 'Datalogic' 'Microsoft' 'EY' 'Roche' 'Tech Data' 'Whirlpool'];"['Chiesi Group' 'Sanofi SpA' 'Angelini' 'Bristol-Myers Squibb'
 'MSD Italia']"
8174;['Datalogic' 'RAI'];['AST - ThyssenKrupp' 'Siram' 'Snam' 'Salini Impregilo' 'Würth Srl ']
8175;['Whirlpool' 'Roche'];['EVERIS' 'Cellularline' 'Siram' 'Open Fiber' 'SMOOTH HOTELS']
8177;['Elica' 'Employerland' 'Whirlpool'];['Chiesi Group' 'Sanofi SpA' 'Roche' 'Angelini' 'Bristol-Myers Squibb']
8180;['Roche' 'EY' 'Tech Data' 'Unilever' 'Elica' 'Microsoft'];"['Würth Srl ' 'AST - ThyssenKrupp' 'Luxottica' 'UniCredit'
 'Johnson & Johnson']"
8181;['Elica' 'Aeroporti di Roma' 'Unilever' 'Whirlpool' 'Leroy Merlin' 'RAI'];['Siemens' 'Cellularline' 'FRONERI' 'Lego-Percassi' 'Capgemini']
8185;['EY' 'Tech Data'];"['Ferrovie dello Stato Italiane' 'Open Fiber' 'Salini Impregilo'
 'MOOD HOTELS' 'SAP']"
8192;['Roche'];"['MSD Italia' 'Angelini' 'Bristol-Myers Squibb' 'Open Fiber'
 'Chiesi Group']"
8194;"['Elica' 'Aeroporti di Roma' 'Unilever' 'Leroy Merlin' 'EY' 'Tech Data'
 'Whirlpool' 'RAI' 'Employerland' 'Microsoft' 'Roche']";['Open Fiber' 'MSD Italia' 'Angelini' 'Wind Tre' 'Eurobet Italia']
8204;['Whirlpool' 'Unilever' 'Employerland' 'Tech Data'];"[""Victoria's secret - Percassi "" 'Roche UK' 'EVERIS' 'Gi Group'
 'Antica Focacceria San Francesco']"
8206;['Whirlpool'];"[""Victoria's secret - Percassi "" 'Roche UK' 'EVERIS' 'Gi Group'
 'Antica Focacceria San Francesco']"
8211;['Employerland'];"['Ferrovie dello Stato Italiane' 'Open Fiber' 'Salini Impregilo'
 'MOOD HOTELS' 'SAP']"
8213;"['EY' 'Unilever' 'Elica' 'Microsoft' 'Roche' 'Leroy Merlin' 'Datalogic'
 'Whirlpool' 'Tech Data' 'RAI' 'Aeroporti di Roma' 'Calzedonia' 'Bosch'
 'Employerland' 'Università Europea di Roma']";"['Angelini' 'MSD Italia' 'Bristol-Myers Squibb'
 ""Victoria's secret - Percassi "" 'Gi Group']"
8214;['EY' 'Elica' 'Whirlpool'];"['Salini Impregilo' 'Snam' 'Siram' 'Ferrovie dello Stato Italiane'
 'AST - ThyssenKrupp']"
8215;['EY' 'Whirlpool' 'RAI' 'Unilever' 'Aeroporti di Roma'];['Università Europea di Roma' 'Elica' 'PwC' 'Calzedonia' 'Eurobet Italia']
8221;['EY' 'Employerland'];"[""Victoria's secret - Percassi "" 'Roche UK' 'Gi Group' 'SMOOTH HOTELS'
 'EVERIS']"
8223;['Employerland'];['Cellularline' 'EVERIS' 'Siemens' 'Würth Srl ' 'Lottomatica']
8224;"['EY' 'Employerland' 'Leroy Merlin' 'Università Europea di Roma'
 'Tech Data']";"['Cellularline' 'EVERIS' 'Siemens' ""Victoria's secret - Percassi ""
 'Eurobet Italia']"
8227;['Unilever' 'EY' 'RAI' 'Microsoft' 'Leroy Merlin'];['Goldenpoint' 'Calzedonia' 'YOOX NET-A-PORTER GROUP' 'Accenture' 'Elica']
8232;['Employerland' 'Roche' 'EY' 'Whirlpool'];"[""Victoria's secret - Percassi "" 'Roche UK' 'EVERIS' 'Gi Group'
 'Antica Focacceria San Francesco']"
8234;['Whirlpool' 'Employerland'];"[""Victoria's secret - Percassi "" 'EVERIS' 'Roche UK' 'Gi Group'
 'Open Fiber']"
8235;"['EY' 'Roche' 'Bristol-Myers Squibb' 'Whirlpool' 'Salini Impregilo'
 'Datalogic']";['Lidl Italia' 'FRONERI' 'Goldenpoint' 'Deloitte' 'Siemens']
8236;['Tech Data'];"[""Victoria's secret - Percassi "" 'Roche UK' 'EVERIS' 'Gi Group'
 'Antica Focacceria San Francesco']"
8237;['EY' 'Whirlpool'];['Lidl Italia' 'Würth Srl ' 'Rinascente' 'Carrefour Italia' 'FRONERI']
8240;['Aeroporti di Roma'];"['Cellularline' 'EVERIS' 'Siemens' ""Victoria's secret - Percassi ""
 'SMOOTH HOTELS']"
8241;"['Unilever' 'Roche' 'Leroy Merlin' 'EY' 'Datalogic' 'Tech Data' 'RAI'
 'Aeroporti di Roma' 'Bosch' 'Whirlpool']";"['Nike-Percassi' 'Lego-Percassi' 'UNICOOP FIRENZE' 'Starbucks-Percassi'
 'Gi Group']"
8250;['Employerland'];['Open Fiber' 'Siemens' 'FRONERI' 'EVERIS' 'Cellularline']
8252;['Aeroporti di Roma'];['EVERIS' 'Deloitte' 'Capgemini' 'Kpmg' 'Cellularline']
8254;['Employerland'];['Siram' 'AST - ThyssenKrupp' 'Snam' 'Salini Impregilo' 'Würth Srl ']
8257;['Whirlpool'];['Deloitte' 'Kpmg' 'Capgemini' 'Accenture' 'PwC']
8258;['Whirlpool' 'Roche'];['Open Fiber' 'Wind Tre' 'Siram' 'FRONERI' 'MSD Italia']
8260;['Whirlpool'];"[""Victoria's secret - Percassi "" 'Roche UK' 'EVERIS' 'Gi Group'
 'Antica Focacceria San Francesco']"
8262;['Whirlpool' 'Leroy Merlin'];['Snam' 'Salini Impregilo' 'Siram' 'Ferrovie dello Stato Italiane' 'SAP']
8267;['Whirlpool' 'EY' 'Roche'];['Eurobet Italia' 'PwC' 'Lottomatica' 'Cellularline' 'Siemens']
8268;['Whirlpool'];"['Siram' 'EVERIS' ""Victoria's secret - Percassi "" 'Roche UK' 'Gi Group']"
8269;['Whirlpool'];['Open Fiber' 'EVERIS' 'Siram' 'Cellularline' 'Wind Tre']
8272;['EY' 'Microsoft'];['Chiesi Group' 'Angelini' 'Roche' 'Bristol-Myers Squibb' 'MSD Italia']
8273;['EY' 'Whirlpool'];['Siemens' 'Cellularline' 'FRONERI' 'AST - ThyssenKrupp' 'Pirelli']
8285;"['Leroy Merlin' 'Unilever' 'Employerland' 'EY' 'Whirlpool' 'RAI'
 'Aeroporti di Roma']";['Chiesi Group' 'Sanofi SpA' 'Roche' 'Angelini' 'Bristol-Myers Squibb']
8287;['EY'];['Open Fiber' 'Wind Tre' 'Siram' 'FRONERI' 'MSD Italia']
8290;['Aeroporti di Roma'];"['Open Fiber' ""Victoria's secret - Percassi "" 'SMOOTH HOTELS' 'Roche UK'
 'Gi Group']"
8293;['EY' 'Roche'];"[""Victoria's secret - Percassi "" 'Roche UK' 'Gi Group' 'SMOOTH HOTELS'
 'EVERIS']"
8296;['Employerland'];['Chiesi Group' 'Sanofi SpA' 'Roche' 'Angelini' 'Bristol-Myers Squibb']
8297;['EY' 'Whirlpool' 'Tech Data' 'Microsoft' 'Aeroporti di Roma' 'Unilever'];['Open Fiber' 'Wind Tre' 'Siram' 'FRONERI' 'MSD Italia']
8298;['EY'];['MSD Italia' 'Angelini' 'Bristol-Myers Squibb' 'Roche' 'Chiesi Group']
8300;['EY'];['Open Fiber' 'Wind Tre' 'FRONERI' 'Siemens' 'Luxottica']
8302;"['Roche' 'Whirlpool' 'Aeroporti di Roma' 'Microsoft' 'Employerland'
 'Tech Data']";"['Open Fiber' ""Victoria's secret - Percassi "" 'Roche UK' 'EVERIS'
 'Gi Group']"
8304;['Leroy Merlin' 'EY' 'Whirlpool' 'Employerland' 'Tech Data'];['Chiesi Group' 'Sanofi SpA' 'Roche' 'Angelini' 'Bristol-Myers Squibb']
8305;['Employerland'];"['Chiesi Group' 'Sanofi SpA' 'Roche' 'Roche UK'
 ""Victoria's secret - Percassi ""]"
8306;['Unilever' 'EY' 'Employerland'];"[""Victoria's secret - Percassi "" 'Roche UK' 'SMOOTH HOTELS' 'Open Fiber'
 'Gi Group']"
8314;['EY' 'Employerland'];['Siemens' 'Cellularline' 'FRONERI' 'AST - ThyssenKrupp' 'Capgemini']
8316;['Whirlpool'];"['Cellularline' 'EVERIS' 'Siemens' 'Eurobet Italia'
 'Università Europea di Roma']"
8317;['Employerland' 'EY'];"['Ferrovie dello Stato Italiane' 'Open Fiber' 'Salini Impregilo'
 'MOOD HOTELS' 'SMOOTH HOTELS']"
8318;['Employerland'];['MSD Italia' 'Angelini' 'Bristol-Myers Squibb' 'Open Fiber' 'Roche']
8323;['Whirlpool'];"['Chiesi Group' 'Ferrovie dello Stato Italiane' 'Sanofi SpA' 'Roche'
 'Angelini']"
8324;['EY' 'Unilever' 'Whirlpool' 'Tech Data' 'Roche' 'Microsoft'];"['Ferrovie dello Stato Italiane' 'Open Fiber' 'Salini Impregilo' 'SAP'
 'MOOD HOTELS']"
8328;['Accenture' 'Roche' 'Aeroporti di Roma' 'Bosch' 'EY'];"['MSD Italia' 'Angelini' 'Bristol-Myers Squibb' 'Chiesi Group'
 'Open Fiber']"
8330;['EY'];"['Ferrovie dello Stato Italiane' 'Open Fiber' 'Salini Impregilo'
 'MOOD HOTELS' 'SAP']"
8332;['EY' 'Whirlpool'];['Deloitte' 'Kpmg' 'Accenture' 'PwC' 'Capgemini']
8334;['EY' 'Whirlpool'];"['Ferrovie dello Stato Italiane' 'Salini Impregilo' 'Snam' 'Siram'
 'Open Fiber']"
8336;['Unilever' 'EY' 'Roche'];['Snam' 'Salini Impregilo' 'Siram' 'Ferrovie dello Stato Italiane' 'SAP']
8337;['Employerland' 'RAI'];['Siemens' 'Cellularline' 'FRONERI' 'Lego-Percassi' 'Capgemini']
8339;['Employerland'];"[""Victoria's secret - Percassi "" 'Roche UK' 'Gi Group' 'Lego-Percassi'
 'EVERIS']"
8340;['RAI' 'EY'];['Eurobet Italia' 'PwC' 'Cellularline' 'Lottomatica' 'Siemens']
8344;['Leroy Merlin' 'EY' 'RAI' 'Unilever' 'Roche' 'Calzedonia' 'Whirlpool'];"[""Victoria's secret - Percassi "" 'Roche UK' 'EVERIS' 'Gi Group'
 'Antica Focacceria San Francesco']"
8347;['Leroy Merlin'];['Siemens' 'Cellularline' 'FRONERI' 'Lego-Percassi' 'Capgemini']
8350;['Tech Data' 'Aeroporti di Roma'];['Open Fiber' 'Wind Tre' 'Siram' 'FRONERI' 'EVERIS']
8353;['Employerland'];"['Open Fiber' 'Wind Tre' 'Lottomatica' 'Ferrovie dello Stato Italiane'
 'FRONERI']"
8354;['Unilever' 'Microsoft' 'Bosch' 'Leroy Merlin'];['Siemens' 'Cellularline' 'FRONERI' 'AST - ThyssenKrupp' 'Capgemini']
8362;['EY' 'Employerland' 'Unilever'];['Università Europea di Roma' 'PwC' 'Deloitte' 'Kpmg' 'Tech Data']
8364;['Employerland'];"['Ferrovie dello Stato Italiane' 'Open Fiber' 'SMOOTH HOTELS'
 'MOOD HOTELS' 'Salini Impregilo']"
8365;['Whirlpool' 'EY'];"[""Victoria's secret - Percassi "" 'Roche UK' 'SMOOTH HOTELS' 'Gi Group'
 'EVERIS']"
8368;"['Unilever' 'Microsoft' 'Leroy Merlin' 'Whirlpool' 'RAI' 'Roche' 'EY'
 'Tech Data']";['Lidl Italia' 'Goldenpoint' 'Decathlon' 'FRONERI' 'Rinascente']
8371;['EY'];['Deloitte' 'Capgemini' 'EVERIS' 'Kpmg' 'Cellularline']
8373;['Roche'];"[""Victoria's secret - Percassi "" 'Roche UK' 'EVERIS' 'Gi Group'
 'Antica Focacceria San Francesco']"
8374;['Roche'];"['Ferrovie dello Stato Italiane' 'Salini Impregilo' 'Lottomatica'
 'Open Fiber' 'Wind Tre']"
8376;['Microsoft' 'Whirlpool'];['Siemens' 'Cellularline' 'FRONERI' 'Lego-Percassi' 'Capgemini']
8379;['EY' 'RAI' 'Whirlpool' 'Tech Data'];['MSD Italia' 'Angelini' 'Bristol-Myers Squibb' 'Open Fiber' 'Roche']
8380;['RAI'];"['Ferrovie dello Stato Italiane' 'Wind Tre' 'Open Fiber' 'Lottomatica'
 'Pirelli']"
8381;"['Leroy Merlin' 'Tech Data' 'Roche' 'Employerland' 'Microsoft' 'Bosch'
 'Whirlpool']";"[""Victoria's secret - Percassi "" 'Roche UK' 'EVERIS' 'Gi Group'
 'Antica Focacceria San Francesco']"
8383;['Whirlpool' 'Roche' 'Tech Data'];['Siram' 'Snam' 'AST - ThyssenKrupp' 'Open Fiber' 'Salini Impregilo']
8385;['Employerland'];"['Ferrovie dello Stato Italiane' 'Salini Impregilo' 'Pirelli' 'Siemens'
 'Wind Tre']"
8386;['Whirlpool' 'RAI' 'Microsoft'];"['Wind Tre' 'Open Fiber' 'Ferrovie dello Stato Italiane' 'Lottomatica'
 'Pirelli']"
8390;['Employerland' 'Leroy Merlin' 'Tech Data' 'Whirlpool' 'Roche'];"['Salini Impregilo' 'Snam' 'Siram' 'Ferrovie dello Stato Italiane'
 'AST - ThyssenKrupp']"
8394;['EY' 'Roche' 'Whirlpool'];['Cellularline' 'EVERIS' 'Siemens' 'Lidl Italia' 'Eurobet Italia']
8398;['EY'];"[""Victoria's secret - Percassi "" 'Roche UK' 'Gi Group' 'SMOOTH HOTELS'
 'EVERIS']"
8404;['EY' 'Aeroporti di Roma' 'Università Europea di Roma'];"['Ferrovie dello Stato Italiane' 'Salini Impregilo' 'Lottomatica'
 'Open Fiber' 'Pirelli']"
8406;['Roche' 'Tech Data' 'RAI'];"['Ferrovie dello Stato Italiane' 'Open Fiber' 'Salini Impregilo'
 'MOOD HOTELS' 'SAP']"
8408;['Microsoft' 'RAI'];['Goldenpoint' 'Wind Tre' 'Open Fiber' 'Siemens' 'YOOX NET-A-PORTER GROUP']
8409;['Roche' 'EY' 'Whirlpool' 'Tech Data' 'Microsoft'];"['Cellularline' 'EVERIS' 'Siemens' 'Eurobet Italia'
 ""Victoria's secret - Percassi ""]"
8410;['EY' 'Roche'];"['Ferrovie dello Stato Italiane' 'Salini Impregilo' 'Open Fiber'
 'Lottomatica' 'Pirelli']"
8412;['RAI' 'Leroy Merlin' 'Whirlpool' 'Aeroporti di Roma'];"['Ferrovie dello Stato Italiane' 'Salini Impregilo' 'Snam' 'Wind Tre'
 'Open Fiber']"
8413;['EY' 'Unilever'];['EVERIS' 'Cellularline' 'Deloitte' 'Siram' 'Kpmg']
8414;['Employerland'];['Würth Srl ' 'Lidl Italia' 'AST - ThyssenKrupp' 'UniCredit' 'Rinascente']
8417;"['Wind Tre' 'EY' 'Tech Data' 'Whirlpool' 'Microsoft' 'Accenture'
 'Leroy Merlin' 'Aeroporti di Roma' 'Bosch' 'Roche' 'Unilever'
 'Employerland' 'Datalogic']";['Siram' 'Open Fiber' 'EVERIS' 'Kpmg' 'AST - ThyssenKrupp']
8420;['EY' 'Whirlpool'];['Open Fiber' 'EVERIS' 'Cellularline' 'Wind Tre' 'Eurobet Italia']
8421;"['Unilever' 'Datalogic' 'Tech Data' 'RAI' 'Employerland' 'Microsoft'
 'Roche' 'Leroy Merlin' 'EY' 'Whirlpool' 'Aeroporti di Roma']";"['Angelini' 'Bristol-Myers Squibb' 'MSD Italia'
 ""Victoria's secret - Percassi "" 'Roche UK']"
8422;['Employerland'];"['Cellularline' 'EVERIS' 'Siemens' ""Victoria's secret - Percassi ""
 'SMOOTH HOTELS']"
8423;['Microsoft' 'EY' 'RAI'];"['Ferrovie dello Stato Italiane' 'Salini Impregilo' 'Open Fiber'
 'Decathlon' 'UniCredit']"
8424;['Microsoft'];"['Ferrovie dello Stato Italiane' 'Open Fiber' 'Salini Impregilo' 'Pirelli'
 'SAP']"
8428;['Employerland' 'EY'];"['Salini Impregilo' 'Ferrovie dello Stato Italiane' 'Siram' 'Snam'
 'Open Fiber']"
8430;['EY' 'Leroy Merlin' 'RAI'];['Open Fiber' 'Wind Tre' 'Siram' 'FRONERI' 'Ferrovie dello Stato Italiane']
8431;['Whirlpool' 'EY' 'Unilever' 'Aeroporti di Roma' 'Roche' 'Tech Data' 'RAI'];"['EVERIS' ""Victoria's secret - Percassi "" 'Roche UK' 'Cellularline'
 'Eurobet Italia']"
8432;['Employerland'];"['Open Fiber' 'Wind Tre' 'Lottomatica' 'Ferrovie dello Stato Italiane'
 'FRONERI']"
8433;['Tech Data' 'Whirlpool' 'Aeroporti di Roma' 'EY' 'Roche' 'RAI'];['Siemens' 'Cellularline' 'FRONERI' 'Pirelli' 'AST - ThyssenKrupp']
8434;['RAI' 'EY' 'Tech Data'];['MSD Italia' 'Angelini' 'Bristol-Myers Squibb' 'Chiesi Group' 'Roche']
8435;['Employerland'];['EVERIS' 'Cellularline' 'Open Fiber' 'Eurobet Italia' 'FRONERI']
8436;['RAI' 'Employerland' 'Roche' 'Aeroporti di Roma'];['Open Fiber' 'Siram' 'Wind Tre' 'FRONERI' 'Ferrovie dello Stato Italiane']
8437;['Employerland'];"['Lottomatica' 'Wind Tre' 'Ferrovie dello Stato Italiane' 'Decathlon'
 'Findus']"
8439;['EY' 'Aeroporti di Roma' 'Employerland' 'Roche' 'Whirlpool' 'Tech Data'];['Siram' 'Snam' 'Salini Impregilo' 'AST - ThyssenKrupp' 'Open Fiber']
8444;['EY'];"['Wind Tre' 'Open Fiber' 'Lottomatica' 'Ferrovie dello Stato Italiane'
 'FRONERI']"
8445;['EY' 'Employerland' 'Roche' 'RAI'];['Snam' 'Siram' 'Salini Impregilo' 'SAP' 'MOOD HOTELS']
8447;['EY' 'Whirlpool'];['Eurobet Italia' 'Cellularline' 'PwC' 'Siemens' 'Employerland']
8448;['EY'];['Würth Srl ' 'AST - ThyssenKrupp' 'Luxottica' 'UniCredit' 'Lidl Italia']
8449;['Employerland' 'Microsoft'];"['Ferrovie dello Stato Italiane' 'Salini Impregilo' 'Snam' 'Siram'
 'Open Fiber']"
8452;['Employerland'];['AST - ThyssenKrupp' 'Siram' 'Capgemini' 'Würth Srl ' 'Siemens']
8453;['EY' 'Leroy Merlin' 'Aeroporti di Roma' 'Microsoft'];['Eurobet Italia' 'Cellularline' 'PwC' 'Siemens' 'Open Fiber']
8455;['Employerland'];['Angelini' 'MSD Italia' 'Bristol-Myers Squibb' 'Chiesi Group' 'Roche']
8456;['Bosch' 'Calzedonia' 'EY'];"['Würth Srl ' 'Luxottica' 'AST - ThyssenKrupp' 'Johnson & Johnson'
 'UniCredit']"
8457;['Aeroporti di Roma' 'EY' 'Employerland' 'Roche'];"['Ferrovie dello Stato Italiane' 'Salini Impregilo' 'Lottomatica'
 'Open Fiber' 'Wind Tre']"
8459;"['EY' 'Unilever' 'Microsoft' 'Leroy Merlin' 'RAI' 'Aeroporti di Roma'
 'Employerland' 'Whirlpool' 'Roche']";['Cellularline' 'EVERIS' 'Siemens' 'Würth Srl ' 'Goldenpoint']
8462;['Microsoft'];"['Nike-Percassi' 'Lego-Percassi' 'UNICOOP FIRENZE' 'Starbucks-Percassi'
 'Gi Group']"
8470;['Employerland'];"['Wind Tre' 'Open Fiber' 'Ferrovie dello Stato Italiane' 'Lottomatica'
 'Pirelli']"
8471;['Roche'];"[""Victoria's secret - Percassi "" 'Roche UK' 'EVERIS' 'Gi Group'
 'Antica Focacceria San Francesco']"
8476;['EY' 'Roche'];['Open Fiber' 'FRONERI' 'Siram' 'Wind Tre' 'EVERIS']
8478;['Employerland'];['Angelini' 'MSD Italia' 'Bristol-Myers Squibb' 'Chiesi Group' 'Roche']
8480;"['Microsoft' 'Roche' 'Leroy Merlin' 'Aeroporti di Roma' 'EY' 'RAI'
 'Unilever' 'Employerland' 'Tech Data' 'Whirlpool']";['Würth Srl ' 'UniCredit' 'AST - ThyssenKrupp' 'Lidl Italia' 'Deloitte']
8481;['Datalogic' 'Employerland'];"['Nike-Percassi' 'Starbucks-Percassi' 'UNICOOP FIRENZE' 'Lego-Percassi'
 'Gi Group']"
8482;"['Microsoft' 'Leroy Merlin' 'Tech Data' 'Aeroporti di Roma' 'Employerland'
 'EY']";"['Nike-Percassi' 'Lego-Percassi' 'UNICOOP FIRENZE' 'Starbucks-Percassi'
 'Gi Group']"
8483;"['EY' 'Leroy Merlin' 'Whirlpool' 'Microsoft' 'Bosch' 'Employerland'
 'Tech Data']";"['Salini Impregilo' 'Siram' 'Snam' 'MOOD HOTELS'
 ""Victoria's secret - Percassi ""]"
8485;['EY' 'Università Europea di Roma' 'Bosch'];['MSD Italia' 'Angelini' 'Bristol-Myers Squibb' 'Roche' 'Chiesi Group']
8486;"['EY' 'Aeroporti di Roma' 'Unilever' 'Microsoft' 'Roche' 'Leroy Merlin'
 'Whirlpool' 'Tech Data' 'RAI']";"['Salini Impregilo' 'Ferrovie dello Stato Italiane' 'Snam' 'Siram'
 'Pirelli']"
8488;['Employerland' 'Aeroporti di Roma'];"['Ferrovie dello Stato Italiane' 'Salini Impregilo' 'Snam' 'Pirelli'
 'Lottomatica']"
8489;['Unilever'];"['Open Fiber' ""Victoria's secret - Percassi "" 'SMOOTH HOTELS' 'Roche UK'
 'Gi Group']"
8490;['EY'];"['Open Fiber' ""Victoria's secret - Percassi "" 'SMOOTH HOTELS' 'Roche UK'
 'Gi Group']"
8491;['Employerland'];"['Ferrovie dello Stato Italiane' 'Salini Impregilo' 'Snam' 'Pirelli'
 'Siram']"
8494;['EY' 'Employerland'];"[""Victoria's secret - Percassi "" 'Roche UK' 'Gi Group' 'Dmail-Percassi'
 'Antica Focacceria San Francesco']"
8501;['Leroy Merlin' 'RAI'];['Siemens' 'Salini Impregilo' 'Snam' 'AST - ThyssenKrupp' 'Siram']
8503;['Roche' 'Tech Data'];['Open Fiber' 'FRONERI' 'Siram' 'EVERIS' 'Roche UK']
8507;['EY' 'RAI'];"['Salini Impregilo' 'Snam' 'Siram' 'Ferrovie dello Stato Italiane'
 'AST - ThyssenKrupp']"
8508;['EY' 'Whirlpool' 'Accenture' 'Deloitte' 'Kpmg' 'PwC' 'Roche'];['MSD Italia' 'Angelini' 'Bristol-Myers Squibb' 'UniCredit' 'Open Fiber']
8509;['EY' 'Tech Data' 'Leroy Merlin' 'Microsoft' 'Whirlpool'];['EVERIS' 'Cellularline' 'Siram' 'Eurobet Italia' 'Deloitte']
8510;['Roche' 'Datalogic' 'Tech Data'];['Snam' 'Siram' 'Salini Impregilo' 'Ferrovie dello Stato Italiane' 'SAP']
8511;['Whirlpool' 'Aeroporti di Roma'];"['Open Fiber' ""Victoria's secret - Percassi "" 'SMOOTH HOTELS' 'Roche UK'
 'Gi Group']"
8512;['EY'];"['Ferrovie dello Stato Italiane' 'Salini Impregilo' 'Lottomatica'
 'Open Fiber' 'Pirelli']"
8514;"['Unilever' 'Employerland' 'Microsoft' 'Roche' 'Leroy Merlin' 'EY'
 'Datalogic' 'Whirlpool' 'Tech Data' 'RAI' 'Aeroporti di Roma']";"['Nike-Percassi' 'Lego-Percassi' 'UNICOOP FIRENZE' 'Starbucks-Percassi'
 'Gi Group']"
8515;['EY' 'Employerland'];"['Salini Impregilo' 'Snam' 'Siram' 'Ferrovie dello Stato Italiane'
 'AST - ThyssenKrupp']"
8520;['EY' 'Aeroporti di Roma' 'Microsoft' 'RAI'];"['Cellularline' 'EVERIS' 'Siemens' 'Deloitte'
 ""Victoria's secret - Percassi ""]"
8522;['Employerland'];"['Lidl Italia' 'FRONERI' 'Lego-Percassi' 'Nike-Percassi'
 'Antica Focacceria San Francesco']"
8524;"['EY' 'Tech Data' 'Aeroporti di Roma' 'Microsoft' 'Employerland'
 'Whirlpool']";"['Nike-Percassi' 'Lego-Percassi' 'UNICOOP FIRENZE' 'Starbucks-Percassi'
 'Gi Group']"
8525;['Whirlpool' 'RAI' 'Aeroporti di Roma'];['QiBit' 'SAP' 'INDRA' 'NTT DATA Italia' 'Rinascente']
8526;['EY' 'Employerland' 'Tech Data' 'Bosch' 'Whirlpool'];['Siemens' 'Cellularline' 'FRONERI' 'Lego-Percassi' 'Capgemini']
8527;['Whirlpool' 'Roche' 'Tech Data' 'Aeroporti di Roma'];"[""Victoria's secret - Percassi "" 'Roche UK' 'Gi Group' 'SMOOTH HOTELS'
 'EVERIS']"
8530;['EY'];"['Nike-Percassi' 'Lego-Percassi' 'UNICOOP FIRENZE' 'Gi Group'
 'Starbucks-Percassi']"
8531;['EY' 'Employerland'];['Siemens' 'Cellularline' 'FRONERI' 'Pirelli' 'AST - ThyssenKrupp']
8532;['EY' 'Microsoft' 'Employerland'];"['Nike-Percassi' 'Lego-Percassi' 'UNICOOP FIRENZE' 'Starbucks-Percassi'
 'Gi Group']"
8534;['EY' 'RAI' 'Aeroporti di Roma'];"['Nike-Percassi' 'Lego-Percassi' 'UNICOOP FIRENZE' 'Starbucks-Percassi'
 'Gi Group']"
8535;"['EY' 'Bosch' 'Carrefour Italia' 'Unilever' 'Roche' 'Whirlpool'
 'Aeroporti di Roma' 'Lidl Italia' 'RAI' 'Calzedonia' 'Employerland'
 'Tech Data' 'PwC' 'Amplifon' 'Vente-Privee - Privalia']";"[""Victoria's secret - Percassi "" 'Starbucks-Percassi' 'Dmail-Percassi'
 'UNICOOP FIRENZE' 'Nike-Percassi']"
8538;['EY'];"['Starbucks-Percassi' ""Victoria's secret - Percassi "" 'Dmail-Percassi'
 'UNICOOP FIRENZE' 'Nike-Percassi']"
8539;['EY' 'Aeroporti di Roma' 'Roche' 'Whirlpool'];"['Goldenpoint' 'Calzedonia' 'YOOX NET-A-PORTER GROUP'
 ""Victoria's secret - Percassi "" 'Cerved']"
8540;['EY'];"['Bricoman Italia' ""Victoria's secret - Percassi "" 'FRONERI'
 'Lego-Percassi' 'Roche UK']"
8541;['EY' 'Tech Data' 'Employerland'];"['Starbucks-Percassi' 'Dmail-Percassi' 'UNICOOP FIRENZE'
 ""Victoria's secret - Percassi "" 'Nike-Percassi']"
8542;['EY'];"['Nike-Percassi' 'Lego-Percassi' 'UNICOOP FIRENZE' 'Gi Group'
 'Starbucks-Percassi']"
8544;['EY'];"['Nike-Percassi' 'UNICOOP FIRENZE' 'Lego-Percassi' 'Starbucks-Percassi'
 'Gi Group']"
8545;['EY'];"['Nike-Percassi' 'Lego-Percassi' 'UNICOOP FIRENZE' 'Starbucks-Percassi'
 'Gi Group']"
8547;['EY'];"[""Victoria's secret - Percassi "" 'Starbucks-Percassi' 'Dmail-Percassi'
 'UNICOOP FIRENZE' 'Nike-Percassi']"
8550;"['EY' 'Calzedonia' 'Leroy Merlin' 'Aeroporti di Roma' 'RAI' 'Mars Italia'
 'Whirlpool' 'Luxottica' 'Unilever']";"['Nike-Percassi' 'Lego-Percassi' 'UNICOOP FIRENZE' 'Gi Group'
 'Starbucks-Percassi']"
8552;['Microsoft' 'EY' 'Tech Data'];"['Nike-Percassi' 'Starbucks-Percassi' 'UNICOOP FIRENZE' 'Lego-Percassi'
 'Dmail-Percassi']"
8553;['Tech Data' 'EY' 'Employerland'];"['Nike-Percassi' 'Lego-Percassi' 'UNICOOP FIRENZE' 'Starbucks-Percassi'
 'Gi Group']"
8555;['Employerland' 'Roche' 'EY'];"['Nike-Percassi' 'Lego-Percassi' 'UNICOOP FIRENZE' 'Gi Group'
 'Starbucks-Percassi']"
8556;['EY'];"[""Victoria's secret - Percassi "" 'Roche UK' 'Gi Group' 'Lego-Percassi'
 'EVERIS']"
8557;['EY' 'Microsoft'];['Eurobet Italia' 'PwC' 'Employerland' 'Cellularline' 'Siemens']
8558;['EY' 'Tech Data'];"['Nike-Percassi' 'Lego-Percassi' 'UNICOOP FIRENZE' 'Starbucks-Percassi'
 'Gi Group']"
8560;['EY'];"['Nike-Percassi' 'Lego-Percassi' 'UNICOOP FIRENZE' 'Starbucks-Percassi'
 'Gi Group']"
8561;['EY'];"['Starbucks-Percassi' ""Victoria's secret - Percassi "" 'Dmail-Percassi'
 'UNICOOP FIRENZE' 'Nike-Percassi']"
8562;['Tech Data' 'Microsoft' 'RAI' 'Employerland' 'Datalogic'];"['Starbucks-Percassi' 'Nike-Percassi' 'UNICOOP FIRENZE' 'Lego-Percassi'
 'Dmail-Percassi']"
8563;['EY' 'Tech Data' 'Aeroporti di Roma'];"['Starbucks-Percassi' 'UNICOOP FIRENZE' 'Nike-Percassi' 'Dmail-Percassi'
 'Lego-Percassi']"
8564;['EY'];"[""Victoria's secret - Percassi "" 'Dmail-Percassi' 'Starbucks-Percassi'
 'Goldenpoint' 'Lottomatica']"
8565;"['EY' 'Aeroporti di Roma' 'Microsoft' 'Tech Data' 'Employerland' 'Roche'
 'Datalogic' 'Whirlpool']";"['Starbucks-Percassi' 'UNICOOP FIRENZE' 'Nike-Percassi' 'Dmail-Percassi'
 'Lego-Percassi']"
8566;['EY' 'Aeroporti di Roma'];"['Nike-Percassi' 'Lego-Percassi' 'UNICOOP FIRENZE' 'Starbucks-Percassi'
 'Gi Group']"
8567;['Employerland'];"['Nike-Percassi' 'Lego-Percassi' 'UNICOOP FIRENZE' 'Starbucks-Percassi'
 'Gi Group']"
8568;['EY'];"['Nike-Percassi' 'Lego-Percassi' 'UNICOOP FIRENZE' 'Starbucks-Percassi'
 'Gi Group']"
8569;['Roche' 'Microsoft' 'EY' 'Whirlpool' 'Employerland' 'RAI'];['Eurobet Italia' 'EVERIS' 'Cellularline' 'Siemens' 'Roche UK']
8571;['EY'];"['Nike-Percassi' 'Lego-Percassi' 'UNICOOP FIRENZE' 'Starbucks-Percassi'
 'Gi Group']"
8573;"['EY' 'Roche' 'Leroy Merlin' 'Whirlpool' 'Tech Data' 'RAI'
 'Aeroporti di Roma']";"['Nike-Percassi' 'Lego-Percassi' 'UNICOOP FIRENZE' 'Starbucks-Percassi'
 'Gi Group']"
8574;['EY'];"['Nike-Percassi' 'Lego-Percassi' 'UNICOOP FIRENZE' 'Starbucks-Percassi'
 'Gi Group']"
8575;['EY' 'Tech Data' 'Microsoft' 'Whirlpool' 'Leroy Merlin' 'RAI'];"['Nike-Percassi' 'Lego-Percassi' 'UNICOOP FIRENZE' 'Starbucks-Percassi'
 'Gi Group']"
